-- база/юзер задаются в docker-compose env, тут только таблицы

USE storage-importer-db;

-- MySQL dump 10.13  Distrib 9.6.0, for macos15.7 (arm64)
--
-- Host: 127.0.0.1    Database: flixcdn
-- ------------------------------------------------------
-- Server version	8.0.43

--
-- Table structure for table `actor_video`
--

SET FOREIGN_KEY_CHECKS = 0;

DROP TABLE IF EXISTS `actor_video`;
/*!40101 SET @saved_cs_client     = @@character_set_client */;
/*!50503 SET character_set_client = utf8mb4 */;
CREATE TABLE `actor_video` (
  `id` bigint unsigned NOT NULL AUTO_INCREMENT,
  `video_id` int unsigned NOT NULL,
  `actor_id` int unsigned NOT NULL,
  `character_name` text COLLATE utf8mb4_unicode_ci,
  PRIMARY KEY (`id`),
  UNIQUE KEY `actor_video_video_id_actor_id_unique` (`video_id`,`actor_id`),
  KEY `actor_video_actor_id_foreign` (`actor_id`),
  CONSTRAINT `actor_video_actor_id_foreign` FOREIGN KEY (`actor_id`) REFERENCES `actors` (`id`) ON DELETE CASCADE,
  CONSTRAINT `actor_video_video_id_foreign` FOREIGN KEY (`video_id`) REFERENCES `videos` (`id`) ON DELETE CASCADE
) ENGINE=InnoDB AUTO_INCREMENT=1005 DEFAULT CHARSET=utf8mb4 COLLATE=utf8mb4_unicode_ci;
/*!40101 SET character_set_client = @saved_cs_client */;

--
-- Dumping data for table `actor_video`
--

LOCK TABLES `actor_video` WRITE;
/*!40000 ALTER TABLE `actor_video` DISABLE KEYS */;
INSERT INTO `actor_video` VALUES (1,1,1,NULL),(2,2,2,NULL),(3,2,3,NULL),(4,2,4,NULL),(5,2,5,NULL),(6,2,6,NULL),(7,2,7,NULL),(8,3,8,NULL),(9,3,9,NULL),(10,3,10,NULL),(11,3,11,NULL),(12,3,12,NULL),(13,3,13,NULL),(14,4,14,NULL),(15,4,15,NULL),(16,4,16,NULL),(17,4,17,NULL),(18,4,18,NULL),(19,4,19,NULL),(20,4,20,NULL),(21,4,21,NULL),(22,4,22,NULL),(23,4,23,NULL),(24,5,24,NULL),(25,5,25,NULL),(26,5,26,NULL),(27,5,27,NULL),(28,5,28,NULL),(29,5,29,NULL),(30,6,30,NULL),(31,6,31,NULL),(32,6,32,NULL),(33,6,33,NULL),(34,6,34,NULL),(35,6,35,NULL),(36,7,36,NULL),(37,7,37,NULL),(38,7,38,NULL),(39,7,39,NULL),(40,7,40,NULL),(41,7,41,NULL),(42,7,42,NULL),(43,8,43,NULL),(44,8,44,NULL),(45,8,45,NULL),(46,8,46,NULL),(47,8,47,NULL),(48,8,48,NULL),(49,9,49,NULL),(50,9,50,NULL),(51,9,51,NULL),(52,9,52,NULL),(53,9,53,NULL),(54,9,54,NULL),(55,10,49,NULL),(56,10,50,NULL),(57,10,55,NULL),(58,10,56,NULL),(59,10,57,NULL),(60,10,53,NULL),(61,11,58,NULL),(62,11,59,NULL),(63,11,60,NULL),(64,11,61,NULL),(65,11,62,NULL),(66,11,63,NULL),(67,11,64,NULL),(68,12,65,NULL),(69,12,66,NULL),(70,12,67,NULL),(71,12,68,NULL),(72,12,69,NULL),(73,12,70,NULL),(74,12,71,NULL),(75,12,72,NULL),(76,12,73,NULL),(77,13,74,NULL),(78,13,75,NULL),(79,13,76,NULL),(80,13,77,NULL),(81,13,78,NULL),(82,13,79,NULL),(83,13,80,NULL),(84,14,81,NULL),(85,14,82,NULL),(86,14,83,NULL),(87,14,84,NULL),(88,14,85,NULL),(89,14,86,NULL),(90,14,87,NULL),(91,14,88,NULL),(92,14,89,NULL),(93,15,90,NULL),(94,15,91,NULL),(95,15,92,NULL),(96,15,93,NULL),(97,15,94,NULL),(98,15,95,NULL),(99,16,96,NULL),(100,16,97,NULL),(101,16,98,NULL),(102,16,99,NULL),(103,16,100,NULL),(104,16,101,NULL),(105,17,102,NULL),(106,17,103,NULL),(107,17,104,NULL),(108,17,105,NULL),(109,17,106,NULL),(110,17,107,NULL),(111,18,108,NULL),(112,18,109,NULL),(113,18,110,NULL),(114,18,111,NULL),(115,18,112,NULL),(116,18,113,NULL),(117,19,114,NULL),(118,19,115,NULL),(119,19,116,NULL),(120,20,117,NULL),(121,20,118,NULL),(122,20,119,NULL),(123,20,120,NULL),(124,20,121,NULL),(125,20,122,NULL),(126,20,123,NULL),(127,20,124,NULL),(128,21,125,NULL),(129,21,126,NULL),(130,21,127,NULL),(131,21,128,NULL),(132,21,129,NULL),(133,21,130,NULL),(134,22,131,NULL),(135,22,132,NULL),(136,22,133,NULL),(137,22,134,NULL),(138,22,135,NULL),(139,22,136,NULL),(140,23,137,NULL),(141,23,138,NULL),(142,23,139,NULL),(143,23,140,NULL),(144,23,141,NULL),(145,23,142,NULL),(146,23,143,NULL),(147,24,144,NULL),(148,24,145,NULL),(149,24,146,NULL),(150,24,147,NULL),(151,24,148,NULL),(152,24,149,NULL),(153,25,150,NULL),(154,25,151,NULL),(155,25,152,NULL),(156,25,153,NULL),(157,25,154,NULL),(158,25,155,NULL),(159,26,156,NULL),(160,26,157,NULL),(161,26,158,NULL),(162,26,159,NULL),(163,26,160,NULL),(164,26,161,NULL),(165,27,162,NULL),(166,27,163,NULL),(167,27,164,NULL),(168,27,165,NULL),(169,27,166,NULL),(170,27,167,NULL),(171,28,168,NULL),(172,28,169,NULL),(173,28,170,NULL),(174,28,171,NULL),(175,28,172,NULL),(176,28,173,NULL),(177,29,174,NULL),(178,29,175,NULL),(179,29,176,NULL),(180,29,177,NULL),(181,29,178,NULL),(182,29,179,NULL),(183,30,180,NULL),(184,30,181,NULL),(185,30,182,NULL),(186,30,183,NULL),(187,30,184,NULL),(188,30,185,NULL),(189,31,186,NULL),(190,31,187,NULL),(191,31,188,NULL),(192,31,189,NULL),(193,31,190,NULL),(194,31,191,NULL),(195,32,192,NULL),(196,32,193,NULL),(197,32,194,NULL),(198,32,195,NULL),(199,32,196,NULL),(200,32,197,NULL),(201,33,198,NULL),(202,33,199,NULL),(203,33,200,NULL),(204,33,201,NULL),(205,33,202,NULL),(206,33,203,NULL),(207,34,204,NULL),(208,34,205,NULL),(209,34,206,NULL),(210,34,207,NULL),(211,34,208,NULL),(212,34,209,NULL),(213,35,210,NULL),(214,35,211,NULL),(215,35,212,NULL),(216,35,213,NULL),(217,35,214,NULL),(218,35,215,NULL),(219,36,216,NULL),(220,36,217,NULL),(221,36,218,NULL),(222,36,219,NULL),(223,36,220,NULL),(224,36,221,NULL),(225,37,222,NULL),(226,37,223,NULL),(227,37,224,NULL),(228,37,225,NULL),(229,37,226,NULL),(230,37,227,NULL),(231,38,228,NULL),(232,38,229,NULL),(233,38,230,NULL),(234,38,231,NULL),(235,38,232,NULL),(236,38,233,NULL),(237,39,234,NULL),(238,39,235,NULL),(239,39,236,NULL),(240,39,237,NULL),(241,39,238,NULL),(242,39,239,NULL),(243,40,240,NULL),(244,41,241,NULL),(245,41,242,NULL),(246,41,243,NULL),(247,41,244,NULL),(248,41,245,NULL),(249,41,246,NULL),(250,42,247,NULL),(251,42,248,NULL),(252,42,249,NULL),(253,42,250,NULL),(254,42,251,NULL),(255,42,252,NULL),(256,43,253,NULL),(257,43,254,NULL),(258,43,255,NULL),(259,43,256,NULL),(260,43,257,NULL),(261,43,258,NULL),(262,44,259,NULL),(263,44,260,NULL),(264,44,250,NULL),(265,44,261,NULL),(266,44,262,NULL),(267,44,263,NULL),(268,44,264,NULL),(269,44,265,NULL),(270,44,266,NULL),(271,45,166,NULL),(272,45,267,NULL),(273,45,268,NULL),(274,45,269,NULL),(275,45,270,NULL),(276,45,271,NULL),(277,46,272,NULL),(278,46,273,NULL),(279,46,274,NULL),(280,46,275,NULL),(281,46,276,NULL),(282,46,277,NULL),(283,47,278,NULL),(284,47,279,NULL),(285,47,280,NULL),(286,47,281,NULL),(287,47,282,NULL),(288,47,283,NULL),(289,48,284,NULL),(290,48,285,NULL),(291,48,286,NULL),(292,48,65,NULL),(293,48,271,NULL),(294,48,287,NULL),(295,49,288,NULL),(296,49,289,NULL),(297,49,290,NULL),(298,49,291,NULL),(299,49,292,NULL),(300,49,293,NULL),(301,50,294,NULL),(302,50,295,NULL),(303,50,296,NULL),(304,50,297,NULL),(305,50,298,NULL),(306,50,299,NULL),(307,51,300,NULL),(308,51,301,NULL),(309,51,302,NULL),(310,51,303,NULL),(311,51,304,NULL),(312,52,305,NULL),(313,52,306,NULL),(314,52,307,NULL),(315,52,308,NULL),(316,52,309,NULL),(317,52,310,NULL),(318,53,311,NULL),(319,53,312,NULL),(320,53,313,NULL),(321,53,314,NULL),(322,53,315,NULL),(323,53,316,NULL),(324,54,317,NULL),(325,54,318,NULL),(326,54,319,NULL),(327,54,320,NULL),(328,54,321,NULL),(329,54,322,NULL),(330,54,323,NULL),(331,54,260,NULL),(332,54,324,NULL),(333,55,325,NULL),(334,55,326,NULL),(335,55,327,NULL),(336,55,328,NULL),(337,55,329,NULL),(338,55,330,NULL),(339,55,331,NULL),(340,56,332,NULL),(341,56,333,NULL),(342,56,334,NULL),(343,56,335,NULL),(344,56,336,NULL),(345,56,337,NULL),(346,57,338,NULL),(347,57,339,NULL),(348,57,340,NULL),(349,57,341,NULL),(350,57,342,NULL),(351,57,343,NULL),(352,58,344,NULL),(353,58,345,NULL),(354,58,346,NULL),(355,58,347,NULL),(356,58,348,NULL),(357,58,349,NULL),(358,59,350,NULL),(359,59,351,NULL),(360,59,352,NULL),(361,59,353,NULL),(362,59,354,NULL),(363,59,355,NULL),(364,59,356,NULL),(365,60,357,NULL),(366,60,358,NULL),(367,60,359,NULL),(368,60,267,NULL),(369,60,270,NULL),(370,60,360,NULL),(371,60,361,NULL),(372,60,362,NULL),(373,60,363,NULL),(374,60,364,NULL),(375,60,365,NULL),(376,60,366,NULL),(377,61,367,NULL),(378,61,368,NULL),(379,61,369,NULL),(380,62,370,NULL),(381,62,371,NULL),(382,62,372,NULL),(383,62,373,NULL),(384,62,374,NULL),(385,62,375,NULL),(386,62,376,NULL),(387,62,270,NULL),(388,62,377,NULL),(389,62,378,NULL),(390,62,250,NULL),(391,62,379,NULL),(392,63,380,NULL),(393,63,381,NULL),(394,63,382,NULL),(395,63,383,NULL),(396,63,384,NULL),(397,63,385,NULL),(398,64,386,NULL),(399,64,387,NULL),(400,64,332,NULL),(401,64,378,NULL),(402,64,388,NULL),(403,64,389,NULL),(404,64,390,NULL),(405,64,391,NULL),(406,64,249,NULL),(407,64,392,NULL),(408,65,393,NULL),(409,65,394,NULL),(410,65,395,NULL),(411,65,396,NULL),(412,65,397,NULL),(413,65,398,NULL),(414,66,399,NULL),(415,66,400,NULL),(416,66,401,NULL),(417,66,402,NULL),(418,66,403,NULL),(419,66,404,NULL),(420,67,405,NULL),(421,67,406,NULL),(422,67,407,NULL),(423,68,408,NULL),(424,68,409,NULL),(425,68,410,NULL),(426,68,411,NULL),(427,68,412,NULL),(428,68,385,NULL),(429,68,413,NULL),(430,68,414,NULL),(431,68,415,NULL),(432,68,416,NULL),(433,69,417,NULL),(434,69,418,NULL),(435,69,419,NULL),(436,69,420,NULL),(437,69,421,NULL),(438,69,422,NULL),(439,70,423,NULL),(440,70,424,NULL),(441,70,425,NULL),(442,70,426,NULL),(443,70,427,NULL),(444,70,428,NULL),(445,70,429,NULL),(446,71,430,NULL),(447,71,431,NULL),(448,71,432,NULL),(449,71,433,NULL),(450,71,434,NULL),(451,71,435,NULL),(452,71,436,NULL),(453,71,437,NULL),(454,71,438,NULL),(455,71,439,NULL),(456,72,440,NULL),(457,72,441,NULL),(458,72,442,NULL),(459,72,443,NULL),(460,72,444,NULL),(461,72,445,NULL),(462,73,446,NULL),(463,73,319,NULL),(464,73,447,NULL),(465,73,448,NULL),(466,73,449,NULL),(467,73,450,NULL),(468,73,451,NULL),(469,73,452,NULL),(470,73,453,NULL),(471,74,454,NULL),(472,74,455,NULL),(473,74,456,NULL),(474,74,457,NULL),(475,74,458,NULL),(476,74,459,NULL),(477,75,282,NULL),(478,75,460,NULL),(479,75,461,NULL),(480,75,462,NULL),(481,75,463,NULL),(482,75,464,NULL),(483,75,465,NULL),(484,75,466,NULL),(485,76,282,NULL),(486,76,460,NULL),(487,76,461,NULL),(488,76,462,NULL),(489,76,463,NULL),(490,76,464,NULL),(491,77,282,NULL),(492,77,460,NULL),(493,77,461,NULL),(494,77,462,NULL),(495,77,463,NULL),(496,77,464,NULL),(497,77,465,NULL),(498,78,467,NULL),(499,78,468,NULL),(500,78,469,NULL),(501,79,470,NULL),(502,79,471,NULL),(503,79,472,NULL),(504,79,473,NULL),(505,79,474,NULL),(506,79,475,NULL),(507,80,476,NULL),(508,80,477,NULL),(509,80,478,NULL),(510,81,479,NULL),(511,81,480,NULL),(512,81,481,NULL),(513,81,482,NULL),(514,81,483,NULL),(515,81,484,NULL),(516,82,485,NULL),(517,82,486,NULL),(518,82,487,NULL),(519,82,488,NULL),(520,82,489,NULL),(521,82,490,NULL),(522,83,491,NULL),(523,83,492,NULL),(524,83,493,NULL),(525,83,494,NULL),(526,83,495,NULL),(527,83,496,NULL),(528,83,497,NULL),(529,83,498,NULL),(530,83,499,NULL),(531,84,500,NULL),(532,84,501,NULL),(533,84,502,NULL),(534,84,503,NULL),(535,84,504,NULL),(536,84,505,NULL),(537,85,506,NULL),(538,85,507,NULL),(539,85,508,NULL),(540,85,509,NULL),(541,85,510,NULL),(542,85,511,NULL),(543,85,512,NULL),(544,85,513,NULL),(545,85,514,NULL),(546,86,515,NULL),(547,86,516,NULL),(548,86,517,NULL),(549,86,518,NULL),(550,86,519,NULL),(551,86,520,NULL),(552,87,521,NULL),(553,87,522,NULL),(554,87,523,NULL),(555,87,524,NULL),(556,87,525,NULL),(557,87,526,NULL),(558,88,527,NULL),(559,88,528,NULL),(560,88,529,NULL),(561,88,530,NULL),(562,88,531,NULL),(563,88,532,NULL),(564,89,533,NULL),(565,89,534,NULL),(566,89,535,NULL),(567,89,536,NULL),(568,89,537,NULL),(569,89,538,NULL),(570,90,539,NULL),(571,90,540,NULL),(572,90,541,NULL),(573,90,542,NULL),(574,90,543,NULL),(575,90,544,NULL),(576,91,545,NULL),(577,91,546,NULL),(578,91,547,NULL),(579,91,548,NULL),(580,91,549,NULL),(581,91,550,NULL),(582,91,551,NULL),(583,91,552,NULL),(584,91,553,NULL),(585,92,554,NULL),(586,93,555,NULL),(587,93,556,NULL),(588,93,557,NULL),(589,93,558,NULL),(590,93,559,NULL),(591,93,560,NULL),(592,94,555,NULL),(593,94,556,NULL),(594,94,557,NULL),(595,94,558,NULL),(596,94,559,NULL),(597,94,560,NULL),(598,95,555,NULL),(599,95,556,NULL),(600,95,557,NULL),(601,95,558,NULL),(602,95,559,NULL),(603,95,560,NULL),(604,96,561,NULL),(605,96,562,NULL),(606,96,563,NULL),(607,96,564,NULL),(608,96,565,NULL),(609,96,566,NULL),(610,96,567,NULL),(611,96,568,NULL),(612,96,569,NULL),(613,97,491,NULL),(614,97,570,NULL),(615,97,571,NULL),(616,97,572,NULL),(617,97,573,NULL),(618,97,574,NULL),(619,97,575,NULL),(620,97,576,NULL),(621,97,577,NULL),(622,97,578,NULL),(623,98,579,NULL),(624,98,580,NULL),(625,98,581,NULL),(626,98,582,NULL),(627,98,583,NULL),(628,98,584,NULL),(629,99,585,NULL),(630,99,586,NULL),(631,99,587,NULL),(632,99,588,NULL),(633,99,589,NULL),(634,99,590,NULL),(635,100,591,NULL),(636,100,592,NULL),(637,100,593,NULL),(638,100,594,NULL),(639,100,595,NULL),(640,100,596,NULL),(641,101,597,NULL),(642,101,598,NULL),(643,101,599,NULL),(644,101,600,NULL),(645,101,601,NULL),(646,101,602,NULL),(647,102,603,NULL),(648,102,604,NULL),(649,102,605,NULL),(650,102,606,NULL),(651,102,607,NULL),(652,102,608,NULL),(653,102,609,NULL),(654,102,610,NULL),(655,102,611,NULL),(656,102,612,NULL),(657,103,613,NULL),(658,103,614,NULL),(659,103,615,NULL),(660,103,616,NULL),(661,103,617,NULL),(662,103,618,NULL),(663,103,619,NULL),(664,103,620,NULL),(665,103,621,NULL),(666,103,622,NULL),(667,104,623,NULL),(668,104,624,NULL),(669,104,625,NULL),(670,104,626,NULL),(671,104,627,NULL),(672,104,628,NULL),(673,105,436,NULL),(674,105,629,NULL),(675,105,630,NULL),(676,105,631,NULL),(677,105,632,NULL),(678,105,633,NULL),(679,106,634,NULL),(680,106,635,NULL),(681,106,636,NULL),(682,106,637,NULL),(683,106,638,NULL),(684,106,639,NULL),(685,106,640,NULL),(686,106,641,NULL),(687,107,642,NULL),(688,107,643,NULL),(689,107,644,NULL),(690,107,645,NULL),(691,107,646,NULL),(692,107,647,NULL),(693,108,648,NULL),(694,108,649,NULL),(695,108,650,NULL),(696,108,651,NULL),(697,108,652,NULL),(698,108,653,NULL),(699,109,654,NULL),(700,109,655,NULL),(701,109,656,NULL),(702,109,657,NULL),(703,109,658,NULL),(704,109,659,NULL),(705,110,660,NULL),(706,110,661,NULL),(707,110,662,NULL),(708,110,663,NULL),(709,110,664,NULL),(710,110,665,NULL),(711,111,666,NULL),(712,111,667,NULL),(713,111,668,NULL),(714,111,669,NULL),(715,111,670,NULL),(716,111,671,NULL),(717,112,672,NULL),(718,112,673,NULL),(719,112,674,NULL),(720,112,675,NULL),(721,112,676,NULL),(722,112,677,NULL),(723,113,613,NULL),(724,113,614,NULL),(725,113,615,NULL),(726,113,616,NULL),(727,113,617,NULL),(728,113,618,NULL),(729,113,619,NULL),(730,113,620,NULL),(731,113,621,NULL),(732,113,622,NULL),(733,114,678,NULL),(734,114,679,NULL),(735,114,680,NULL),(736,114,681,NULL),(737,114,682,NULL),(738,115,678,NULL),(739,115,679,NULL),(740,115,680,NULL),(741,115,681,NULL),(742,115,682,NULL),(743,116,683,NULL),(744,116,684,NULL),(745,116,685,NULL),(746,116,686,NULL),(747,116,687,NULL),(748,116,688,NULL),(749,117,689,NULL),(750,117,690,NULL),(751,117,691,NULL),(752,117,692,NULL),(753,117,693,NULL),(754,117,694,NULL),(755,118,695,NULL),(756,118,696,NULL),(757,118,697,NULL),(758,118,698,NULL),(759,118,699,NULL),(760,118,700,NULL),(761,119,701,NULL),(762,119,702,NULL),(763,119,703,NULL),(764,119,704,NULL),(765,119,705,NULL),(766,119,706,NULL),(767,120,707,NULL),(768,120,708,NULL),(769,120,709,NULL),(770,120,710,NULL),(771,120,711,NULL),(772,120,712,NULL),(773,120,713,NULL),(774,120,714,NULL),(775,121,715,NULL),(776,121,716,NULL),(777,121,717,NULL),(778,122,718,NULL),(779,122,719,NULL),(780,122,442,NULL),(781,122,720,NULL),(782,122,721,NULL),(783,122,722,NULL),(784,123,723,NULL),(785,123,724,NULL),(786,123,725,NULL),(787,123,726,NULL),(788,123,727,NULL),(789,124,728,NULL),(790,124,729,NULL),(791,124,730,NULL),(792,124,731,NULL),(793,124,732,NULL),(794,124,733,NULL),(795,125,734,NULL),(796,125,735,NULL),(797,125,736,NULL),(798,125,737,NULL),(799,125,738,NULL),(800,125,739,NULL),(801,126,740,NULL),(802,126,741,NULL),(803,126,742,NULL),(804,126,743,NULL),(805,126,744,NULL),(806,126,745,NULL),(807,127,746,NULL),(808,127,747,NULL),(809,127,748,NULL),(810,127,749,NULL),(811,127,750,NULL),(812,127,751,NULL),(813,128,752,NULL),(814,128,753,NULL),(815,128,754,NULL),(816,128,755,NULL),(817,128,756,NULL),(818,128,757,NULL),(819,129,758,NULL),(820,129,759,NULL),(821,129,760,NULL),(822,129,761,NULL),(823,129,762,NULL),(824,129,763,NULL),(825,130,764,NULL),(826,130,765,NULL),(827,130,766,NULL),(828,130,767,NULL),(829,130,768,NULL),(830,131,769,NULL),(831,131,770,NULL),(832,131,771,NULL),(833,131,772,NULL),(834,131,773,NULL),(835,131,774,NULL),(836,132,775,NULL),(837,132,776,NULL),(838,132,777,NULL),(839,132,778,NULL),(840,132,779,NULL),(841,132,780,NULL),(842,133,781,NULL),(843,133,782,NULL),(844,133,783,NULL),(845,134,784,NULL),(846,134,785,NULL),(847,134,786,NULL),(848,134,787,NULL),(849,134,788,NULL),(850,134,789,NULL),(851,135,790,NULL),(852,135,791,NULL),(853,135,792,NULL),(854,135,793,NULL),(855,135,794,NULL),(856,135,795,NULL),(857,136,796,NULL),(858,136,797,NULL),(859,136,766,NULL),(860,136,798,NULL),(861,136,799,NULL),(862,136,800,NULL),(863,137,801,NULL),(864,137,802,NULL),(865,137,803,NULL),(866,137,804,NULL),(867,137,805,NULL),(868,137,806,NULL),(869,138,807,NULL),(870,138,808,NULL),(871,138,809,NULL),(872,138,810,NULL),(873,139,811,NULL),(874,139,812,NULL),(875,139,813,NULL),(876,139,814,NULL),(877,140,815,NULL),(878,140,816,NULL),(879,140,817,NULL),(880,140,818,NULL),(881,141,819,NULL),(882,141,784,NULL),(883,141,738,NULL),(884,141,820,NULL),(885,141,821,NULL),(886,141,822,NULL),(887,142,823,NULL),(888,142,824,NULL),(889,142,825,NULL),(890,142,826,NULL),(891,142,827,NULL),(892,142,828,NULL),(893,143,756,NULL),(894,143,829,NULL),(895,143,736,NULL),(896,143,830,NULL),(897,143,831,NULL),(898,143,832,NULL),(899,144,833,NULL),(900,144,736,NULL),(901,144,834,NULL),(902,144,835,NULL),(903,144,836,NULL),(904,144,837,NULL),(905,145,838,NULL),(906,145,839,NULL),(907,145,840,NULL),(908,145,841,NULL),(909,145,842,NULL),(910,145,843,NULL),(911,146,844,NULL),(912,146,845,NULL),(913,146,846,NULL),(914,146,847,NULL),(915,146,848,NULL),(916,146,849,NULL),(917,146,850,NULL),(918,146,851,NULL),(919,146,852,NULL),(920,147,738,NULL),(921,147,715,NULL),(922,147,853,NULL),(923,147,854,NULL),(924,147,855,NULL),(925,147,856,NULL),(926,148,857,NULL),(927,148,858,NULL),(928,148,859,NULL),(929,148,425,NULL),(930,148,860,NULL),(931,148,861,NULL),(932,149,862,NULL),(933,149,863,NULL),(934,149,864,NULL),(935,149,865,NULL),(936,149,866,NULL),(937,149,867,NULL),(938,150,423,NULL),(939,150,733,NULL),(940,150,865,NULL),(941,150,819,NULL),(942,150,868,NULL),(943,150,820,NULL),(944,151,869,NULL),(945,151,870,NULL),(946,151,871,NULL),(947,151,872,NULL),(948,151,873,NULL),(949,151,874,NULL),(950,152,875,NULL),(951,152,876,NULL),(952,152,877,NULL),(953,152,878,NULL),(954,152,879,NULL),(955,152,880,NULL),(956,153,881,NULL),(957,153,882,NULL),(958,153,883,NULL),(959,153,884,NULL),(960,153,885,NULL),(961,153,777,NULL),(962,154,886,NULL),(963,154,887,NULL),(964,154,888,NULL),(965,154,889,NULL),(966,154,796,NULL),(967,154,738,NULL),(968,154,890,NULL),(969,155,891,NULL),(970,155,892,NULL),(971,155,887,NULL),(972,155,893,NULL),(973,155,894,NULL),(974,155,895,NULL),(975,156,896,NULL),(976,156,897,NULL),(977,156,898,NULL),(978,156,863,NULL),(979,156,899,NULL),(980,156,900,NULL),(981,157,830,NULL),(982,157,901,NULL),(983,157,902,NULL),(984,157,903,NULL),(985,157,733,NULL),(986,157,904,NULL),(987,158,905,NULL),(988,158,906,NULL),(989,158,907,NULL),(990,158,855,NULL),(991,158,908,NULL),(992,158,909,NULL),(993,159,910,NULL),(994,159,911,NULL),(995,159,912,NULL),(996,159,913,NULL),(997,159,914,NULL),(998,159,915,NULL),(999,160,916,NULL),(1000,160,917,NULL),(1001,160,918,NULL),(1002,160,919,NULL),(1003,160,715,NULL),(1004,160,920,NULL);
/*!40000 ALTER TABLE `actor_video` ENABLE KEYS */;
UNLOCK TABLES;

--
-- Table structure for table `actors`
--

DROP TABLE IF EXISTS `actors`;
/*!40101 SET @saved_cs_client     = @@character_set_client */;
/*!50503 SET character_set_client = utf8mb4 */;
CREATE TABLE `actors` (
  `id` int unsigned NOT NULL AUTO_INCREMENT,
  `kinopoisk_id` int unsigned DEFAULT NULL,
  `name_en` varchar(255) COLLATE utf8mb4_unicode_ci DEFAULT NULL,
  `name_ru` varchar(255) COLLATE utf8mb4_unicode_ci DEFAULT NULL,
  `poster_url` varchar(255) COLLATE utf8mb4_unicode_ci DEFAULT NULL,
  PRIMARY KEY (`id`),
  UNIQUE KEY `actors_kinopoisk_id_unique` (`kinopoisk_id`)
) ENGINE=InnoDB AUTO_INCREMENT=921 DEFAULT CHARSET=utf8mb4 COLLATE=utf8mb4_unicode_ci;
/*!40101 SET character_set_client = @saved_cs_client */;

--
-- Dumping data for table `actors`
--

LOCK TABLES `actors` WRITE;
/*!40000 ALTER TABLE `actors` DISABLE KEYS */;
INSERT INTO `actors` VALUES (1,NULL,NULL,'Дейв Шаппелл',NULL),(2,NULL,NULL,'Девід Г\'юлетт',NULL),(3,NULL,NULL,'Даніель Кальтаджіроне',NULL),(4,NULL,NULL,'Крістіна Коул',NULL),(5,NULL,NULL,'Jim Fyfe',NULL),(6,NULL,NULL,'Хаміш Кларк',NULL),(7,NULL,NULL,'Рей Фіарон',NULL),(8,NULL,NULL,'Сара Рю',NULL),(9,NULL,NULL,'Беррі Вотсон',NULL),(10,NULL,NULL,'Фред Віллард',NULL),(11,NULL,NULL,'Enisha Brewster',NULL),(12,NULL,NULL,'Jordan Wall',NULL),(13,NULL,NULL,'Валері Харпер',NULL),(14,NULL,NULL,'Марк Руффало',NULL),(15,NULL,NULL,'Джонатан Ґрофф',NULL),(16,NULL,NULL,'Frank De Julio',NULL),(17,NULL,NULL,'William DeMeritt',NULL),(18,NULL,NULL,'Тейлор Кітч',NULL),(19,NULL,NULL,'Джо Мантелло',NULL),(20,NULL,NULL,'Джулія Робертс',NULL),(21,NULL,NULL,'Альфред Моліна',NULL),(22,NULL,NULL,'Джим Парсонс',NULL),(23,NULL,NULL,'Метт Бомер',NULL),(24,NULL,NULL,'Джон Прескотт',NULL),(25,NULL,NULL,'Ian Novick',NULL),(26,NULL,NULL,'Маргарет Енн Флоренс',NULL),(27,NULL,NULL,'David Albiero',NULL),(28,NULL,NULL,'Collin Biddle',NULL),(29,NULL,NULL,'Michael Billy',NULL),(30,NULL,NULL,'Вес Бентлі',NULL),(31,NULL,NULL,'Джессіка Зор',NULL),(32,NULL,NULL,'Енгус Макфадьен',NULL),(33,NULL,NULL,'Лаура Ремсі',NULL),(34,NULL,NULL,'Джуліан Сендс',NULL),(35,NULL,NULL,'Мерседес Меннінг',NULL),(36,NULL,NULL,'Collin MacKechnie',NULL),(37,NULL,NULL,'Джулія Сара Стоун',NULL),(38,NULL,NULL,'Емі Матісіо',NULL),(39,NULL,NULL,'Рон Педерсон',NULL),(40,NULL,NULL,'Jodi Sadowsky',NULL),(41,NULL,NULL,'Kimberly Elek',NULL),(42,NULL,NULL,'Дарла Біккум',NULL),(43,NULL,NULL,'Джулі Берман',NULL),(44,NULL,NULL,'Kaitlin Doubleday',NULL),(45,NULL,NULL,'Melissa Farman',NULL),(46,NULL,NULL,'Molly Kunz',NULL),(47,NULL,NULL,'Джастін Бруенинг',NULL),(48,NULL,NULL,'Чарлі Гофгаймер',NULL),(49,NULL,NULL,'Мікаел Персбрандт',NULL),(50,NULL,NULL,'Себа Мубарак',NULL),(51,NULL,NULL,'Пернілла Ауґуст',NULL),(52,NULL,NULL,'Джейсон Флемінґ',NULL),(53,NULL,NULL,'Леннарт Юльстрем',NULL),(54,NULL,NULL,'Алєксандр Носік',NULL),(55,NULL,NULL,'Фріда Галлґрен',NULL),(56,NULL,NULL,'Рубен Селлмендер',NULL),(57,NULL,NULL,'Nadja Christiansson',NULL),(58,NULL,NULL,'Янсі Батлер',NULL),(59,NULL,NULL,'Патрік Бергін',NULL),(60,NULL,NULL,'Joshua Michael Allen',NULL),(61,NULL,NULL,'Барт Баггетт',NULL),(62,NULL,NULL,'Erin Coker',NULL),(63,NULL,NULL,'Frankie Cullen',NULL),(64,NULL,NULL,'Біллі Рей',NULL),(65,NULL,NULL,'Шеллі Лонг',NULL),(66,NULL,NULL,'Крейґ Т. Нельсон',NULL),(67,NULL,NULL,'Бетті Томас',NULL),(68,NULL,NULL,'Мері Ґросс',NULL),(69,NULL,NULL,'Стефані Бічем',NULL),(70,NULL,NULL,'Одра Ліндлі',NULL),(71,NULL,NULL,'Карла Гуджино',NULL),(72,NULL,NULL,'Емі Фостер',NULL),(73,NULL,NULL,'Едд Бірнс',NULL),(74,NULL,NULL,'Джек Скалия',NULL),(75,NULL,NULL,'Джеремі Люк',NULL),(76,NULL,NULL,'Joseph Russo',NULL),(77,NULL,NULL,'Деніел Буко',NULL),(78,NULL,NULL,'Melissa Molinaro',NULL),(79,NULL,NULL,'Алекс Морьелло',NULL),(80,NULL,NULL,'Вільям Атертон',NULL),(81,NULL,NULL,'Тесса Іа',NULL),(82,NULL,NULL,'Ернан Мендоза',NULL),(83,NULL,NULL,'Гонсало Вега мол.',NULL),(84,NULL,NULL,'Тамара Язбек',NULL),(85,NULL,NULL,'Francisco Rueda',NULL),(86,NULL,NULL,'Paloma Cervantes',NULL),(87,NULL,NULL,'Марко Тревіньо',NULL),(88,NULL,NULL,'Умберто Бусто',NULL),(89,NULL,NULL,'Кармен Беато',NULL),(90,NULL,NULL,'Денні Бонадьюс',NULL),(91,NULL,NULL,'Беррі Вільямс',NULL),(92,NULL,NULL,'Брюс Девісон',NULL),(93,NULL,NULL,'Шерілін Фенн',NULL),(94,NULL,NULL,'Говард Гессеман',NULL),(95,NULL,NULL,'Андре Ройо',NULL),(96,NULL,NULL,'Лейні Казан',NULL),(97,NULL,NULL,'Генрі Кавілл',NULL),(98,NULL,NULL,'Morgan Thompson',NULL),(99,NULL,NULL,'Сем Стоун',NULL),(100,NULL,NULL,'Деніел Робак',NULL),(101,NULL,NULL,'Дебі Мазар',NULL),(102,NULL,NULL,'Saif Ali Khan',NULL),(103,NULL,NULL,'Mia Uyeda',NULL),(104,NULL,NULL,'Бома Ірані',NULL),(105,NULL,NULL,'Louise Bangay',NULL),(106,NULL,NULL,'Yasmin Tippett',NULL),(107,NULL,NULL,'Lottie Dosanjh',NULL),(108,NULL,NULL,'Ееро Мілонофф',NULL),(109,NULL,NULL,'Карі Кетонен',NULL),(110,NULL,NULL,'Freja Teijonsalo',NULL),(111,NULL,NULL,'Artturi Auvinen',NULL),(112,NULL,NULL,'Eetu Julin',NULL),(113,NULL,NULL,'Aki Laiho',NULL),(114,NULL,NULL,'Біргіт Мініхмайр',NULL),(115,NULL,NULL,'Філіп Хохмайр',NULL),(116,NULL,NULL,'Себастьян Кох',NULL),(117,NULL,NULL,'Чарлі Шин',NULL),(118,NULL,NULL,'Джеймс Парадайз',NULL),(119,NULL,NULL,'Енн Белламі',NULL),(120,NULL,NULL,'Джейсон Шварцман',NULL),(121,NULL,NULL,'Патриція Аркетт',NULL),(122,NULL,NULL,'Кетрін Віннік',NULL),(123,NULL,NULL,'Мері Елізабет Вінстед',NULL),(124,NULL,NULL,'Білл Мюррей',NULL),(125,NULL,NULL,'Бейлі Медісон',NULL),(126,NULL,NULL,'Dusta Kimzey',NULL),(127,NULL,NULL,'Річард Леві',NULL),(128,NULL,NULL,'Drew Waters',NULL),(129,NULL,NULL,'Френкі Фейзон',NULL),(130,NULL,NULL,'Джеймс Кромвелл',NULL),(131,NULL,NULL,'Soo Go',NULL),(132,NULL,NULL,'Хан Хьо Джу',NULL),(133,NULL,NULL,'Jyu-ni Hyun',NULL),(134,NULL,NULL,'Seo-Yeon Jin',NULL),(135,NULL,NULL,'Jin-yeong Jeong',NULL),(136,NULL,NULL,'Кім Сон О',NULL),(137,NULL,NULL,'Александер Сіддіґ',NULL),(138,NULL,NULL,'Джошуа Джексон',NULL),(139,NULL,NULL,'Маріса Томей',NULL),(140,NULL,NULL,'Одед Фер',NULL),(141,NULL,NULL,'Saad Siddiqui',NULL),(142,NULL,NULL,'Фадія Надда',NULL),(143,NULL,NULL,'Джей Ансті',NULL),(144,NULL,NULL,'Лідія Вілсон',NULL),(145,NULL,NULL,'Меггі Фокс',NULL),(146,NULL,NULL,'Sarah Ridgeway',NULL),(147,NULL,NULL,'Джоанна Ламлі',NULL),(148,NULL,NULL,'Лайнас Роуч',NULL),(149,NULL,NULL,'Суад Фаресс',NULL),(150,NULL,NULL,'Жак Гамблен',NULL),(151,NULL,NULL,'Ламбер Вільсон',NULL),(152,NULL,NULL,'Рафаель Аґоґе',NULL),(153,NULL,NULL,'Arnaud Cosson',NULL),(154,NULL,NULL,'Antoine Levannier',NULL),(155,NULL,NULL,'Frédéric Kontogom',NULL),(156,NULL,NULL,'Кеті Аселтон',NULL),(157,NULL,NULL,'Лейк Белл',NULL),(158,NULL,NULL,'Кейт Босворт',NULL),(159,NULL,NULL,'Вілл Бовьє',NULL),(160,NULL,NULL,'Джей Полсон',NULL),(161,NULL,NULL,'Анслем Річардсон',NULL),(162,NULL,NULL,'Сігурні Вівер',NULL),(163,NULL,NULL,'Голлі Гантер',NULL),(164,NULL,NULL,'Дермот Малруні',NULL),(165,NULL,NULL,'Вільям МакНамара',NULL),(166,NULL,NULL,'Гаррі Коннік мол.',NULL),(167,NULL,NULL,'Дж.Е. Фрімен',NULL),(168,NULL,NULL,'Мінґ-На Вен',NULL),(169,NULL,NULL,'Ніколас Туртурро',NULL),(170,NULL,NULL,'Andy Clemence',NULL),(171,NULL,NULL,'Darin Cooper',NULL),(172,NULL,NULL,'Jonathan Le Billon',NULL),(173,NULL,NULL,'Ділан Вокс',NULL),(174,NULL,NULL,'Кері Ґрант',NULL),(175,NULL,NULL,'Прісцилла Лейн',NULL),(176,NULL,NULL,'Реймонд Мессі',NULL),(177,NULL,NULL,'Джек Карсон',NULL),(178,NULL,NULL,'Едвард Еверетт Гортон',NULL),(179,NULL,NULL,'Пітер Лорре',NULL),(180,NULL,NULL,'Bean Reid',NULL),(181,NULL,NULL,'Adeline Lo',NULL),(182,NULL,NULL,'Кевін МакНалті',NULL),(183,NULL,NULL,'Боб Фрейзер',NULL),(184,NULL,NULL,'Метті Фіночіо',NULL),(185,NULL,NULL,'Seth Isaac Johnson',NULL),(186,NULL,NULL,'Мері Стінберґен',NULL),(187,NULL,NULL,'Люк Ґраймс',NULL),(188,NULL,NULL,'Гейлі Беннетт',NULL),(189,NULL,NULL,'Джон Гокс',NULL),(190,NULL,NULL,'Френк Гойт Тейлор',NULL),(191,NULL,NULL,'John-Paul Howard',NULL),(192,NULL,NULL,'Дейзі Рідлі',NULL),(193,NULL,NULL,'Брентон Твайтс',NULL),(194,NULL,NULL,'Mark Coles Smith',NULL),(195,NULL,NULL,'Matt Whelan',NULL),(196,NULL,NULL,'Chloe Hurst',NULL),(197,NULL,NULL,'Кім Джексон',NULL),(198,NULL,NULL,'Нора Арнезедер',NULL),(199,NULL,NULL,'Іен Ґлен',NULL),(200,NULL,NULL,'Sarah-Sofie Boussnina',NULL),(201,NULL,NULL,'Sope Dirisu',NULL),(202,NULL,NULL,'Себастьян Роше',NULL),(203,NULL,NULL,'Joel Basman',NULL),(204,NULL,NULL,'Колін Фаррелл',NULL),(205,NULL,NULL,'Джеймі Фокс',NULL),(206,NULL,NULL,'Гун Лі',NULL),(207,NULL,NULL,'Наомі Гарріс',NULL),(208,NULL,NULL,'Чран Гіндс',NULL),(209,NULL,NULL,'Джастін Теру',NULL),(210,NULL,NULL,'Люк Меблі',NULL),(211,NULL,NULL,'Кем Гескін',NULL),(212,NULL,NULL,'Maryam d\'Abo',NULL),(213,NULL,NULL,'Клеменси Бертон-Хілл',NULL),(214,NULL,NULL,'Джонатан Фьорт',NULL),(215,NULL,NULL,'Джим Холт',NULL),(216,NULL,NULL,'Elisa Lasowski',NULL),(217,NULL,NULL,'Anders Heinrichsen',NULL),(218,NULL,NULL,'Christian Erickson',NULL),(219,NULL,NULL,'Джоель Беркманс',NULL),(220,NULL,NULL,'Волтер Дікерсон',NULL),(221,NULL,NULL,'Гаранс Сільве',NULL),(222,NULL,NULL,'Lucie Jones',NULL),(223,NULL,NULL,'Brian Hull',NULL),(224,NULL,NULL,'Ґабріель Буррафато',NULL),(225,NULL,NULL,'Anna Brisbin',NULL),(226,NULL,NULL,'Tobin Cleary',NULL),(227,NULL,NULL,'Amy Morse',NULL),(228,NULL,NULL,'Robyn Ledoux',NULL),(229,NULL,NULL,'Nic Rhind',NULL),(230,NULL,NULL,'Jason Harder',NULL),(231,NULL,NULL,'Marina Pasqua',NULL),(232,NULL,NULL,'Рассел Фер\'є',NULL),(233,NULL,NULL,'Алан Легрос',NULL),(234,NULL,NULL,'Шарліз Терон',NULL),(235,NULL,NULL,'Джаред Гарріс',NULL),(236,NULL,NULL,'Жан Рено',NULL),(237,NULL,NULL,'Хав\'єр Бардем',NULL),(238,NULL,NULL,'Білл Гербер',NULL),(239,NULL,NULL,'Гоппер Пенн',NULL),(240,NULL,NULL,'Юдіт Полгар',NULL),(241,NULL,NULL,'Дейв Вілліс',NULL),(242,NULL,NULL,'Carey Means',NULL),(243,NULL,NULL,'Дана Снайдер',NULL),(244,NULL,NULL,'Matt Maiellaro',NULL),(245,NULL,NULL,'C. Martin Croker',NULL),(246,NULL,NULL,'Скули-Ді',NULL),(247,NULL,NULL,'Дідріх Бадер',NULL),(248,NULL,NULL,'Корі Бертен',NULL),(249,NULL,NULL,'Джон ДіМаджіо',NULL),(250,NULL,NULL,'Том Кенні',NULL),(251,NULL,NULL,'Крейг Т. Райснер',NULL),(252,NULL,NULL,'Сьюзен Спано',NULL),(253,NULL,NULL,'Zack Keller',NULL),(254,NULL,NULL,'Ed Skudder',NULL),(255,NULL,NULL,'Ben Tuller',NULL),(256,NULL,NULL,'Shea Logsdon',NULL),(257,NULL,NULL,'Chad Quandt',NULL),(258,NULL,NULL,'Lauren K. Sokolov',NULL),(259,NULL,NULL,'Сара Чок',NULL),(260,NULL,NULL,'Девід Герман',NULL),(261,NULL,NULL,'Kyle Kinane',NULL),(262,NULL,NULL,'Седрік Ярбро',NULL),(263,NULL,NULL,'Roger Black',NULL),(264,NULL,NULL,'Dana Snyder',NULL),(265,NULL,NULL,'Grey Griffin',NULL),(266,NULL,NULL,'Waco O\'Guin',NULL),(267,NULL,NULL,'Роб Полсен',NULL),(268,NULL,NULL,'Керол Кейн',NULL),(269,NULL,NULL,'Міккі Руні',NULL),(270,NULL,NULL,'Кевін Майкл Річардсон',NULL),(271,NULL,NULL,'Мей Вітман',NULL),(272,NULL,NULL,'Браян Кренстон',NULL),(273,NULL,NULL,'Керолайн Рі',NULL),(274,NULL,NULL,'Гарланд Вільямс',NULL),(275,NULL,NULL,'Річард Кайнд',NULL),(276,NULL,NULL,'Кевін МакДональд',NULL),(277,NULL,NULL,'Джо Флаерті',NULL),(278,NULL,NULL,'Карлос Алазракі',NULL),(279,NULL,NULL,'Вейн Оллвейн',NULL),(280,NULL,NULL,'Тоні Ансельмо',NULL),(281,NULL,NULL,'Джеф Беннетт',NULL),(282,NULL,NULL,'Джоді Бенсон',NULL),(283,NULL,NULL,'Роббі Бенсон',NULL),(284,NULL,NULL,'Джейсон Александер',NULL),(285,NULL,NULL,'Джеймс Екгаус',NULL),(286,NULL,NULL,'Дон Ноттс',NULL),(287,NULL,NULL,'Джесс Гарнелл',NULL),(288,NULL,NULL,'Мелані Тонелло',NULL),(289,NULL,NULL,'Табіта Сен-Жермен',NULL),(290,NULL,NULL,'Scott Beaudin',NULL),(291,NULL,NULL,'Debra Felstead',NULL),(292,NULL,NULL,'Sugar Lyn Beard',NULL),(293,NULL,NULL,'Julie Lemieux',NULL),(294,NULL,NULL,'Emir Saglam',NULL),(295,NULL,NULL,'Elit Andaç Çam',NULL),(296,NULL,NULL,'Can Atak',NULL),(297,NULL,NULL,'Mahir Ipek',NULL),(298,NULL,NULL,'Veda Yurtsever Ipek',NULL),(299,NULL,NULL,'Bulut Buldu',NULL),(300,NULL,NULL,'Lee Kyung-tae',NULL),(301,NULL,NULL,'Jang Mi',NULL),(302,NULL,NULL,'Eom Sang-hyun',NULL),(303,NULL,NULL,'Shim Kyu-hyuk',NULL),(304,NULL,NULL,'Jeon Tae-yeol',NULL),(305,NULL,NULL,'Габріель Кастро',NULL),(306,NULL,NULL,'Олівер Калькофе',NULL),(307,NULL,NULL,'Майкл Мендл',NULL),(308,NULL,NULL,'Джейкоб Таканаші',NULL),(309,NULL,NULL,'Юліус Векауф',NULL),(310,NULL,NULL,'Беттіна Циммерманн',NULL),(311,NULL,NULL,'Джастін Ройланд',NULL),(312,NULL,NULL,'Томас Міддлдітч',NULL),(313,NULL,NULL,'Sean Giambrone',NULL),(314,NULL,NULL,'Mary Mack',NULL),(315,NULL,NULL,'Sagan McMahan',NULL),(316,NULL,NULL,'Ендрю Дейлі',NULL),(317,NULL,NULL,'Ерік Андре',NULL),(318,NULL,NULL,'Jeny Batten',NULL),(319,NULL,NULL,'Метт Беррі',NULL),(320,NULL,NULL,'John DiMaggio',NULL),(321,NULL,NULL,'Нат Факсон',NULL),(322,NULL,NULL,'Ноель Філдінг',NULL),(323,NULL,NULL,'Річ Фулчер',NULL),(324,NULL,NULL,'Abbi Jacobson',NULL),(325,NULL,NULL,'Orelsan',NULL),(326,NULL,NULL,'Gringe',NULL),(327,NULL,NULL,'Julien Kramer',NULL),(328,NULL,NULL,'Féodor Atkine',NULL),(329,NULL,NULL,'Joe Hernandez',NULL),(330,NULL,NULL,'Byron Marc Newsome',NULL),(331,NULL,NULL,'Bennett Abara',NULL),(332,NULL,NULL,'Харі Пейтон',NULL),(333,NULL,NULL,'Мітчелл Вітфілд',NULL),(334,NULL,NULL,'Вілл Фрідел',NULL),(335,NULL,NULL,'Констанс Зіммер',NULL),(336,NULL,NULL,'Даррен Крісс',NULL),(337,NULL,NULL,'Тед МакҐінлі',NULL),(338,NULL,NULL,'Сара Рідель',NULL),(339,NULL,NULL,'Reetta Korhonen',NULL),(340,NULL,NULL,'Fabiola Martins',NULL),(341,NULL,NULL,'Tiiamari Mikkola',NULL),(342,NULL,NULL,'Raili Raitala',NULL),(343,NULL,NULL,'Jill Schulz',NULL),(344,NULL,NULL,'Еймі Карерро',NULL),(345,NULL,NULL,'Карен Фукугара',NULL),(346,NULL,NULL,'Аманда Мішалка',NULL),(347,NULL,NULL,'Маркус Скрібнер',NULL),(348,NULL,NULL,'Lauren Ash',NULL),(349,NULL,NULL,'Keston John',NULL),(350,NULL,NULL,'Xiaoxi Tang',NULL),(351,NULL,NULL,'Zhang Fuzheng',NULL),(352,NULL,NULL,'Wei Chao',NULL),(353,NULL,NULL,'Zheng Xiaopu',NULL),(354,NULL,NULL,'Song Xuchen',NULL),(355,NULL,NULL,'Qiu Qiu',NULL),(356,NULL,NULL,'Zhang Biyu',NULL),(357,NULL,NULL,'Чарлі Шлаттер',NULL),(358,NULL,NULL,'Джейсон Мерсден',NULL),(359,NULL,NULL,'Jessica DiCicco',NULL),(360,NULL,NULL,'Кенді Міло',NULL),(361,NULL,NULL,'Charles Adler',NULL),(362,NULL,NULL,'Джо Аляски',NULL),(363,NULL,NULL,'Майкл Кларк Дункан',NULL),(364,NULL,NULL,'Кейлі Куоко',NULL),(365,NULL,NULL,'Філ ЛаМарр',NULL),(366,NULL,NULL,'Khary Payton',NULL),(367,NULL,NULL,'Аарон ЛаПланте',NULL),(368,NULL,NULL,'Фред Татаскіоре',NULL),(369,NULL,NULL,'Ванесса Маршалл',NULL),(370,NULL,NULL,'Еліес Ґабель',NULL),(371,NULL,NULL,'Кевін Конрой',NULL),(372,NULL,NULL,'Джордж Ньюберн',NULL),(373,NULL,NULL,'Даніела Бобаділья',NULL),(374,NULL,NULL,'Діана Герреро',NULL),(375,NULL,NULL,'Сьюзен Айзенберг',NULL),(376,NULL,NULL,'Ноель Фішер',NULL),(377,NULL,NULL,'Брюс Тімм',NULL),(378,NULL,NULL,'Тара Стронг',NULL),(379,NULL,NULL,'Пітер Джессоп',NULL),(380,NULL,NULL,'Гейлі Етвел',NULL),(381,NULL,NULL,'Аллен Мальдонадо',NULL),(382,NULL,NULL,'Ерл Бейлон',NULL),(383,NULL,NULL,'Карен Фукухара',NULL),(384,NULL,NULL,'Роксана Ортега',NULL),(385,NULL,NULL,'Маріша Рей',NULL),(386,NULL,NULL,'Ґреґ Сайпс',NULL),(387,NULL,NULL,'Скотт Менвіль',NULL),(388,NULL,NULL,'Гінден Волш',NULL),(389,NULL,NULL,'Вілл Арнет',NULL),(390,NULL,NULL,'Крістен Белл',NULL),(391,NULL,NULL,'Ніколас Кейдж',NULL),(392,NULL,NULL,'Джиммі Кіммел',NULL),(393,NULL,NULL,'Келсі Ґреммер',NULL),(394,NULL,NULL,'Антон Єльчін',NULL),(395,NULL,NULL,'Лексі Медрано',NULL),(396,NULL,NULL,'Чарлі Сакстон',NULL),(397,NULL,NULL,'Фред Татаскіор',NULL),(398,NULL,NULL,'Джонатан Гайд',NULL),(399,NULL,NULL,'Мадс Міккельсен',NULL),(400,NULL,NULL,'Reyna Amaya',NULL),(401,NULL,NULL,'Jennifer Lynn Wilson',NULL),(402,NULL,NULL,'Charlie Allen',NULL),(403,NULL,NULL,'Janet Amsden',NULL),(404,NULL,NULL,'RJ Navarra Balde',NULL),(405,NULL,NULL,'Phillip Sacramento',NULL),(406,NULL,NULL,'Alberte Thorning Agerskov',NULL),(407,NULL,NULL,'Jack E. Sovtar',NULL),(408,NULL,NULL,'Лора Бейлі',NULL),(409,NULL,NULL,'Ліам О\'Браєн',NULL),(410,NULL,NULL,'Метью Мерсер',NULL),(411,NULL,NULL,'Сем Ріґел',NULL),(412,NULL,NULL,'Тревіс Віллінґем',NULL),(413,NULL,NULL,'Марк Стронг',NULL),(414,NULL,NULL,'Мін-На Вень',NULL),(415,NULL,NULL,'Алан Каммінг',NULL),(416,NULL,NULL,'Омід Абтахі',NULL),(417,NULL,NULL,'Siu-see Hung',NULL),(418,NULL,NULL,'Радж Гатак',NULL),(419,NULL,NULL,'Eve Ridley',NULL),(420,NULL,NULL,'Hannah Jane Fox',NULL),(421,NULL,NULL,'Felix Tandon',NULL),(422,NULL,NULL,'Rishi Kuppa',NULL),(423,NULL,NULL,'Ай Файруз',NULL),(424,NULL,NULL,'Ryôta Takeuchi',NULL),(425,NULL,NULL,'Tomoaki Maeno',NULL),(426,NULL,NULL,'Марія Ісе',NULL),(427,NULL,NULL,'Nora Harriet Aossey',NULL),(428,NULL,NULL,'Шелбі Янг',NULL),(429,NULL,NULL,'Майя Аокі Таттл',NULL),(430,NULL,NULL,'Джинніфер Ґудвін',NULL),(431,NULL,NULL,'Джейсон Бейтман',NULL),(432,NULL,NULL,'Джонатан Ке Кван',NULL),(433,NULL,NULL,'Fortune Feimster',NULL),(434,NULL,NULL,'Енді Самберґ',NULL),(435,NULL,NULL,'Девід Стретейрн',NULL),(436,NULL,NULL,'Ідріс Ельба',NULL),(437,NULL,NULL,'Шакіра',NULL),(438,NULL,NULL,'Патрік Ворбертон',NULL),(439,NULL,NULL,'Денні Трехо',NULL),(440,NULL,NULL,'Mamoru Miyano',NULL),(441,NULL,NULL,'Chao Wei',NULL),(442,NULL,NULL,'Yûichi Nakamura',NULL),(443,NULL,NULL,'Natsuki Hanae',NULL),(444,NULL,NULL,'Ayane Sakura',NULL),(445,NULL,NULL,'Stephanie Young',NULL),(446,NULL,NULL,'Річард Айоаде',NULL),(447,NULL,NULL,'Пем Мерфі',NULL),(448,NULL,NULL,'Duncan Trussell',NULL),(449,NULL,NULL,'Ганна Веддінґем',NULL),(450,NULL,NULL,'Девід Прессман',NULL),(451,NULL,NULL,'Кіт Девід',NULL),(452,NULL,NULL,'Ембер Стівенс Вест',NULL),(453,NULL,NULL,'Раян Егголд',NULL),(454,NULL,NULL,'Сьюзі Накамура',NULL),(455,NULL,NULL,'David Gborie',NULL),(456,NULL,NULL,'Kenny Yates',NULL),(457,NULL,NULL,'Том Елліс',NULL),(458,NULL,NULL,'Еллі Матсумура',NULL),(459,NULL,NULL,'Марк Прокш',NULL),(460,NULL,NULL,'Самуель Е. Райт',NULL),(461,NULL,NULL,'Edan Gross',NULL),(462,NULL,NULL,'Кеннет Марс',NULL),(463,NULL,NULL,'Джим Каммінґс',NULL),(464,NULL,NULL,'Денні Кукси',NULL),(465,NULL,NULL,'Тім Каррі',NULL),(466,NULL,NULL,'Пет Керролл',NULL),(467,NULL,NULL,'Huang Ying',NULL),(468,NULL,NULL,'Yuantao Li',NULL),(469,NULL,NULL,'Dian Tao',NULL),(470,NULL,NULL,'Sarah Jeffery',NULL),(471,NULL,NULL,'Larissa Albuquerque',NULL),(472,NULL,NULL,'Mike Taylor',NULL),(473,NULL,NULL,'Алессандро Джуліані',NULL),(474,NULL,NULL,'Maria Del Mar',NULL),(475,NULL,NULL,'Стівен Лобо',NULL),(476,NULL,NULL,'Ґрант Уотерс',NULL),(477,NULL,NULL,'Селія Массінгем',NULL),(478,NULL,NULL,'Моріс Шелтон',NULL),(479,NULL,NULL,'Алекс Курцман',NULL),(480,NULL,NULL,'Роберто Орсі',NULL),(481,NULL,NULL,'Джо Чаппелль',NULL),(482,NULL,NULL,'Бред Андерсон',NULL),(483,NULL,NULL,'Фред Туа',NULL),(484,NULL,NULL,'Ганна Торв',NULL),(485,NULL,NULL,'Wongravee Nateetorn',NULL),(486,NULL,NULL,'Keen Suwijak Piyanopharoj',NULL),(487,NULL,NULL,'Fluke Nattanon Tongsaeng',NULL),(488,NULL,NULL,'Parn Nachcha Chuedang',NULL),(489,NULL,NULL,'Prem Warut Chawalitrujiwong',NULL),(490,NULL,NULL,'Chanikarn Tangabodi',NULL),(491,NULL,NULL,'Г\'ю Лорі',NULL),(492,NULL,NULL,'Том Гіддлстон',NULL),(493,NULL,NULL,'Елізабет Дебіцкі',NULL),(494,NULL,NULL,'Олівія Колман',NULL),(495,NULL,NULL,'Алістер Петрі',NULL),(496,NULL,NULL,'Майкл Нардон',NULL),(497,NULL,NULL,'Індіра Варма',NULL),(498,NULL,NULL,'Дієго Кальва',NULL),(499,NULL,NULL,'Каміла Морроне',NULL),(500,NULL,NULL,'Ерік МакКормак',NULL),(501,NULL,NULL,'MacKenzie Porter',NULL),(502,NULL,NULL,'Патрік Ґілмор',NULL),(503,NULL,NULL,'J. Alex Brinson',NULL),(504,NULL,NULL,'Nesta Cooper',NULL),(505,NULL,NULL,'Jared Abrahamson',NULL),(506,NULL,NULL,'John Barrowman',NULL),(507,NULL,NULL,'Ів Майлс',NULL),(508,NULL,NULL,'Kai Owen',NULL),(509,NULL,NULL,'Gareth David-Lloyd',NULL),(510,NULL,NULL,'Берн Ґорман',NULL),(511,NULL,NULL,'Наоко Морі',NULL),(512,NULL,NULL,'Тому Прайс',NULL),(513,NULL,NULL,'Пол Касі',NULL),(514,NULL,NULL,'Меккі Файфер',NULL),(515,NULL,NULL,'Касумі Арімура',NULL),(516,NULL,NULL,'Марі Нацукі',NULL),(517,NULL,NULL,'Юї Нацукава',NULL),(518,NULL,NULL,'Кейта Мачіда',NULL),(519,NULL,NULL,'Yô Yoshida',NULL),(520,NULL,NULL,'Kenshi Okada',NULL),(521,NULL,NULL,'Pilar Fogliati',NULL),(522,NULL,NULL,'Андреа Ді Стефано',NULL),(523,NULL,NULL,'Nicolas Maupas',NULL),(524,NULL,NULL,'Alessio Praticò',NULL),(525,NULL,NULL,'Astrid Meloni',NULL),(526,NULL,NULL,'Gabriele Falsetta',NULL),(527,NULL,NULL,'Jianci Tan',NULL),(528,NULL,NULL,'Shijia Jin',NULL),(529,NULL,NULL,'Yanqi Lu',NULL),(530,NULL,NULL,'Baijia Zhang',NULL),(531,NULL,NULL,'Jiaqi Zhu',NULL),(532,NULL,NULL,'Feng Jin',NULL),(533,NULL,NULL,'Lei Wu',NULL),(534,NULL,NULL,'Jin Mai Jaho',NULL),(535,NULL,NULL,'Jiaxuan Wang',NULL),(536,NULL,NULL,'Xingyue Wang',NULL),(537,NULL,NULL,'Zifan Dong',NULL),(538,NULL,NULL,'Jingke Chen',NULL),(539,NULL,NULL,'Peyton Elizabeth Lee',NULL),(540,NULL,NULL,'Emma Meisel',NULL),(541,NULL,NULL,'Matthew Sato',NULL),(542,NULL,NULL,'Wes Tian',NULL),(543,NULL,NULL,'Джеффрі Бауер-Чепман',NULL),(544,NULL,NULL,'Mapuana Makia',NULL),(545,NULL,NULL,'Ji Sung',NULL),(546,NULL,NULL,'Park Hee-soon',NULL),(547,NULL,NULL,'Won Jin-ah',NULL),(548,NULL,NULL,'Tae Won-Seok',NULL),(549,NULL,NULL,'Baek Jin-hee',NULL),(550,NULL,NULL,'Oh Se-young',NULL),(551,NULL,NULL,'Ahn Nae-sang',NULL),(552,NULL,NULL,'Kim Tae-woo',NULL),(553,NULL,NULL,'Kim Bup Rae',NULL),(554,NULL,NULL,'Девід Аттенборо',NULL),(555,NULL,NULL,'Ден Ейкройд',NULL),(556,NULL,NULL,'Ненсі Енн Сакович',NULL),(557,NULL,NULL,'Барклай Гоуп',NULL),(558,NULL,NULL,'Колін Фокс',NULL),(559,NULL,NULL,'Метт Фрюер',NULL),(560,NULL,NULL,'Найджел Беннетт',NULL),(561,NULL,NULL,'Майкл Манассері',NULL),(562,NULL,NULL,'Джон Ешер',NULL),(563,NULL,NULL,'Лі Терґесен',NULL),(564,NULL,NULL,'Ванесса Ейнджел',NULL),(565,NULL,NULL,'Брюс Чаркоу',NULL),(566,NULL,NULL,'Ендрю Прайн',NULL),(567,NULL,NULL,'Браян Джордж',NULL),(568,NULL,NULL,'Себастьян Тіллінгер',NULL),(569,NULL,NULL,'Джефф Дусетт',NULL),(570,NULL,NULL,'Грета Лі',NULL),(571,NULL,NULL,'Ітан Саплі',NULL),(572,NULL,NULL,'Стефанія Оуен',NULL),(573,NULL,NULL,'LisaGay Hamilton',NULL),(574,NULL,NULL,'Пол Адельштейн',NULL),(575,NULL,NULL,'Ґретген Мол',NULL),(576,NULL,NULL,'Кларк Пітерс',NULL),(577,NULL,NULL,'Дайан Фарр',NULL),(578,NULL,NULL,'Джинджер Ґонзаґа',NULL),(579,NULL,NULL,'Лі Чон Ха',NULL),(580,NULL,NULL,'Do-Wan Kim',NULL),(581,NULL,NULL,'Кім Сан Хо',NULL),(582,NULL,NULL,'Кім Джу Рьон',NULL),(583,NULL,NULL,'Hyun-soo Shin',NULL),(584,NULL,NULL,'Jong-gu Kim',NULL),(585,NULL,NULL,'Девід Фон Енкен',NULL),(586,NULL,NULL,'Адам Бернштейн',NULL),(587,NULL,NULL,'Джон Дал',NULL),(588,NULL,NULL,'Девід Духовни',NULL),(589,NULL,NULL,'Наташа МакЕлгоун',NULL),(590,NULL,NULL,'Еван Хендлер',NULL),(591,NULL,NULL,'Франсуа Арно',NULL),(592,NULL,NULL,'Hudson Williams',NULL),(593,NULL,NULL,'Connor Storrie',NULL),(594,NULL,NULL,'Callan Potter',NULL),(595,NULL,NULL,'Nadine Bhabha',NULL),(596,NULL,NULL,'Віталій Макаров',NULL),(597,NULL,NULL,'Shin Seul Ki',NULL),(598,NULL,NULL,'Song Ji-Woo',NULL),(599,NULL,NULL,'Сон Дже Юк',NULL),(600,NULL,NULL,'Кім Чі Йон (Бона)',NULL),(601,NULL,NULL,'Кім Джі Хун',NULL),(602,NULL,NULL,'Хан Су Йон',NULL),(603,NULL,NULL,'Фредді Гаймор',NULL),(604,NULL,NULL,'Ніколас Гонзалез',NULL),(605,NULL,NULL,'Антонія Томас',NULL),(606,NULL,NULL,'Chuku Modu',NULL),(607,NULL,NULL,'Бо Гарретт',NULL),(608,NULL,NULL,'Хілл Харпер',NULL),(609,NULL,NULL,'Річард Шифф',NULL),(610,NULL,NULL,'Graham Verchere',NULL),(611,NULL,NULL,'Темлін Томіта',NULL),(612,NULL,NULL,'Джесіка Ніколь',NULL),(613,NULL,NULL,'Софія Хелін',NULL),(614,NULL,NULL,'Рафаель Петтерссон',NULL),(615,NULL,NULL,'Даг Малмберг',NULL),(616,NULL,NULL,'Sarah Boberg',NULL),(617,NULL,NULL,'Rebecka Barkland',NULL),(618,NULL,NULL,'Кім Бодня',NULL),(619,NULL,NULL,'Пак Шарбау',NULL),(620,NULL,NULL,'Ларс Сімонсен',NULL),(621,NULL,NULL,'Henrik Lundström',NULL),(622,NULL,NULL,'Туре Ліндхардт',NULL),(623,NULL,NULL,'Bo-yeong Park',NULL),(624,NULL,NULL,'In-guk Seo',NULL),(625,NULL,NULL,'Soo-hyuk Lee',NULL),(626,NULL,NULL,'Tae-oh Kang',NULL),(627,NULL,NULL,'Do-Hyun Shin',NULL),(628,NULL,NULL,'Dawon',NULL),(629,NULL,NULL,'Ніл Мескелл',NULL),(630,NULL,NULL,'Макс Біслі',NULL),(631,NULL,NULL,'Бен Майлз',NULL),(632,NULL,NULL,'Kaisa Hammarlund',NULL),(633,NULL,NULL,'Zora Bishop',NULL),(634,NULL,NULL,'Еван Пітерс',NULL),(635,NULL,NULL,'Ештон Кутчер',NULL),(636,NULL,NULL,'Ребекка Голл',NULL),(637,NULL,NULL,'Белла Хадід',NULL),(638,NULL,NULL,'Ентоні Рамос',NULL),(639,NULL,NULL,'Джеремі Поуп',NULL),(640,NULL,NULL,'Рей Ніколсон',NULL),(641,NULL,NULL,'Ізабелла Росселліні',NULL),(642,NULL,NULL,'Пітер Клеффі',NULL),(643,NULL,NULL,'Декстер Сол Анселл',NULL),(644,NULL,NULL,'Сем Спруелл',NULL),(645,NULL,NULL,'Фінн Беннетт',NULL),(646,NULL,NULL,'Берті Карвел',NULL),(647,NULL,NULL,'Даніель Інгс',NULL),(648,NULL,NULL,'Kim Hye-yoon',NULL),(649,NULL,NULL,'Park Solomon',NULL),(650,NULL,NULL,'Jang Dong-joo',NULL),(651,NULL,NULL,'Lee Si-woo',NULL),(652,NULL,NULL,'Kim Tae-Jung',NULL),(653,NULL,NULL,'Ji Seung Jun',NULL),(654,NULL,NULL,'Tamer Levent',NULL),(655,NULL,NULL,'Erkan Avci',NULL),(656,NULL,NULL,'Serkan Altunorak',NULL),(657,NULL,NULL,'Sezin Akbasogullari',NULL),(658,NULL,NULL,'Seher Devrim Yakut',NULL),(659,NULL,NULL,'Nihan Büyükagaç',NULL),(660,NULL,NULL,'Кейтлін Олсон',NULL),(661,NULL,NULL,'Деніел Сунджата',NULL),(662,NULL,NULL,'Javicia Leslie',NULL),(663,NULL,NULL,'Джуді Реєс',NULL),(664,NULL,NULL,'Деніз Акденіз',NULL),(665,NULL,NULL,'Matthew Lamb',NULL),(666,NULL,NULL,'Burak Deniz',NULL),(667,NULL,NULL,'Su Burcu Coskun',NULL),(668,NULL,NULL,'Gürkan Uygun',NULL),(669,NULL,NULL,'Mesut Akusta',NULL),(670,NULL,NULL,'Özlem Türkad',NULL),(671,NULL,NULL,'Eren Vurdem',NULL),(672,NULL,NULL,'Карл Саган',NULL),(673,NULL,NULL,'Jaromír Hanzlík',NULL),(674,NULL,NULL,'Джонатан Фан',NULL),(675,NULL,NULL,'Alan Belod',NULL),(676,NULL,NULL,'Джин Чарні',NULL),(677,NULL,NULL,'Bill Grant',NULL),(678,NULL,NULL,'Джеймс Фолі',NULL),(679,NULL,NULL,'Робін Райт',NULL),(680,NULL,NULL,'Джон Девід Коулз',NULL),(681,NULL,NULL,'Кевін Спейсі',NULL),(682,NULL,NULL,'Майкл Келлі',NULL),(683,NULL,NULL,'Майк Фогель',NULL),(684,NULL,NULL,'Рашель Лефевр',NULL),(685,NULL,NULL,'Alexander Koch',NULL),(686,NULL,NULL,'Колін Форд',NULL),(687,NULL,NULL,'Mackenzie Lintz',NULL),(688,NULL,NULL,'Дін Норріс',NULL),(689,NULL,NULL,'Чхве Су Йон',NULL),(690,NULL,NULL,'Кім Дже Йон',NULL),(691,NULL,NULL,'Choi Hee-jin',NULL),(692,NULL,NULL,'Hyun Jin Kim',NULL),(693,NULL,NULL,'Jeong Jae-Kwang',NULL),(694,NULL,NULL,'Кім Вон Хе',NULL),(695,NULL,NULL,'Shiho Kato',NULL),(696,NULL,NULL,'Kanna Mori',NULL),(697,NULL,NULL,'Kyoya Honda',NULL),(698,NULL,NULL,'Міо Юкі',NULL),(699,NULL,NULL,'Yuka Someya',NULL),(700,NULL,NULL,'Mone Kawame',NULL),(701,NULL,NULL,'Myung-soo Kim',NULL),(702,NULL,NULL,'Чхве Чін Хьок',NULL),(703,NULL,NULL,'Чхве Мін Су',NULL),(704,NULL,NULL,'Sung-yeol Lee',NULL),(705,NULL,NULL,'Сон Бьон Сук',NULL),(706,NULL,NULL,'Лі Кі Чанг',NULL),(707,NULL,NULL,'Джек Коулман',NULL),(708,NULL,NULL,'Гейден Панеттьєрі',NULL),(709,NULL,NULL,'Майло Вентимілья',NULL),(710,NULL,NULL,'Масі Ока',NULL),(711,NULL,NULL,'Грег Гранберг',NULL),(712,NULL,NULL,'Сендхіл Рамамурті',NULL),(713,NULL,NULL,'Адріан Пасдар',NULL),(714,NULL,NULL,'Закарі Куінто',NULL),(715,NULL,NULL,'Юкі Оно',NULL),(716,NULL,NULL,'Кейджі Фуджівара',NULL),(717,NULL,NULL,'Arisa Noto',NULL),(718,NULL,NULL,'Junya Enoki',NULL),(719,NULL,NULL,'Yuma Uchida',NULL),(720,NULL,NULL,'Asami Seto',NULL),(721,NULL,NULL,'Джунічі Сувабе',NULL),(722,NULL,NULL,'Mitsuo Iwata',NULL),(723,NULL,NULL,'Kana Ichinose',NULL),(724,NULL,NULL,'Saori Ônishi',NULL),(725,NULL,NULL,'Takako Tanaka',NULL),(726,NULL,NULL,'Kanna Nakamura',NULL),(727,NULL,NULL,'Yukari Anzai',NULL),(728,NULL,NULL,'Акі Тойосакі',NULL),(729,NULL,NULL,'Дайкі Ямашіта',NULL),(730,NULL,NULL,'Inori Minase',NULL),(731,NULL,NULL,'Мікако Комацу',NULL),(732,NULL,NULL,'Йоко Хікаса',NULL),(733,NULL,NULL,'Кацуюкі Конісі',NULL),(734,NULL,NULL,'Haruka Kudô',NULL),(735,NULL,NULL,'Аюму Мурасе',NULL),(736,NULL,NULL,'Дайсуке Намікава',NULL),(737,NULL,NULL,'Risa Taneda',NULL),(738,NULL,NULL,'Кана Ханазава',NULL),(739,NULL,NULL,'Канехіра Ямамото',NULL),(740,NULL,NULL,'Chikahiro Kobayashi',NULL),(741,NULL,NULL,'Юмірі Ханаморі',NULL),(742,NULL,NULL,'Ріє Такахасі',NULL),(743,NULL,NULL,'Кенсьо Оно',NULL),(744,NULL,NULL,'Дайкі Ямасіта',NULL),(745,NULL,NULL,'Макото Фурукава',NULL),(746,NULL,NULL,'You-Wu-Yue-Shan',NULL),(747,NULL,NULL,'Lu Li',NULL),(748,NULL,NULL,'Tu-Te-Ha-Meng',NULL),(749,NULL,NULL,'Nobuyuki Kobushi',NULL),(750,NULL,NULL,'Saori Hayami',NULL),(751,NULL,NULL,'Atsushi Tamaru',NULL),(752,NULL,NULL,'Yuki Kaji',NULL),(753,NULL,NULL,'Іноуе Маріна',NULL),(754,NULL,NULL,'Josh Grelle',NULL),(755,NULL,NULL,'Брюс Папенбрук',NULL),(756,NULL,NULL,'Yui Ishikawa',NULL),(757,NULL,NULL,'Тріна Нішімура',NULL),(758,NULL,NULL,'Савашіро Міюкі',NULL),(759,NULL,NULL,'Морі Фуко',NULL),(760,NULL,NULL,'Сувабе Джюнічі',NULL),(761,NULL,NULL,'Охара Саяка',NULL),(762,NULL,NULL,'Мацуй Еріко',NULL),(763,NULL,NULL,'Кондо Такаші',NULL),(764,NULL,NULL,'Ацумі Танедзакі',NULL),(765,NULL,NULL,'Сатоши Хіно',NULL),(766,NULL,NULL,'Аяхі Такаґакі',NULL),(767,NULL,NULL,'Такуя Егучі',NULL),(768,NULL,NULL,'Аой Юкі',NULL),(769,NULL,NULL,'Рьота Судзукі',NULL),(770,NULL,NULL,'Shota Hayama',NULL),(771,NULL,NULL,'Кентаро Кумаґай',NULL),(772,NULL,NULL,'Aya Yamane',NULL),(773,NULL,NULL,'Momoko Seto',NULL),(774,NULL,NULL,'Rei Ichinomiya',NULL),(775,NULL,NULL,'Zeno Robinson',NULL),(776,NULL,NULL,'Jonah Scott',NULL),(777,NULL,NULL,'Джонні Йонг Бош',NULL),(778,NULL,NULL,'Алехандро Сааб',NULL),(779,NULL,NULL,'Kellen Goff',NULL),(780,NULL,NULL,'Дж. Майкл Татум',NULL),(781,NULL,NULL,'Іґома Юріе',NULL),(782,NULL,NULL,'Яно Юміка',NULL),(783,NULL,NULL,'Умеда Шюічіро',NULL),(784,NULL,NULL,'Юкі Кадзі',NULL),(785,NULL,NULL,'Тошіюкі Морікава',NULL),(786,NULL,NULL,'Харука Томацу',NULL),(787,NULL,NULL,'Йошіко Сакакібара',NULL),(788,NULL,NULL,'Шиорі Ізава',NULL),(789,NULL,NULL,'Маміко Ното',NULL),(790,NULL,NULL,'Ryota Iwasaki',NULL),(791,NULL,NULL,'Кікуносуке Тоя',NULL),(792,NULL,NULL,'Miyuki Sakurai',NULL),(793,NULL,NULL,'Momoko Kurasawa',NULL),(794,NULL,NULL,'Momoka Terasawa',NULL),(795,NULL,NULL,'Місато Мацуока',NULL),(796,NULL,NULL,'Ая Ендо',NULL),(797,NULL,NULL,'Рьотаро Окіаю',NULL),(798,NULL,NULL,'Міюрі Сімабукуро',NULL),(799,NULL,NULL,'Нао Тояма',NULL),(800,NULL,NULL,'Нацумі Фудзівара',NULL),(801,NULL,NULL,'Каорі Сімідзу',NULL),(802,NULL,NULL,'Бріджит Гоффман',NULL),(803,NULL,NULL,'Dan Lorge',NULL),(804,NULL,NULL,'Ренді МакФерсон',NULL),(805,NULL,NULL,'Ali Moriizumi',NULL),(806,NULL,NULL,'Аяко Кавасумі',NULL),(807,NULL,NULL,'Йохеї Адзакамі',NULL),(808,NULL,NULL,'Shun Horie',NULL),(809,NULL,NULL,'Shizuka Ishigami',NULL),(810,NULL,NULL,'Mayu Iizuka',NULL),(811,NULL,NULL,'Рін Кусумі',NULL),(812,NULL,NULL,'Ю Серідзава',NULL),(813,NULL,NULL,'Сае Хірацука',NULL),(814,NULL,NULL,'Такехіро Урао',NULL),(815,NULL,NULL,'Йошіцуґу Мацуока',NULL),(816,NULL,NULL,'Sakura Ando',NULL),(817,NULL,NULL,'Йошімаса Хосоя',NULL),(818,NULL,NULL,'Chika Ayamori',NULL),(819,NULL,NULL,'Ай Каяно',NULL),(820,NULL,NULL,'Дайсуке Сакагуті',NULL),(821,NULL,NULL,'Юїчі Накамура',NULL),(822,NULL,NULL,'Казухіко Іноуе',NULL),(823,NULL,NULL,'Ацумі Танезакі',NULL),(824,NULL,NULL,'Кана Ічіносе',NULL),(825,NULL,NULL,'Нобухіко Окамото',NULL),(826,NULL,NULL,'Хірокі Тоучі',NULL),(827,NULL,NULL,'Йоджі Уеда',NULL),(828,NULL,NULL,'Масафумі Кобатаке',NULL),(829,NULL,NULL,'Такехіто Коясу',NULL),(830,NULL,NULL,'Aya Endo',NULL),(831,NULL,NULL,'Koki Uchiyama',NULL),(832,NULL,NULL,'Мінор Лидзука',NULL),(833,NULL,NULL,'Хіросі Камія',NULL),(834,NULL,NULL,'Міцуіші Котоно',NULL),(835,NULL,NULL,'Тессьо Ґенда',NULL),(836,NULL,NULL,'Масая Оносака',NULL),(837,NULL,NULL,'Рьохей Кімура',NULL),(838,NULL,NULL,'Фуджіта Сакі',NULL),(839,NULL,NULL,'Шімода Асамі',NULL),(840,NULL,NULL,'Асакава Ю',NULL),(841,NULL,NULL,'Сато Хіната',NULL),(842,NULL,NULL,'Кусунокі Томорі',NULL),(843,NULL,NULL,'Фуґа Наото',NULL),(844,NULL,NULL,'Jôji Yanami',NULL),(845,NULL,NULL,'Masako Nozawa',NULL),(846,NULL,NULL,'Mayumi Tanaka',NULL),(847,NULL,NULL,'Toshio Furukawa',NULL),(848,NULL,NULL,'Ryô Horikawa',NULL),(849,NULL,NULL,'Hiromi Tsuru',NULL),(850,NULL,NULL,'Hirotaka Suzuoki',NULL),(851,NULL,NULL,'Takeshi Kusao',NULL),(852,NULL,NULL,'Tôru Furuya',NULL),(853,NULL,NULL,'Суміре Морохоші',NULL),(854,NULL,NULL,'Томокадзу Секі',NULL),(855,NULL,NULL,'Ю Кобаясі',NULL),(856,NULL,NULL,'Ватару Хатано',NULL),(857,NULL,NULL,'Моніка Ріал',NULL),(858,NULL,NULL,'Крістофер Сабат',NULL),(859,NULL,NULL,'Чіва Сайто',NULL),(860,NULL,NULL,'Дзюнко Мінагава',NULL),(861,NULL,NULL,'Nozomi Yamamoto',NULL),(862,NULL,NULL,'Gakuto Kajiwara',NULL),(863,NULL,NULL,'Казуя Накаї',NULL),(864,NULL,NULL,'Yûsuke Kobayashi',NULL),(865,NULL,NULL,'Кеніті Судзумура',NULL),(866,NULL,NULL,'Saeko Kamijo',NULL),(867,NULL,NULL,'Mao Ichimichi',NULL),(868,NULL,NULL,'Сома Сайто',NULL),(869,NULL,NULL,'Хасеґава Ікумі',NULL),(870,NULL,NULL,'Нанамі Хірокі',NULL),(871,NULL,NULL,'Кіто Акарі',NULL),(872,NULL,NULL,'Анзай Чіка',NULL),(873,NULL,NULL,'Оцука Такео',NULL),(874,NULL,NULL,'Цуда Кенджіро',NULL),(875,NULL,NULL,'Jun Fukuyama',NULL),(876,NULL,NULL,'Kikunosuke Toya',NULL),(877,NULL,NULL,'Wataru Komada',NULL),(878,NULL,NULL,'Таку Яшіро',NULL),(879,NULL,NULL,'Ая Ямане',NULL),(880,NULL,NULL,'Кутароу Нісіяма',NULL),(881,NULL,NULL,'Kengo Kawanishi',NULL),(882,NULL,NULL,'Йошімаса Госоя',NULL),(883,NULL,NULL,'Yuka Terasaki',NULL),(884,NULL,NULL,'Jon Allen',NULL),(885,NULL,NULL,'Tom Bauer',NULL),(886,NULL,NULL,'Сінносуке Тачібана',NULL),(887,NULL,NULL,'Саорі Хаямі',NULL),(888,NULL,NULL,'Марина Іное',NULL),(889,NULL,NULL,'Юкана',NULL),(890,NULL,NULL,'Юкі Кайда',NULL),(891,NULL,NULL,'Казуюкі Окіцу',NULL),(892,NULL,NULL,'Мегумі Тойогуті',NULL),(893,NULL,NULL,'Хана Сато',NULL),(894,NULL,NULL,'Рейго Ямагуті',NULL),(895,NULL,NULL,'Рей Іхіномія',NULL),(896,NULL,NULL,'Tony Beck',NULL),(897,NULL,NULL,'Laurent Vernin',NULL),(898,NULL,NULL,'Маюмі Танака',NULL),(899,NULL,NULL,'Акемі Окамура',NULL),(900,NULL,NULL,'Каппей Ямагуті',NULL),(901,NULL,NULL,'Дзюн Фукуяма',NULL),(902,NULL,NULL,'Кікуко Іноуе',NULL),(903,NULL,NULL,'Кобаясі Санае',NULL),(904,NULL,NULL,'Хоко Кувасіма',NULL),(905,NULL,NULL,'Jun Kamei',NULL),(906,NULL,NULL,'Ая Хірано',NULL),(907,NULL,NULL,'Томо Сакурай',NULL),(908,NULL,NULL,'Юкарі Тамура',NULL),(909,NULL,NULL,'Saeko Chiba',NULL),(910,NULL,NULL,'Такео Оцука',NULL),(911,NULL,NULL,'Юрі Ігома',NULL),(912,NULL,NULL,'Рі Такахаші',NULL),(913,NULL,NULL,'Мегумі Хан',NULL),(914,NULL,NULL,'Юмі Учіяма',NULL),(915,NULL,NULL,'Кент Ітоу',NULL),(916,NULL,NULL,'Шіорі Ідзава',NULL),(917,NULL,NULL,'Win Morisaki',NULL),(918,NULL,NULL,'Кадзуюкі Окіцу',NULL),(919,NULL,NULL,'Seiichiro Yamashita',NULL),(920,NULL,NULL,'Томоакі Маено',NULL);
/*!40000 ALTER TABLE `actors` ENABLE KEYS */;
UNLOCK TABLES;

--
-- Table structure for table `articles`
--

DROP TABLE IF EXISTS `articles`;
/*!40101 SET @saved_cs_client     = @@character_set_client */;
/*!50503 SET character_set_client = utf8mb4 */;
CREATE TABLE `articles` (
  `id` int unsigned NOT NULL AUTO_INCREMENT,
  `title` text COLLATE utf8mb4_unicode_ci NOT NULL,
  `body` longtext COLLATE utf8mb4_unicode_ci NOT NULL,
  `created_at` timestamp NOT NULL DEFAULT CURRENT_TIMESTAMP,
  `updated_at` timestamp NULL DEFAULT NULL,
  PRIMARY KEY (`id`)
) ENGINE=InnoDB DEFAULT CHARSET=utf8mb4 COLLATE=utf8mb4_unicode_ci;
/*!40101 SET character_set_client = @saved_cs_client */;

--
-- Dumping data for table `articles`
--

LOCK TABLES `articles` WRITE;
/*!40000 ALTER TABLE `articles` DISABLE KEYS */;
/*!40000 ALTER TABLE `articles` ENABLE KEYS */;
UNLOCK TABLES;

--
-- Table structure for table `cache`
--

DROP TABLE IF EXISTS `cache`;
/*!40101 SET @saved_cs_client     = @@character_set_client */;
/*!50503 SET character_set_client = utf8mb4 */;
CREATE TABLE `cache` (
  `key` varchar(255) COLLATE utf8mb4_unicode_ci NOT NULL,
  `value` mediumtext COLLATE utf8mb4_unicode_ci NOT NULL,
  `expiration` int NOT NULL,
  PRIMARY KEY (`key`)
) ENGINE=InnoDB DEFAULT CHARSET=utf8mb4 COLLATE=utf8mb4_unicode_ci;
/*!40101 SET character_set_client = @saved_cs_client */;

--
-- Dumping data for table `cache`
--

LOCK TABLES `cache` WRITE;
/*!40000 ALTER TABLE `cache` DISABLE KEYS */;
/*!40000 ALTER TABLE `cache` ENABLE KEYS */;
UNLOCK TABLES;

--
-- Table structure for table `cache_locks`
--

DROP TABLE IF EXISTS `cache_locks`;
/*!40101 SET @saved_cs_client     = @@character_set_client */;
/*!50503 SET character_set_client = utf8mb4 */;
CREATE TABLE `cache_locks` (
  `key` varchar(255) COLLATE utf8mb4_unicode_ci NOT NULL,
  `owner` varchar(255) COLLATE utf8mb4_unicode_ci NOT NULL,
  `expiration` int NOT NULL,
  PRIMARY KEY (`key`)
) ENGINE=InnoDB DEFAULT CHARSET=utf8mb4 COLLATE=utf8mb4_unicode_ci;
/*!40101 SET character_set_client = @saved_cs_client */;

--
-- Dumping data for table `cache_locks`
--

LOCK TABLES `cache_locks` WRITE;
/*!40000 ALTER TABLE `cache_locks` DISABLE KEYS */;
/*!40000 ALTER TABLE `cache_locks` ENABLE KEYS */;
UNLOCK TABLES;

--
-- Table structure for table `cdn_videos`
--

DROP TABLE IF EXISTS `cdn_videos`;
/*!40101 SET @saved_cs_client     = @@character_set_client */;
/*!50503 SET character_set_client = utf8mb4 */;
CREATE TABLE `cdn_videos` (
  `id` int NOT NULL AUTO_INCREMENT,
  `cdn_id` int unsigned DEFAULT NULL,
  `video_id` int unsigned DEFAULT NULL,
  `created_at` datetime DEFAULT CURRENT_TIMESTAMP,
  `counter` int NOT NULL DEFAULT '1',
  PRIMARY KEY (`id`),
  KEY `cdn_videos_video_id_foreign` (`video_id`),
  KEY `cdn_videos_cdn_id_foreign` (`cdn_id`),
  CONSTRAINT `cdn_videos_cdn_id_foreign` FOREIGN KEY (`cdn_id`) REFERENCES `cdns` (`id`) ON DELETE CASCADE,
  CONSTRAINT `cdn_videos_video_id_foreign` FOREIGN KEY (`video_id`) REFERENCES `videos` (`id`) ON DELETE CASCADE
) ENGINE=InnoDB DEFAULT CHARSET=utf8mb4 COLLATE=utf8mb4_unicode_ci;
/*!40101 SET character_set_client = @saved_cs_client */;

--
-- Dumping data for table `cdn_videos`
--

LOCK TABLES `cdn_videos` WRITE;
/*!40000 ALTER TABLE `cdn_videos` DISABLE KEYS */;
/*!40000 ALTER TABLE `cdn_videos` ENABLE KEYS */;
UNLOCK TABLES;

--
-- Table structure for table `cdns`
--

DROP TABLE IF EXISTS `cdns`;
/*!40101 SET @saved_cs_client     = @@character_set_client */;
/*!50503 SET character_set_client = utf8mb4 */;
CREATE TABLE `cdns` (
  `id` int unsigned NOT NULL AUTO_INCREMENT,
  `host` varchar(255) COLLATE utf8mb4_unicode_ci DEFAULT NULL,
  `active` tinyint(1) NOT NULL DEFAULT '0',
  `node_name` varchar(255) COLLATE utf8mb4_unicode_ci DEFAULT NULL,
  `comment` text COLLATE utf8mb4_unicode_ci,
  `weight` int NOT NULL DEFAULT '1',
  `counter` int NOT NULL DEFAULT '0',
  `weight_counter` int NOT NULL DEFAULT '0',
  `tx` int NOT NULL DEFAULT '0',
  `rx` int NOT NULL DEFAULT '0',
  `tx5m` int NOT NULL DEFAULT '0',
  `rx5m` int NOT NULL DEFAULT '0',
  `last_report` datetime DEFAULT NULL,
  PRIMARY KEY (`id`)
) ENGINE=InnoDB DEFAULT CHARSET=utf8mb4 COLLATE=utf8mb4_unicode_ci;
/*!40101 SET character_set_client = @saved_cs_client */;

--
-- Dumping data for table `cdns`
--

LOCK TABLES `cdns` WRITE;
/*!40000 ALTER TABLE `cdns` DISABLE KEYS */;
/*!40000 ALTER TABLE `cdns` ENABLE KEYS */;
UNLOCK TABLES;

--
-- Table structure for table `countries_iso`
--

DROP TABLE IF EXISTS `countries_iso`;
/*!40101 SET @saved_cs_client     = @@character_set_client */;
/*!50503 SET character_set_client = utf8mb4 */;
CREATE TABLE `countries_iso` (
  `id` int unsigned NOT NULL AUTO_INCREMENT,
  `name` varchar(100) COLLATE utf8mb4_unicode_ci NOT NULL,
  `iso_code` varchar(2) COLLATE utf8mb4_unicode_ci NOT NULL,
  `geo_group_id` int unsigned DEFAULT NULL,
  PRIMARY KEY (`id`),
  UNIQUE KEY `countries_iso_iso_code_unique` (`iso_code`),
  KEY `countries_iso_iso_code_index` (`iso_code`),
  KEY `countries_iso_geo_group_id_index` (`geo_group_id`),
  CONSTRAINT `countries_iso_geo_group_id_foreign` FOREIGN KEY (`geo_group_id`) REFERENCES `geo_groups` (`id`) ON DELETE SET NULL
) ENGINE=InnoDB AUTO_INCREMENT=249 DEFAULT CHARSET=utf8mb4 COLLATE=utf8mb4_unicode_ci;
/*!40101 SET character_set_client = @saved_cs_client */;

--
-- Dumping data for table `countries_iso`
--

LOCK TABLES `countries_iso` WRITE;
/*!40000 ALTER TABLE `countries_iso` DISABLE KEYS */;
INSERT INTO `countries_iso` VALUES (1,'Австралия','AU',NULL),(2,'Австрия','AT',NULL),(3,'Азербайджан','AZ',NULL),
(4,'Албания','AL',NULL),(5,'Алжир','DZ',NULL),(6,'Американские Виргинские острова','VI',NULL),(7,'Ангилья','AI',NULL),(8,'Ангола','AO',NULL),(9,'Андорра','AD',NULL),(10,'Антарктида','AQ',NULL),
(11,'Антигуа и Барбуда','AG',NULL),(12,'Аргентина','AR',NULL),(13,'Армения','AM',NULL),(14,'Аруба','AW',NULL),(15,'Афганистан','AF',NULL),(16,'Багамы','BS',NULL),(17,'Бангладеш','BD',NULL),
(18,'Барбадос','BB',NULL),(19,'Бахрейн','BH',NULL),(20,'Беларусь','BY',NULL),(21,'Белиз','BZ',NULL),(22,'Бельгия','BE',NULL),(23,'Бенин','BJ',NULL),(24,'Бермуды','BM',NULL),(25,'Болгария','BG',NULL),
(26,'Боливия','BO',NULL),(27,'Бонэйр, Синт-Эстатиус и Саба','BQ',NULL),(28,'Босния и Герцеговина','BA',NULL),(29,'Ботсвана','BW',NULL),(30,'Бразилия','BR',NULL),
(31,'Британские Виргинские острова','VG',NULL),(32,'Бруней','BN',NULL),(33,'Буркина-Фасо','BF',NULL),(34,'Бурунди','BI',NULL),(35,'Бутан','BT',NULL),(36,'Вануату','VU',NULL),(37,'Ватикан','VA',NULL),
(38,'Великобритания','GB',NULL),(39,'Венгрия','HU',NULL),(40,'Венесуэла','VE',NULL),(41,'Восточный Тимор','TL',NULL),(42,'Вьетнам','VN',NULL),(43,'Габон','GA',NULL),(44,'Гаити','HT',NULL),
(45,'Гайана','GY',NULL),(46,'Гамбия','GM',NULL),(47,'Гана','GH',NULL),(48,'Гваделупа','GP',NULL),(49,'Гватемала','GT',NULL),(50,'Гвинея','GN',NULL),(51,'Гвинея-Бисау','GW',NULL),
(52,'Германия','DE',NULL),(53,'Гернси','GG',NULL),(54,'Гибралтар','GI',NULL),(55,'Гондурас','HN',NULL),(56,'Гонконг','HK',NULL),(57,'Гренада','GD',NULL),(58,'Гренландия','GL',NULL),
(59,'Греция','GR',NULL),(60,'Грузия','GE',NULL),(61,'Гуам','GU',NULL),(62,'Дания','DK',NULL),(63,'Джерси','JE',NULL),(64,'Джибути','DJ',NULL),(65,'Доминика','DM',NULL),(66,'Доминикана','DO',NULL),(67,'Египет','EG',NULL),(68,'Замбия','ZM',NULL),(69,'Западная Сахара','EH',NULL),(70,'Зимбабве','ZW',NULL),(71,'Израиль','IL',NULL),(72,'Индия','IN',NULL),(73,'Индонезия','ID',NULL),(74,'Иордания','JO',NULL),(75,'Ирак','IQ',NULL),(76,'Иран','IR',NULL),(77,'Ирландия','IE',NULL),(78,'Исландия','IS',NULL),(79,'Испания','ES',NULL),(80,'Италия','IT',NULL),(81,'Йемен','YE',NULL),(82,'Кабо-Верде','CV',NULL),(83,'Казахстан','KZ',NULL),(84,'Каймановы острова','KY',NULL),(85,'Камбоджа','KH',NULL),(86,'Камерун','CM',NULL),(87,'Канада','CA',NULL),(88,'Катар','QA',NULL),(89,'Кения','KE',NULL),(90,'Кипр','CY',NULL),(91,'Киргизия','KG',NULL),(92,'Кирибати','KI',NULL),(93,'Китай','CN',NULL),(94,'Кокосовые острова','CC',NULL),(95,'Колумбия','CO',NULL),(96,'Коморы','KM',NULL),(97,'Конго','CG',NULL),(98,'ДР Конго','CD',NULL),(99,'Корея Северная','KP',NULL),(100,'Корея Южная','KR',NULL),(101,'Коста-Рика','CR',NULL),(102,'Кот-дИвуар','CI',NULL),(103,'Куба','CU',NULL),(104,'Кувейт','KW',NULL),(105,'Кюрасао','CW',NULL),(106,'Лаос','LA',NULL),(107,'Латвия','LV',NULL),(108,'Лесото','LS',NULL),(109,'Либерия','LR',NULL),(110,'Ливан','LB',NULL),(111,'Ливия','LY',NULL),(112,'Литва','LT',NULL),(113,'Лихтенштейн','LI',NULL),(114,'Люксембург','LU',NULL),(115,'Маврикий','MU',NULL),(116,'Мавритания','MR',NULL),(117,'Мадагаскар','MG',NULL),(118,'Майотта','YT',NULL),(119,'Макао','MO',NULL),(120,'Малави','MW',NULL),(121,'Малайзия','MY',NULL),(122,'Мали','ML',NULL),(123,'Мальдивы','MV',NULL),(124,'Мальта','MT',NULL),(125,'Марокко','MA',NULL),(126,'Мартиника','MQ',NULL),(127,'Маршалловы острова','MH',NULL),(128,'Мексика','MX',NULL),(129,'Мозамбик','MZ',NULL),(130,'Молдова','MD',NULL),(131,'Монако','MC',NULL),(132,'Монголия','MN',NULL),(133,'Монтсеррат','MS',NULL),(134,'Мьянма','MM',NULL),(135,'Намибия','NA',NULL),(136,'Науру','NR',NULL),(137,'Непал','NP',NULL),(138,'Нигер','NE',NULL),(139,'Нигерия','NG',NULL),(140,'Нидерланды','NL',NULL),(141,'Никарагуа','NI',NULL),(142,'Ниуэ','NU',NULL),(143,'Новая Зеландия','NZ',NULL),(144,'Новая Каледония','NC',NULL),(145,'Норвегия','NO',NULL),(146,'ОАЭ','AE',NULL),(147,'Оман','OM',NULL),(148,'Остров Буве','BV',NULL),(149,'Остров Мэн','IM',NULL),(150,'Остров Норфолк','NF',NULL),(151,'Остров Рождества','CX',NULL),(152,'Острова Кука','CK',NULL),(153,'Острова Теркс и Кайкос','TC',NULL),(154,'Пакистан','PK',NULL),(155,'Палау','PW',NULL),(156,'Палестина','PS',NULL),(157,'Панама','PA',NULL),(158,'Папуа — Новая Гвинея','PG',NULL),(159,'Парагвай','PY',NULL),(160,'Перу','PE',NULL),(161,'Питкэрн','PN',NULL),(162,'Польша','PL',NULL),(163,'Португалия','PT',NULL),(164,'Пуэрто-Рико','PR',NULL),(165,'Северная Македония','MK',NULL),(166,'Реюньон','RE',NULL),(167,'Россия','RU',NULL),(168,'Руанда','RW',NULL),(169,'Румыния','RO',NULL),(170,'Сальвадор','SV',NULL),(171,'Самоа','WS',NULL),(172,'Сан-Марино','SM',NULL),(173,'Сан-Томе и Принсипи','ST',NULL),(174,'Саудовская Аравия','SA',NULL),(175,'Святая Елена','SH',NULL),(176,'Северные Марианские острова','MP',NULL),(177,'Сейшелы','SC',NULL),(178,'Сен-Бартелеми','BL',NULL),(179,'Сен-Мартен','MF',NULL),(180,'Сен-Пьер и Микелон','PM',NULL),(181,'Сенегал','SN',NULL),(182,'Сент-Винсент и Гренадины','VC',NULL),(183,'Сент-Китс и Невис','KN',NULL),(184,'Сент-Люсия','LC',NULL),(185,'Сербия','RS',NULL),(186,'Сингапур','SG',NULL),(187,'Синт-Мартен','SX',NULL),(188,'Сирия','SY',NULL),(189,'Словакия','SK',NULL),(190,'Словения','SI',NULL),(191,'Соломоновы Острова','SB',NULL),(192,'Сомали','SO',NULL),(193,'Судан','SD',NULL),(194,'Суринам','SR',NULL),(195,'США','US',NULL),(196,'Сьерра-Леоне','SL',NULL),(197,'Таджикистан','TJ',NULL),(198,'Таиланд','TH',NULL),(199,'Тайвань','TW',NULL),(200,'Танзания','TZ',NULL),(201,'Того','TG',NULL),(202,'Токелау','TK',NULL),(203,'Тонга','TO',NULL),(204,'Тринидад и Тобаго','TT',NULL),(205,'Тувалу','TV',NULL),(206,'Тунис','TN',NULL),(207,'Туркменистан','TM',NULL),(208,'Турция','TR',NULL),(209,'Уганда','UG',NULL),(210,'Узбекистан','UZ',NULL),(211,'Украина','UA',NULL),(212,'Уоллис и Футуна','WF',NULL),(213,'Уругвай','UY',NULL),(214,'Фарерские острова','FO',NULL),(215,'Микронезия','FM',NULL),(216,'Фиджи','FJ',NULL),(217,'Филиппины','PH',NULL),(218,'Финляндия','FI',NULL),(219,'Фолклендские острова','FK',NULL),(220,'Франция','FR',NULL),(221,'Французская Гвиана','GF',NULL),(222,'Французская Полинезия','PF',NULL),(223,'Французские Южные территории','TF',NULL),(224,'Хорватия','HR',NULL),(225,'ЦАР','CF',NULL),(226,'Чад','TD',NULL),(227,'Черногория','ME',NULL),(228,'Чехия','CZ',NULL),(229,'Чили','CL',NULL),(230,'Швейцария','CH',NULL),(231,'Швеция','SE',NULL),(232,'Шпицберген и Ян-Майен','SJ',NULL),(233,'Шри-Ланка','LK',NULL),(234,'Эквадор','EC',NULL),(235,'Экваториальная Гвинея','GQ',NULL),(236,'Эритрея','ER',NULL),(237,'Эсватини','SZ',NULL),(238,'Эстония','EE',NULL),(239,'Эфиопия','ET',NULL),(240,'ЮАР','ZA',NULL),(241,'Южная Георгия и Южные Сандвичевы острова','GS',NULL),(242,'Южный Судан','SS',NULL),(243,'Ямайка','JM',NULL),(244,'Япония','JP',NULL),(245,'Американское Самоа','AS',NULL),(246,'Британская территория в Индийском океане','IO',NULL),(247,'Внешние малые острова США','UM',NULL),(248,'Остров Херд и острова Макдональд','HM',NULL);
/*!40000 ALTER TABLE `countries_iso` ENABLE KEYS */;
UNLOCK TABLES;

--
-- Table structure for table `countries_iso_video`
--

DROP TABLE IF EXISTS `countries_iso_video`;
/*!40101 SET @saved_cs_client     = @@character_set_client */;
/*!50503 SET character_set_client = utf8mb4 */;
CREATE TABLE `countries_iso_video` (
  `id` bigint unsigned NOT NULL AUTO_INCREMENT,
  `video_id` int unsigned NOT NULL,
  `countries_iso_id` int unsigned NOT NULL,
  PRIMARY KEY (`id`),
  UNIQUE KEY `countries_iso_video_video_id_countries_iso_id_unique` (`video_id`,`countries_iso_id`),
  KEY `countries_iso_video_countries_iso_id_foreign` (`countries_iso_id`),
  CONSTRAINT `countries_iso_video_countries_iso_id_foreign` FOREIGN KEY (`countries_iso_id`) REFERENCES `countries_iso` (`id`) ON DELETE CASCADE,
  CONSTRAINT `countries_iso_video_video_id_foreign` FOREIGN KEY (`video_id`) REFERENCES `videos` (`id`) ON DELETE CASCADE
) ENGINE=InnoDB DEFAULT CHARSET=utf8mb4 COLLATE=utf8mb4_unicode_ci;
/*!40101 SET character_set_client = @saved_cs_client */;

--
-- Dumping data for table `countries_iso_video`
--

LOCK TABLES `countries_iso_video` WRITE;
/*!40000 ALTER TABLE `countries_iso_video` DISABLE KEYS */;
/*!40000 ALTER TABLE `countries_iso_video` ENABLE KEYS */;
UNLOCK TABLES;

--
-- Table structure for table `director_video`
--

DROP TABLE IF EXISTS `director_video`;
/*!40101 SET @saved_cs_client     = @@character_set_client */;
/*!50503 SET character_set_client = utf8mb4 */;
CREATE TABLE `director_video` (
  `id` bigint unsigned NOT NULL AUTO_INCREMENT,
  `video_id` int unsigned NOT NULL,
  `director_id` int unsigned NOT NULL,
  PRIMARY KEY (`id`),
  UNIQUE KEY `director_video_video_id_director_id_unique` (`video_id`,`director_id`),
  KEY `director_video_director_id_foreign` (`director_id`),
  CONSTRAINT `director_video_director_id_foreign` FOREIGN KEY (`director_id`) REFERENCES `directors` (`id`) ON DELETE CASCADE,
  CONSTRAINT `director_video_video_id_foreign` FOREIGN KEY (`video_id`) REFERENCES `videos` (`id`) ON DELETE CASCADE
) ENGINE=InnoDB AUTO_INCREMENT=262 DEFAULT CHARSET=utf8mb4 COLLATE=utf8mb4_unicode_ci;
/*!40101 SET character_set_client = @saved_cs_client */;

--
-- Dumping data for table `director_video`
--

LOCK TABLES `director_video` WRITE;
/*!40000 ALTER TABLE `director_video` DISABLE KEYS */;
INSERT INTO `director_video` VALUES (1,1,1),(2,2,2),(3,3,3),(4,4,4),(5,5,5),(6,6,6),(7,7,7),(8,8,8),(9,9,9),(10,10,10),(11,11,11),(12,12,12),(13,13,13),(14,14,14),(15,15,15),(16,16,16),(17,17,17),(18,18,18),(19,19,19),(20,20,20),(21,21,21),(22,22,22),(23,23,23),(24,24,24),(25,25,25),(26,26,26),(27,27,27),(28,28,28),(29,29,29),(30,30,30),(31,31,31),(32,31,32),(33,32,33),(34,33,34),(35,34,35),(36,35,36),(37,36,37),(38,37,38),(39,38,39),(40,39,40),(41,40,41),(42,41,42),(43,41,43),(44,41,44),(45,42,45),(46,42,46),(47,43,47),(48,43,48),(49,44,49),(50,44,50),(51,44,51),(52,45,52),(53,46,53),(54,47,54),(55,47,55),(56,47,56),(57,47,57),(58,48,58),(59,49,59),(60,50,60),(61,51,61),(62,52,62),(63,52,63),(64,53,64),(65,53,65),(66,53,66),(67,54,67),(68,54,68),(69,55,69),(70,55,70),(71,56,71),(72,56,72),(73,56,73),(74,57,74),(75,58,75),(76,58,76),(77,58,77),(78,59,78),(79,60,79),(80,60,80),(81,60,81),(82,61,46),(83,62,82),(84,63,83),(85,63,84),(86,63,85),(87,64,86),(88,64,87),(89,65,88),(90,65,89),(91,65,90),(92,66,91),(93,67,92),(94,68,93),(95,68,94),(96,68,95),(97,69,96),(98,70,97),(99,70,98),(100,71,99),(101,71,100),(102,72,101),(103,73,102),(104,73,103),(105,73,104),(106,74,105),(107,75,106),(108,75,107),(109,76,106),(110,76,107),(111,77,106),(112,77,107),(113,78,108),(114,79,109),(115,79,110),(116,79,111),(117,80,112),(118,81,113),(119,82,114),(120,82,115),(121,82,116),(122,82,117),(123,82,118),(124,83,119),(125,84,120),(126,84,121),(127,84,122),(128,85,123),(129,85,124),(130,85,125),(131,86,126),(132,86,127),(133,86,128),(134,87,129),(135,88,130),(136,89,131),(137,89,132),(138,90,133),(139,90,134),(140,90,135),(141,91,136),(142,92,137),(143,92,138),(144,92,139),(145,93,140),(146,93,141),(147,93,142),(148,93,143),(149,94,141),(150,94,142),(151,94,143),(152,95,140),(153,95,141),(154,95,143),(155,96,144),(156,96,145),(157,96,146),(158,97,147),(159,97,148),(160,97,149),(161,98,150),(162,99,151),(163,100,152),(164,101,153),(165,102,154),(166,102,155),(167,102,156),(168,103,157),(169,103,158),(170,103,159),(171,104,160),(172,105,161),(173,105,162),(174,106,4),(175,107,163),(176,107,164),(177,108,165),(178,109,166),(179,110,167),(180,110,168),(181,110,169),(182,111,170),(183,112,171),(184,112,172),(185,112,173),(186,113,157),(187,113,158),(188,113,159),(189,114,174),(190,115,174),(191,116,175),(192,116,176),(193,116,177),(194,117,178),(195,118,179),(196,118,180),(197,119,181),(198,120,182),(199,120,183),(200,120,184),(201,121,185),(202,122,186),(203,122,187),(204,122,188),(205,123,189),(206,124,190),(207,124,191),(208,124,192),(209,125,193),(210,126,194),(211,127,195),(212,128,196),(213,128,197),(214,128,198),(215,129,199),(216,130,200),(217,131,201),(218,132,202),(219,132,203),(220,133,204),(221,134,205),(222,135,206),(223,136,207),(224,137,208),(225,137,209),(226,137,210),(227,138,211),(228,139,212),(229,140,213),(230,141,214),(231,142,215),(232,143,216),(233,144,217),(234,145,218),(235,146,219),(236,147,220),(237,147,221),(238,148,222),(239,149,223),(240,149,224),(241,149,225),(242,150,226),(243,151,227),(244,152,228),(245,153,229),(246,153,230),(247,153,231),(248,154,232),(249,154,233),(250,154,234),(251,155,235),(252,156,236),(253,156,237),(254,156,238),(255,157,239),(256,157,240),(257,157,241),(258,158,242),(259,159,243),(260,159,244),(261,160,245);
/*!40000 ALTER TABLE `director_video` ENABLE KEYS */;
UNLOCK TABLES;

--
-- Table structure for table `directors`
--

DROP TABLE IF EXISTS `directors`;
/*!40101 SET @saved_cs_client     = @@character_set_client */;
/*!50503 SET character_set_client = utf8mb4 */;
CREATE TABLE `directors` (
  `id` int unsigned NOT NULL AUTO_INCREMENT,
  `kinopoisk_id` int unsigned DEFAULT NULL,
  `name_en` varchar(255) COLLATE utf8mb4_unicode_ci DEFAULT NULL,
  `name_ru` varchar(255) COLLATE utf8mb4_unicode_ci DEFAULT NULL,
  `poster_url` varchar(255) COLLATE utf8mb4_unicode_ci DEFAULT NULL,
  PRIMARY KEY (`id`),
  UNIQUE KEY `directors_kinopoisk_id_unique` (`kinopoisk_id`)
) ENGINE=InnoDB AUTO_INCREMENT=246 DEFAULT CHARSET=utf8mb4 COLLATE=utf8mb4_unicode_ci;
/*!40101 SET character_set_client = @saved_cs_client */;

--
-- Dumping data for table `directors`
--

LOCK TABLES `directors` WRITE;
/*!40000 ALTER TABLE `directors` DISABLE KEYS */;
INSERT INTO `directors` VALUES (1,NULL,NULL,'Ріккі Г\'юз',NULL),(2,NULL,NULL,'Метт Кодд',NULL),(3,NULL,NULL,'Michael Lange',NULL),(4,NULL,NULL,'Раян Мерфі',NULL),(5,NULL,NULL,'Caytha Jentis',NULL),(6,NULL,NULL,'Алехо Мо-Сан',NULL),(7,NULL,NULL,'Geoff Anderson',NULL),(8,NULL,NULL,'Джон Стімпсон',NULL),(9,NULL,NULL,'Кетрін Уіндфельд',NULL),(10,NULL,NULL,'Тобіас Фальк',NULL),(11,NULL,NULL,'Крістофер Рей',NULL),(12,NULL,NULL,'Jeff Kanew',NULL),(13,NULL,NULL,'Джон Шеппірд',NULL),(14,NULL,NULL,'Мішель Франко',NULL),(15,NULL,NULL,'Брюс Девісон',NULL),(16,NULL,NULL,'Рендал Клайзер',NULL),(17,NULL,NULL,'Хомі Ададжаніа',NULL),(18,NULL,NULL,'Танел Мустонен',NULL),(19,NULL,NULL,'Урс Еггер',NULL),(20,NULL,NULL,'Роман Коппола',NULL),(21,NULL,NULL,'Timothy Armstrong',NULL),(22,NULL,NULL,'Gi-hoon Jeong',NULL),(23,NULL,NULL,'Руба Надда',NULL),(24,NULL,NULL,'Richard Curson Smith',NULL),(25,NULL,NULL,'Ксав\'єр Палю',NULL),(26,NULL,NULL,'Кеті Аселтон',NULL),(27,NULL,NULL,'Jon Amiel',NULL),(28,NULL,NULL,'Liz Adams',NULL),(29,NULL,NULL,'Френк Капра',NULL),(30,NULL,NULL,'Джем Гаррард',NULL),(31,NULL,NULL,'Адам Аркін',NULL),(32,NULL,NULL,'Майкл Діннер',NULL),(33,NULL,NULL,'Зак Хілдітч',NULL),(34,NULL,NULL,'Тім Фельбаум',NULL),(35,NULL,NULL,'Майкл Манн',NULL),(36,NULL,NULL,'Кетрін Кіран',NULL),(37,NULL,NULL,'Рафаель Ернандез',NULL),(38,NULL,NULL,'Erik Peter Carlson',NULL),(39,NULL,NULL,'Jonas Quastel',NULL),(40,NULL,NULL,'Шон Пенн',NULL),(41,NULL,NULL,'Рорі Кеннеді',NULL),(42,NULL,NULL,'Дейв Вілліс',NULL),(43,NULL,NULL,'Matt Maiellaro',NULL),(44,NULL,NULL,'Крейґ Гартін',NULL),(45,NULL,NULL,'Аарон Спрінґер',NULL),(46,NULL,NULL,'Ґеннді Тартаковскі',NULL),(47,NULL,NULL,'Zack Keller',NULL),(48,NULL,NULL,'Ed Skudder',NULL),(49,NULL,NULL,'Lauren Andrews',NULL),(50,NULL,NULL,'Brian Mainolfi',NULL),(51,NULL,NULL,'Matt Garofalo',NULL),(52,NULL,NULL,'John Rice',NULL),(53,NULL,NULL,'Майк Фаловс',NULL),(54,NULL,NULL,'Робертс Ґаннавей',NULL),(55,NULL,NULL,'Тоні Крейг',NULL),(56,NULL,NULL,'Берні Маттінсон',NULL),(57,NULL,NULL,'Джек Ханна',NULL),(58,NULL,NULL,'Берт Рінґ',NULL),(59,NULL,NULL,'Eduardo Soriano',NULL),(60,NULL,NULL,'Emir Saglam',NULL),(61,NULL,NULL,'Han Dong-woo',NULL),(62,NULL,NULL,'Ricard Cussó',NULL),(63,NULL,NULL,'Damjan Mitrevski',NULL),(64,NULL,NULL,'Ентоні Чун',NULL),(65,NULL,NULL,'Kim Arndt',NULL),(66,NULL,NULL,'Lucas Gray',NULL),(67,NULL,NULL,'Метт Грюнінг',NULL),(68,NULL,NULL,'Рейд Гаррісон',NULL),(69,NULL,NULL,'Shoujirou Nishimi',NULL),(70,NULL,NULL,'Guillaume Renard',NULL),(71,NULL,NULL,'Девід Хартман',NULL),(72,NULL,NULL,'Todd Waterman',NULL),(73,NULL,NULL,'Frank Marino',NULL),(74,NULL,NULL,'Іджініо Страффі',NULL),(75,NULL,NULL,'Jen Bennett',NULL),(76,NULL,NULL,'Lianne Hughes',NULL),(77,NULL,NULL,'Stephanie Stine',NULL),(78,NULL,NULL,'Amp Wong',NULL),(79,NULL,NULL,'Dan Fausett',NULL),(80,NULL,NULL,'Kenny Thompkins',NULL),(81,NULL,NULL,'Curt Walstead',NULL),(82,NULL,NULL,'Сем Лью',NULL),(83,NULL,NULL,'Джулі Олсон',NULL),(84,NULL,NULL,'Жізель Россер',NULL),(85,NULL,NULL,'Кессі Урбан',NULL),(86,NULL,NULL,'Аарон Горват',NULL),(87,NULL,NULL,'Peter Rida Michail',NULL),(88,NULL,NULL,'Rodrigo Blaas',NULL),(89,NULL,NULL,'Елейн Боґан',NULL),(90,NULL,NULL,'Andrew L. Schmidt',NULL),(91,NULL,NULL,'Бенте Лоне',NULL),(92,NULL,NULL,'Benjamin Kousholt',NULL),(93,NULL,NULL,'Юджин Лі',NULL),(94,NULL,NULL,'Ед Тадем',NULL),(95,NULL,NULL,'Марі Ян',NULL),(96,NULL,NULL,'Раян Ферлі',NULL),(97,NULL,NULL,'Yuske Fukada',NULL),(98,NULL,NULL,'Jinanavin Veerapatra',NULL),(99,NULL,NULL,'Джаред Буш',NULL),(100,NULL,NULL,'Байрон Говард',NULL),(101,NULL,NULL,'Хаолінг Лі',NULL),(102,NULL,NULL,'Піт Мишелс',NULL),(103,NULL,NULL,'Otis Brayboy',NULL),(104,NULL,NULL,'Jake Hollander',NULL),(105,NULL,NULL,'Eddie Rosas',NULL),(106,NULL,NULL,'Джемі Мітчелл',NULL),(107,NULL,NULL,'Mircea Mantta',NULL),(108,NULL,NULL,'Xiangbo Dong',NULL),(109,NULL,NULL,'Chris Neuhahn',NULL),(110,NULL,NULL,'Fred Cline',NULL),(111,NULL,NULL,'Fred Reyes',NULL),(112,NULL,NULL,'Еразм Бросдау',NULL),(113,NULL,NULL,'Дж. Дж. Абрамс',NULL),(114,NULL,NULL,'Jarupat Kannula',NULL),(115,NULL,NULL,'Sasinan Pattana',NULL),(116,NULL,NULL,'Muangthai Sarupkarn',NULL),(117,NULL,NULL,'Thachai Komolpetch',NULL),(118,NULL,NULL,'Suwanun Pohgudsai',NULL),(119,NULL,NULL,'Джорджі Бенкс-Девіс',NULL),(120,NULL,NULL,'Вільям Варінг',NULL),(121,NULL,NULL,'Гелен Шейвер',NULL),(122,NULL,NULL,'Andy Mikita',NULL),(123,NULL,NULL,'Енді Ґоддард',NULL),(124,NULL,NULL,'Ешлі Вей',NULL),(125,NULL,NULL,'Ерос Лін',NULL),(126,NULL,NULL,'Kentaro Takemura',NULL),(127,NULL,NULL,'Toshio Tsuboi',NULL),(128,NULL,NULL,'Ayuko Tsukahara',NULL),(129,NULL,NULL,'Лаура Чіоссоне',NULL),(130,NULL,NULL,'Jianjun Xing',NULL),(131,NULL,NULL,'Tien-Jen Huang',NULL),(132,NULL,NULL,'Bo Yu',NULL),(133,NULL,NULL,'Ерін О\'меллі',NULL),(134,NULL,NULL,'Джейк Кездан',NULL),(135,NULL,NULL,'Sean Kavanagh',NULL),(136,NULL,NULL,'Jae Jin Lee',NULL),(137,NULL,NULL,'Адам Чепман',NULL),(138,NULL,NULL,'Г\'ю Пірсон',NULL),(139,NULL,NULL,'Джефф Вілсон',NULL),(140,NULL,NULL,'Рон Олівер',NULL),(141,NULL,NULL,'Джон Белл',NULL),(142,NULL,NULL,'Клей Борріс',NULL),(143,NULL,NULL,'Джайлз Вокер',NULL),(144,NULL,NULL,'Дейвід Ґроссман',NULL),(145,NULL,NULL,'Рікардо Мендес Матта',NULL),(146,NULL,NULL,'Крістофер Гіблер',NULL),(147,NULL,NULL,'Деніел Эттиэс',NULL),(148,NULL,NULL,'Майкл Леманн',NULL),(149,NULL,NULL,'Ленні Абрагамсон',NULL),(150,NULL,NULL,'Seong-Tae Lee',NULL),(151,NULL,NULL,'Тому Капінос',NULL),(152,NULL,NULL,'Джейкоб Тірні',NULL),(153,NULL,NULL,'Yoon Seong-sik',NULL),(154,NULL,NULL,'Джон Дал',NULL),(155,NULL,NULL,'Сет Гордон',NULL),(156,NULL,NULL,'Mike Listo',NULL),(157,NULL,NULL,'Хенрік Георгссон',NULL),(158,NULL,NULL,'Румле Хаммерих',NULL),(159,NULL,NULL,'Шарлотта Зилинг',NULL),(160,NULL,NULL,'Young Il Kwon',NULL),(161,NULL,NULL,'Джим Філд Сміт',NULL),(162,NULL,NULL,'Mo Ali',NULL),(163,NULL,NULL,'Овен Гарріс',NULL),(164,NULL,NULL,'Сара Адіна Сміт',NULL),(165,NULL,NULL,'Kim Jeong-kwon',NULL),(166,NULL,NULL,'Ali Bilgin',NULL),(167,NULL,NULL,'Ребекка Ешер',NULL),(168,NULL,NULL,'Amanda Treyz',NULL),(169,NULL,NULL,'Піт Шатмон',NULL),(170,NULL,NULL,'Selim Demiratar',NULL),(171,NULL,NULL,'Adrian Malone',NULL),(172,NULL,NULL,'Девід Ф. Ойстер',NULL),(173,NULL,NULL,'Rob McCain',NULL),(174,NULL,NULL,'Бо Уіллімон',NULL),(175,NULL,NULL,'Джек Бендер',NULL),(176,NULL,NULL,'Peter Leto',NULL),(177,NULL,NULL,'Девід Баррет',NULL),(178,NULL,NULL,'Lee Gwang-Young',NULL),(179,NULL,NULL,'Ayuta Yoshikawa',NULL),(180,NULL,NULL,'Nao Nomura',NULL),(181,NULL,NULL,'Kim Chil-bong',NULL),(182,NULL,NULL,'Greg Beeman',NULL),(183,NULL,NULL,'Аллан Аркуш',NULL),(184,NULL,NULL,'Жанно Шварк',NULL),(185,NULL,NULL,'Masashi Kudo',NULL),(186,NULL,NULL,'Sunghoo Park',NULL),(187,NULL,NULL,'Hideaki Abe',NULL),(188,NULL,NULL,'Kakushi Ifuku',NULL),(189,NULL,NULL,'Natsumi Uchinuma',NULL),(190,NULL,NULL,'Makoto Katô',NULL),(191,NULL,NULL,'Nao Umakawa',NULL),(192,NULL,NULL,'Shuu Watanabe',NULL),(193,NULL,NULL,'Masashi Ishihama',NULL),(194,NULL,NULL,'Каорі Макіта',NULL),(195,NULL,NULL,'Wang Xin',NULL),(196,NULL,NULL,'Tetsuro Araki',NULL),(197,NULL,NULL,'Masashi Koizuka',NULL),(198,NULL,NULL,'Hiroyuki Tanaka',NULL),(199,NULL,NULL,'Ошіро Міюкі',NULL),(200,NULL,NULL,'Minoru Ashina',NULL),(201,NULL,NULL,'Юсуке Маруяма',NULL),(202,NULL,NULL,'Такахіро Наторі',NULL),(203,NULL,NULL,'Шин Катагай',NULL),(204,NULL,NULL,'Наоя Такаші',NULL),(205,NULL,NULL,'Hiroshi Ikehata',NULL),(206,NULL,NULL,'Міцуру Хонго',NULL),(207,NULL,NULL,'Yasuyuki Ōishi',NULL),(208,NULL,NULL,'Рютаро Накамура',NULL),(209,NULL,NULL,'Лія Сарджент',NULL),(210,NULL,NULL,'Jôhei Matsuura',NULL),(211,NULL,NULL,'Hiroyuki Takashima',NULL),(212,NULL,NULL,'Satoshi Kuwabara',NULL),(213,NULL,NULL,'Масако Сато',NULL),(214,NULL,NULL,'Аракі Тецуро',NULL),(215,NULL,NULL,'Кейчіро Сайто',NULL),(216,NULL,NULL,'Taichi Ishidate',NULL),(217,NULL,NULL,'Цутому Мізушіма',NULL),(218,NULL,NULL,'Хата Хіроюкі',NULL),(219,NULL,NULL,'Дайсуке Нішіо',NULL),(220,NULL,NULL,'Shun Enokido',NULL),(221,NULL,NULL,'Takahito Sakazume',NULL),(222,NULL,NULL,'Йонеда Казухіро',NULL),(223,NULL,NULL,'Yuki Yase',NULL),(224,NULL,NULL,'Shuntaro Tozawa',NULL),(225,NULL,NULL,'Hideki Ito',NULL),(226,NULL,NULL,'Ікезоє Такахіро',NULL),(227,NULL,NULL,'Ічікава Казуя',NULL),(228,NULL,NULL,'Takemura Natsuki',NULL),(229,NULL,NULL,'Naomichi Yamato',NULL),(230,NULL,NULL,'Shoji Ikeno',NULL),(231,NULL,NULL,'Shinya Watada',NULL),(232,NULL,NULL,'Кейдзо Кусакава',NULL),(233,NULL,NULL,'Ацуші Накаяма',NULL),(234,NULL,NULL,'Masahiro Okada',NULL),(235,NULL,NULL,'Чіка Нагаока',NULL),(236,NULL,NULL,'Munehisa Sakai',NULL),(237,NULL,NULL,'Kônosuke Uda',NULL),(238,NULL,NULL,'Hiroaki Miyamoto',NULL),(239,NULL,NULL,'Шьоджі Каваморі',NULL),(240,NULL,NULL,'Yasuhito Kikuchi',NULL),(241,NULL,NULL,'Takahiro Majima',NULL),(242,NULL,NULL,'Noriyoshi Nakamura',NULL),(243,NULL,NULL,'Некотомі Чао',NULL),(244,NULL,NULL,'Дайсуке Хірамакі',NULL),(245,NULL,NULL,'Шіндзі Ісіхіра',NULL);
/*!40000 ALTER TABLE `directors` ENABLE KEYS */;
UNLOCK TABLES;

--
-- Table structure for table `domain_tags`
--

DROP TABLE IF EXISTS `domain_tags`;
/*!40101 SET @saved_cs_client     = @@character_set_client */;
/*!50503 SET character_set_client = utf8mb4 */;
CREATE TABLE `domain_tags` (
  `id` int unsigned NOT NULL AUTO_INCREMENT,
  `name` varchar(255) COLLATE utf8mb4_unicode_ci NOT NULL,
  `value` text COLLATE utf8mb4_unicode_ci NOT NULL,
  PRIMARY KEY (`id`),
  UNIQUE KEY `domain_tags_name_unique` (`name`)
) ENGINE=InnoDB DEFAULT CHARSET=utf8mb4 COLLATE=utf8mb4_unicode_ci;
/*!40101 SET character_set_client = @saved_cs_client */;

--
-- Dumping data for table `domain_tags`
--

LOCK TABLES `domain_tags` WRITE;
/*!40000 ALTER TABLE `domain_tags` DISABLE KEYS */;
/*!40000 ALTER TABLE `domain_tags` ENABLE KEYS */;
UNLOCK TABLES;

--
-- Table structure for table `domain_tags_pivot`
--

DROP TABLE IF EXISTS `domain_tags_pivot`;
/*!40101 SET @saved_cs_client     = @@character_set_client */;
/*!50503 SET character_set_client = utf8mb4 */;
CREATE TABLE `domain_tags_pivot` (
  `id` bigint unsigned NOT NULL AUTO_INCREMENT,
  `domain_id` int unsigned NOT NULL,
  `domain_tag_id` int unsigned NOT NULL,
  PRIMARY KEY (`id`),
  UNIQUE KEY `domain_tags_pivot_domain_id_domain_tag_id_unique` (`domain_id`,`domain_tag_id`),
  KEY `domain_tags_pivot_domain_tag_id_foreign` (`domain_tag_id`),
  CONSTRAINT `domain_tags_pivot_domain_id_foreign` FOREIGN KEY (`domain_id`) REFERENCES `domains` (`id`) ON DELETE CASCADE,
  CONSTRAINT `domain_tags_pivot_domain_tag_id_foreign` FOREIGN KEY (`domain_tag_id`) REFERENCES `domain_tags` (`id`) ON DELETE CASCADE
) ENGINE=InnoDB DEFAULT CHARSET=utf8mb4 COLLATE=utf8mb4_unicode_ci;
/*!40101 SET character_set_client = @saved_cs_client */;

--
-- Dumping data for table `domain_tags_pivot`
--

LOCK TABLES `domain_tags_pivot` WRITE;
/*!40000 ALTER TABLE `domain_tags_pivot` DISABLE KEYS */;
/*!40000 ALTER TABLE `domain_tags_pivot` ENABLE KEYS */;
UNLOCK TABLES;

--
-- Table structure for table `domain_types`
--

DROP TABLE IF EXISTS `domain_types`;
/*!40101 SET @saved_cs_client     = @@character_set_client */;
/*!50503 SET character_set_client = utf8mb4 */;
CREATE TABLE `domain_types` (
  `id` int unsigned NOT NULL AUTO_INCREMENT,
  `name` varchar(255) COLLATE utf8mb4_unicode_ci NOT NULL,
  `value` varchar(255) COLLATE utf8mb4_unicode_ci NOT NULL,
  `created_at` timestamp NULL DEFAULT CURRENT_TIMESTAMP,
  `updated_at` timestamp NULL DEFAULT CURRENT_TIMESTAMP ON UPDATE CURRENT_TIMESTAMP,
  PRIMARY KEY (`id`),
  UNIQUE KEY `domain_types_name_unique` (`name`),
  UNIQUE KEY `domain_types_value_unique` (`value`)
) ENGINE=InnoDB DEFAULT CHARSET=utf8mb4 COLLATE=utf8mb4_unicode_ci;
/*!40101 SET character_set_client = @saved_cs_client */;

--
-- Dumping data for table `domain_types`
--

LOCK TABLES `domain_types` WRITE;
/*!40000 ALTER TABLE `domain_types` DISABLE KEYS */;
/*!40000 ALTER TABLE `domain_types` ENABLE KEYS */;
UNLOCK TABLES;

--
-- Table structure for table `domains`
--

DROP TABLE IF EXISTS `domains`;
/*!40101 SET @saved_cs_client     = @@character_set_client */;
/*!50503 SET character_set_client = utf8mb4 */;
CREATE TABLE `domains` (
  `id` int unsigned NOT NULL AUTO_INCREMENT,
  `user_id` int unsigned DEFAULT NULL,
  `id_parent` int NOT NULL,
  `domain_type_id` int unsigned DEFAULT NULL,
  `name` varchar(255) COLLATE utf8mb4_unicode_ci NOT NULL,
  `status` tinyint unsigned NOT NULL,
  `player` json NOT NULL,
  `new_player` json NOT NULL,
  `show` json NOT NULL,
  `player_view` varchar(255) COLLATE utf8mb4_unicode_ci DEFAULT NULL,
  `verification_code` varchar(64) COLLATE utf8mb4_unicode_ci DEFAULT NULL,
  `verification_status` enum('pending','verified','failed') COLLATE utf8mb4_unicode_ci NOT NULL DEFAULT 'pending',
  `verification_method` varchar(10) COLLATE utf8mb4_unicode_ci DEFAULT NULL,
  `verified_at` timestamp NULL DEFAULT NULL,
  `verification_attempts` int unsigned NOT NULL DEFAULT '0',
  `last_verification_attempt_at` timestamp NULL DEFAULT NULL,
  `approval_status` enum('pending','approved','rejected') COLLATE utf8mb4_unicode_ci NOT NULL DEFAULT 'pending',
  `approved_by` int unsigned DEFAULT NULL,
  `approved_at` timestamp NULL DEFAULT NULL,
  `rejection_reason` text COLLATE utf8mb4_unicode_ci,
  `created_at` datetime NOT NULL DEFAULT CURRENT_TIMESTAMP,
  `updated_at` datetime NOT NULL DEFAULT CURRENT_TIMESTAMP ON UPDATE CURRENT_TIMESTAMP,
  `deleted_at` timestamp NULL DEFAULT NULL,
  PRIMARY KEY (`id`),
  UNIQUE KEY `domains_name_idx` (`name`),
  KEY `domains_id_parent_index` (`id_parent`),
  KEY `domains_domain_type_id_foreign` (`domain_type_id`),
  KEY `domains_user_id_index` (`user_id`),
  KEY `domains_verification_status_index` (`verification_status`),
  KEY `domains_approval_status_index` (`approval_status`),
  KEY `domains_approved_by_foreign` (`approved_by`),
  CONSTRAINT `domains_approved_by_foreign` FOREIGN KEY (`approved_by`) REFERENCES `users` (`id`) ON DELETE SET NULL,
  CONSTRAINT `domains_domain_type_id_foreign` FOREIGN KEY (`domain_type_id`) REFERENCES `domain_types` (`id`) ON DELETE SET NULL,
  CONSTRAINT `domains_user_id_foreign` FOREIGN KEY (`user_id`) REFERENCES `users` (`id`) ON DELETE SET NULL
) ENGINE=InnoDB DEFAULT CHARSET=utf8mb4 COLLATE=utf8mb4_unicode_ci;
/*!40101 SET character_set_client = @saved_cs_client */;

--
-- Dumping data for table `domains`
--

LOCK TABLES `domains` WRITE;
/*!40000 ALTER TABLE `domains` DISABLE KEYS */;
/*!40000 ALTER TABLE `domains` ENABLE KEYS */;
UNLOCK TABLES;

--
-- Table structure for table `failed_jobs`
--

DROP TABLE IF EXISTS `failed_jobs`;
/*!40101 SET @saved_cs_client     = @@character_set_client */;
/*!50503 SET character_set_client = utf8mb4 */;
CREATE TABLE `failed_jobs` (
  `id` bigint unsigned NOT NULL AUTO_INCREMENT,
  `uuid` varchar(255) COLLATE utf8mb4_unicode_ci NOT NULL,
  `connection` text COLLATE utf8mb4_unicode_ci NOT NULL,
  `queue` text COLLATE utf8mb4_unicode_ci NOT NULL,
  `payload` longtext COLLATE utf8mb4_unicode_ci NOT NULL,
  `exception` longtext COLLATE utf8mb4_unicode_ci NOT NULL,
  `failed_at` timestamp NOT NULL DEFAULT CURRENT_TIMESTAMP,
  PRIMARY KEY (`id`),
  UNIQUE KEY `failed_jobs_uuid_unique` (`uuid`)
) ENGINE=InnoDB DEFAULT CHARSET=utf8mb4 COLLATE=utf8mb4_unicode_ci;
/*!40101 SET character_set_client = @saved_cs_client */;

--
-- Dumping data for table `failed_jobs`
--

LOCK TABLES `failed_jobs` WRITE;
/*!40000 ALTER TABLE `failed_jobs` DISABLE KEYS */;
/*!40000 ALTER TABLE `failed_jobs` ENABLE KEYS */;
UNLOCK TABLES;

--
-- Table structure for table `files`
--

DROP TABLE IF EXISTS `files`;
/*!40101 SET @saved_cs_client     = @@character_set_client */;
/*!50503 SET character_set_client = utf8mb4 */;
CREATE TABLE `files` (
  `id` int unsigned NOT NULL AUTO_INCREMENT,
  `external_id` int unsigned DEFAULT NULL,
  `video_id` int unsigned NOT NULL,
  `translation_id` int unsigned NOT NULL,
  `path` varchar(255) COLLATE utf8mb4_unicode_ci NOT NULL,
  `name` varchar(255) COLLATE utf8mb4_unicode_ci NOT NULL,
  `ru_name` varchar(255) COLLATE utf8mb4_unicode_ci NOT NULL,
  `season_number` tinyint unsigned DEFAULT NULL,
  `series_number` int DEFAULT NULL,
  `created_at` timestamp NOT NULL DEFAULT CURRENT_TIMESTAMP,
  `updated_at` timestamp NOT NULL ON UPDATE CURRENT_TIMESTAMP,
  `resolutions` json NOT NULL,
  PRIMARY KEY (`id`),
  KEY `files_video_id_foreign` (`video_id`),
  KEY `files_translation_id_foreign` (`translation_id`),
  KEY `files_external_id_index` (`external_id`),
  CONSTRAINT `files_translation_id_foreign` FOREIGN KEY (`translation_id`) REFERENCES `translations` (`id`) ON DELETE CASCADE,
  CONSTRAINT `files_video_id_foreign` FOREIGN KEY (`video_id`) REFERENCES `videos` (`id`) ON DELETE CASCADE
) ENGINE=InnoDB AUTO_INCREMENT=116 DEFAULT CHARSET=utf8mb4 COLLATE=utf8mb4_unicode_ci;
/*!40101 SET character_set_client = @saved_cs_client */;

--
-- Dumping data for table `files`
--

LOCK TABLES `files` WRITE;
/*!40000 ALTER TABLE `files` DISABLE KEYS */;
INSERT INTO `files` VALUES (1,NULL,1,1,'https://ashdi.vip/video09/2/new/dave_chappelle_the_unstoppable_2025_nero_ua_236447/hls/B66OlH6JjudZmxH+AI8=/index.m3u8','','NeroUA',1,1,'2026-02-09 15:18:38','2026-02-09 15:18:38','[]'),(2,NULL,1,2,'https://ashdi.vip/video09/3/films/dave.chapelle.2025.1080p.nf.webdl.ddp5.1.h.264_225091/hls/B66OlH6JjudZmxH+AI8=/index.m3u8','','субтитри',1,2,'2026-02-09 15:18:38','2026-02-09 15:18:38','[]'),(3,NULL,2,3,'https://ashdi.vip/video09/2/films/morlocks_2011_ukr_hdtvrip_hurtom_143238/hls/B66OlH6JjudZmxH+AI8=/index.m3u8','','UA #1',NULL,NULL,'2026-02-09 15:18:40','2026-02-09 15:18:40','[]'),(4,NULL,3,3,'https://ashdi.vip/video09/2/films/my_future_boyfriend_2011_dvdrip_ukreng_hurtom_143239/hls/B66OlH6JjudZmxH+AI8=/index.m3u8','','UA #1',NULL,NULL,'2026-02-09 15:18:42','2026-02-09 15:18:42','[]'),(5,NULL,4,3,'https://ashdi.vip/video09/1/films/the.normal.heart.2014.1080p.hmax.webdl.ddp5.1.h.264_210542/hls/B66OlH6JjudZmxH+AI8=/index.m3u8','','UA #1',NULL,NULL,'2026-02-09 15:18:44','2026-02-09 15:18:44','[]'),(6,NULL,5,3,'https://ashdi.vip/video09/2/films/the_one_2011_satrip_hurtom_143261/hls/B66OlH6JjudZmxH+AI8=/index.m3u8','','UA #1',NULL,NULL,'2026-02-09 15:18:46','2026-02-09 15:18:46','[]'),(7,NULL,6,3,'https://ashdi.vip/video09/2/new/hirokin_2011_bdremux_1080p_236315/hls/B66OlH6JjudZmxH+AI8=/index.m3u8','','UA #1',NULL,NULL,'2026-02-09 15:18:48','2026-02-09 15:18:48','[]'),(8,NULL,7,3,'https://ashdi.vip/video09/2/new/vampire_dog_2012_ger_bdremux_1080p_236314/hls/B66OlH6JjudZmxH+AI8=/index.m3u8','','UA #1',NULL,NULL,'2026-02-09 15:18:50','2026-02-09 15:18:50','[]'),(9,NULL,8,3,'https://ashdi.vip/video09/2/new/the_march_sisters_at_christmas_2012_amzn_webdl_1080p_236313/hls/B66OlH6JjudZmxH+AI8=/index.m3u8','','UA #1',NULL,NULL,'2026-02-09 15:18:52','2026-02-09 15:18:52','[]'),(10,NULL,11,3,'https://ashdi.vip/video09/2/new/shark_week_2012_us_bdremux_1080p_236312/hls/B66OlH6JjudZmxH+AI8=/index.m3u8','','UA #1',NULL,NULL,'2026-02-09 15:19:01','2026-02-09 15:19:01','[]'),(11,NULL,12,3,'https://ashdi.vip/video09/2/new/troop.beverly.hills.1989.1080p.bluray.remux.avc.dd2.0utopia_236305/hls/B66OlH6JjudZmxH+AI8=/index.m3u8','','UA #1',NULL,NULL,'2026-02-09 15:19:04','2026-02-09 15:19:04','[]'),(12,NULL,13,3,'https://ashdi.vip/video09/2/new/jersey_shore_shark_attack_2012_bdremux_1080p_236311/hls/B66OlH6JjudZmxH+AI8=/index.m3u8','','UA #1',NULL,NULL,'2026-02-09 15:19:06','2026-02-09 15:19:06','[]'),(13,NULL,14,3,'https://ashdi.vip/video09/2/new/despus_de_luca_2012_amzn_webdl_1080p_236309/hls/B66OlH6JjudZmxH+AI8=/index.m3u8','','UA #1',NULL,NULL,'2026-02-09 15:19:08','2026-02-09 15:19:08','[]'),(14,NULL,15,3,'https://ashdi.vip/video09/2/new/bigfoot_2012_pcok_webdl_1080p_236310/hls/B66OlH6JjudZmxH+AI8=/index.m3u8','','UA #1',NULL,NULL,'2026-02-09 15:19:10','2026-02-09 15:19:10','[]'),(15,NULL,16,3,'https://ashdi.vip/video09/2/films/red_riding_hood.2006.ukreng.dvdrip.hurtom_143246/hls/B66OlH6JjudZmxH+AI8=/index.m3u8','','UA #1',NULL,NULL,'2026-02-09 15:19:12','2026-02-09 15:19:12','[]'),(16,NULL,18,3,'https://ashdi.vip/video09/2/new/ella_ja_kaverit_2012_bdrip_1080p_236135/hls/B66OlH6JjudZmxH+AI8=/index.m3u8','','UA #1',NULL,NULL,'2026-02-09 15:19:17','2026-02-09 15:19:17','[]'),(17,NULL,19,3,'https://ashdi.vip/video09/2/new/eine_liebe_fr_den_frieden__bertha_von_suttner_und_alfred_nobel_2014_amzn_webdl_1080p_236168/hls/B66OlH6JjudZmxH+AI8=/index.m3u8','','UA #1',NULL,NULL,'2026-02-09 15:19:19','2026-02-09 15:19:19','[]'),(18,NULL,20,3,'https://ashdi.vip/video09/2/new/a_glimpse_inside_the_mind_of_charles_swan_iii_2012_bdremux_1080p_236143/hls/B66OlH6JjudZmxH+AI8=/index.m3u8','','UA #1',NULL,NULL,'2026-02-09 15:19:21','2026-02-09 15:19:21','[]'),(19,NULL,21,3,'https://ashdi.vip/video09/2/new/cowgirls_n_angels_2012_amzn_webdl_1080p_236141/hls/B66OlH6JjudZmxH+AI8=/index.m3u8','','UA #1',NULL,NULL,'2026-02-09 15:19:24','2026-02-09 15:19:24','[]'),(20,NULL,22,3,'https://ashdi.vip/video09/2/new/banchangggo_aka_love_911_2012_bdremux_1080p_236140/hls/B66OlH6JjudZmxH+AI8=/index.m3u8','','UA #1',NULL,NULL,'2026-02-09 15:19:26','2026-02-09 15:19:26','[]'),(21,NULL,23,3,'https://ashdi.vip/video09/2/new/inescapable_2012_amzn_webdl_1080p_236139/hls/B66OlH6JjudZmxH+AI8=/index.m3u8','','UA #1',NULL,NULL,'2026-02-09 15:19:28','2026-02-09 15:19:28','[]'),(22,NULL,24,3,'https://ashdi.vip/video09/2/new/the_making_of_a_lady_2012_amzn_webdl_1080p_236137/hls/B66OlH6JjudZmxH+AI8=/index.m3u8','','UA #1',NULL,NULL,'2026-02-09 15:19:30','2026-02-09 15:19:30','[]'),(23,NULL,25,3,'https://ashdi.vip/video09/2/new/_laveugle_2012_bdrip_1080p_236136/hls/B66OlH6JjudZmxH+AI8=/index.m3u8','','UA #1',NULL,NULL,'2026-02-09 15:19:32','2026-02-09 15:19:32','[]'),(24,NULL,26,3,'https://ashdi.vip/video09/2/new/black_rock_2012_bdremux_1080p_236134/hls/B66OlH6JjudZmxH+AI8=/index.m3u8','','UA #1',NULL,NULL,'2026-02-09 15:19:34','2026-02-09 15:19:34','[]'),(25,NULL,28,3,'https://ashdi.vip/video09/2/new/super_cyclone_2012_bdremux_1080p_236034/hls/B66OlH6JjudZmxH+AI8=/index.m3u8','','UA #1',NULL,NULL,'2026-02-09 15:19:40','2026-02-09 15:19:40','[]'),(26,NULL,29,3,'https://ashdi.vip/video09/1/new/arsenic.and.old.lace.1944.criterion.bdrip.1080ptouthd_171005/hls/B66OlH6JjudZmxH+AI8=/index.m3u8','','UA #1',NULL,NULL,'2026-02-09 15:19:42','2026-02-09 15:19:42','[]'),(27,NULL,30,3,'https://ashdi.vip/video09/2/new/r.l._stines_pumpkinhead_2025_webrip_720p_h264_ukr_eng_hurtom_235973/hls/B66OlH6JjudZmxH+AI8=/index.m3u8','','UA #1',NULL,NULL,'2026-02-09 15:19:44','2026-02-09 15:19:44','[]'),(28,NULL,31,3,'https://ashdi.vip/video09/2/new/outlaw_country_2012_hdtv_1080i_235974/hls/B66OlH6JjudZmxH+AI8=/index.m3u8','','UA #1',NULL,NULL,'2026-02-09 15:19:46','2026-02-09 15:19:46','[]'),(29,NULL,32,3,'https://ashdi.vip/video09/2/films/we.bury.the.dead.2026.1080p.amzn.webdl.ddp5.1.h.264_235816/hls/B66OlH6JjudZmxH+AI8=/index.m3u8','','UA #1',NULL,NULL,'2026-02-09 15:19:48','2026-02-09 15:19:48','[]'),(30,NULL,33,3,'https://ashdi.vip/video09/2/new/kolonya_235947/hls/B66OlH6JjudZmxH+AI8=/index.m3u8','','UA #1',NULL,NULL,'2026-02-09 15:19:50','2026-02-09 15:19:50','[]'),(31,NULL,36,3,'https://ashdi.vip/video09/2/new/blood.machines.2019.webdl.2160p.dtshd.ma.5.1cloverdub_235807/hls/B66OlH6JjudZmxH+AI8=/index.m3u8','','UA #1',NULL,NULL,'2026-02-09 15:19:59','2026-02-09 15:19:59','[]'),(32,NULL,37,3,'https://ashdi.vip/video09/2/new/a_fairy_tale_after_all_235690/hls/B66OlH6JjudZmxH+AI8=/index.m3u8','','UA #1',NULL,NULL,'2026-02-09 15:20:01','2026-02-09 15:20:01','[]'),(33,NULL,40,3,'https://ashdi.vip/video09/2/films/queen.of.chess.2026.1080p.nf.webdl.ddp5.1.h.264_235730/hls/B66OlH6JjudZmxH+AI8=/index.m3u8','','UA #1',NULL,NULL,'2026-02-09 15:20:10','2026-02-09 15:20:10','[]'),(34,NULL,42,3,'https://ashdi.vip/video09/1/new/korgot_z_varvar_korgoth_of_barbaria_2006_dvdrip_ukreng_206113/hls/B66OlH6JjudZmxH+AI8=/index.m3u8','','UA #1',NULL,NULL,'2026-02-09 15:20:17','2026-02-09 15:20:17','[]'),(35,NULL,45,3,'https://ashdi.vip/video09/1/new/the_happy_elf_2004_ukr.mp3_dvdrip_hurtom_by_urij546724_205679/hls/B66OlH6JjudZmxH+AI8=/index.m3u8','','UA #1',NULL,NULL,'2026-02-09 15:20:26','2026-02-09 15:20:26','[]'),(36,NULL,46,3,'https://ashdi.vip/video09/1/new/the_santa_claus_brothers_ictv_2001_206111/hls/B66OlH6JjudZmxH+AI8=/index.m3u8','','UA #1',NULL,NULL,'2026-02-09 15:20:28','2026-02-09 15:20:28','[]'),(37,NULL,47,3,'https://ashdi.vip/video09/1/new/ukrdub.net_mickeys_magical_christmas_544p_5.1_205998/hls/B66OlH6JjudZmxH+AI8=/index.m3u8','','UA #1',NULL,NULL,'2026-02-09 15:20:30','2026-02-09 15:20:30','[]'),(38,NULL,48,3,'https://ashdi.vip/video09/1/new/vesel_dzvoni_jingle_bells_ukr_206105/hls/B66OlH6JjudZmxH+AI8=/index.m3u8','','UA #1',NULL,NULL,'2026-02-09 15:20:32','2026-02-09 15:20:32','[]'),(39,NULL,52,3,'https://ashdi.vip/video09/2/new/mission.santa.yoyo.to.the.rescue.2025.1080p.mgg.webdldvt_235354/hls/B66OlH6JjudZmxH+AI8=/index.m3u8','','UA #1',NULL,NULL,'2026-02-09 15:20:45','2026-02-09 15:20:45','[]'),(40,NULL,55,3,'https://ashdi.vip/video09/2/new/mfkz.2017.bdremux.1080p.dtshd.ma.5.1cloverdub_235280/hls/B66OlH6JjudZmxH+AI8=/index.m3u8','','UA #1',NULL,NULL,'2026-02-09 15:20:54','2026-02-09 15:20:54','[]'),(41,NULL,62,3,'https://ashdi.vip/video09/2/new/s01ep01_234524/hls/B66OlH6JjudZmxH+AI8=/index.m3u8','','UA #1',NULL,NULL,'2026-02-09 15:21:15','2026-02-09 15:21:15','[]'),(42,NULL,64,3,'https://ashdi.vip/video09/2/new/s01ep01_234239/hls/B66OlH6JjudZmxH+AI8=/index.m3u8','','UA #1',NULL,NULL,'2026-02-09 15:21:21','2026-02-09 15:21:21','[]'),(43,NULL,66,3,'https://ashdi.vip/video09/2/new/north.an.epic.journey.of.friendship.2025.1080p.mgg.webdldvt_234136/hls/B66OlH6JjudZmxH+AI8=/index.m3u8','','UA #1',NULL,NULL,'2026-02-09 15:21:26','2026-02-09 15:21:26','[]'),(44,NULL,67,3,'https://ashdi.vip/video09/1/new/2011ukr_saga_pro_bjorna_ukr__the_saga_of_biorn_210523/hls/B66OlH6JjudZmxH+AI8=/index.m3u8','','UA #1',NULL,NULL,'2026-02-09 15:21:28','2026-02-09 15:21:28','[]'),(45,NULL,71,3,'https://ashdi.vip/video09/2/new/zootopia.2.2025.1080p.it.webdl.dd5.1.h.264spilno_232851/hls/B66OlH6JjudZmxH+AI8=/index.m3u8','','UA #1',NULL,NULL,'2026-02-09 15:21:40','2026-02-09 15:21:40','[]'),(46,NULL,81,4,'https://ashdi.vip/video09/2/serials/fringe.s02.k1/s02/fringe._s02e01._a_new_day_in_the_old_town_236336/hls/B66OlH6JjudZmxH+AI8=/index.m3u8','','Серія 1',2,1,'2026-02-09 15:22:43','2026-02-09 15:22:43','[]'),(47,NULL,81,5,'https://ashdi.vip/video09/2/serials/fringe.s02.k1/s02/fringe._s02e02._night_of_desirable_objects_236337/hls/B66OlH6JjudZmxH+AI8=/index.m3u8','','Серія 2',2,2,'2026-02-09 15:22:43','2026-02-09 15:22:43','[]'),(48,NULL,81,6,'https://ashdi.vip/video09/2/serials/fringe.s02.k1/s02/fringe._s02e03._fracture_236338/hls/B66OlH6JjudZmxH+AI8=/index.m3u8','','Серія 3',2,3,'2026-02-09 15:22:43','2026-02-09 15:22:43','[]'),(49,NULL,81,7,'https://ashdi.vip/video09/2/serials/fringe.s02.k1/s02/fringe._s02e04._momentum_deferred_236339/hls/B66OlH6JjudZmxH+AI8=/index.m3u8','','Серія 4',2,4,'2026-02-09 15:22:43','2026-02-09 15:22:43','[]'),(50,NULL,81,8,'https://ashdi.vip/video09/2/serials/fringe.s02.k1/s02/fringe._s02e05._dream_logic_236340/hls/B66OlH6JjudZmxH+AI8=/index.m3u8','','Серія 5',2,5,'2026-02-09 15:22:43','2026-02-09 15:22:43','[]'),(51,NULL,81,9,'https://ashdi.vip/video09/2/serials/fringe.s02.k1/s02/fringe._s02e06._earthling_236341/hls/B66OlH6JjudZmxH+AI8=/index.m3u8','','Серія 6',2,6,'2026-02-09 15:22:43','2026-02-09 15:22:43','[]'),(52,NULL,81,10,'https://ashdi.vip/video09/2/serials/fringe.s02.k1/s02/fringe._s02e07._of_human_action_236342/hls/B66OlH6JjudZmxH+AI8=/index.m3u8','','Серія 7',2,7,'2026-02-09 15:22:43','2026-02-09 15:22:43','[]'),(53,NULL,81,11,'https://ashdi.vip/video09/2/serials/fringe.s02.k1/s02/fringe._s02e08._august_236343/hls/B66OlH6JjudZmxH+AI8=/index.m3u8','','Серія 8',2,8,'2026-02-09 15:22:43','2026-02-09 15:22:43','[]'),(54,NULL,81,12,'https://ashdi.vip/video09/2/serials/fringe.s02.k1/s02/fringe._s02e09._snakehead_236344/hls/B66OlH6JjudZmxH+AI8=/index.m3u8','','Серія 9',2,9,'2026-02-09 15:22:43','2026-02-09 15:22:43','[]'),(55,NULL,81,13,'https://ashdi.vip/video09/2/serials/fringe.s02.k1/s02/fringe._s02e10._grey_matters_236345/hls/B66OlH6JjudZmxH+AI8=/index.m3u8','','Серія 10',2,10,'2026-02-09 15:22:43','2026-02-09 15:22:43','[]'),(56,NULL,81,14,'https://ashdi.vip/video09/2/serials/fringe.s02.k1/s02/fringe._s02e11._unearthed_236346/hls/B66OlH6JjudZmxH+AI8=/index.m3u8','','Серія 11',2,11,'2026-02-09 15:22:43','2026-02-09 15:22:43','[]'),(57,NULL,81,15,'https://ashdi.vip/video09/2/serials/fringe.s02.k1/s02/fringe._s02e12._johari_window_236347/hls/B66OlH6JjudZmxH+AI8=/index.m3u8','','Серія 12',2,12,'2026-02-09 15:22:43','2026-02-09 15:22:43','[]'),(58,NULL,81,16,'https://ashdi.vip/video09/2/serials/fringe.s02.k1/s02/fringe._s02e13._what_lies_below_236348/hls/B66OlH6JjudZmxH+AI8=/index.m3u8','','Серія 13',2,13,'2026-02-09 15:22:43','2026-02-09 15:22:43','[]'),(59,NULL,81,17,'https://ashdi.vip/video09/2/serials/fringe.s02.k1/s02/fringe._s02e14._the_bishop_revival_236349/hls/B66OlH6JjudZmxH+AI8=/index.m3u8','','Серія 14',2,14,'2026-02-09 15:22:43','2026-02-09 15:22:43','[]'),(60,NULL,81,18,'https://ashdi.vip/video09/2/serials/fringe.s02.k1/s02/fringe._s02e15._jacksonville_236350/hls/B66OlH6JjudZmxH+AI8=/index.m3u8','','Серія 15',2,15,'2026-02-09 15:22:43','2026-02-09 15:22:43','[]'),(61,NULL,81,19,'https://ashdi.vip/video09/2/serials/fringe.s02.k1/s02/fringe._s02e16._peter_236351/hls/B66OlH6JjudZmxH+AI8=/index.m3u8','','Серія 16',2,16,'2026-02-09 15:22:43','2026-02-09 15:22:43','[]'),(62,NULL,81,20,'https://ashdi.vip/video09/2/serials/fringe.s02.k1/s02/fringe._s02e17._olivia._in_the_lab._with_the_revolver._236352/hls/B66OlH6JjudZmxH+AI8=/index.m3u8','','Серія 17',2,17,'2026-02-09 15:22:43','2026-02-09 15:22:43','[]'),(63,NULL,81,21,'https://ashdi.vip/video09/2/serials/fringe.s02.k1/s02/fringe._s02e18._white_tulip_236353/hls/B66OlH6JjudZmxH+AI8=/index.m3u8','','Серія 18',2,18,'2026-02-09 15:22:43','2026-02-09 15:22:43','[]'),(64,NULL,81,22,'https://ashdi.vip/video09/2/serials/fringe.s02.k1/s02/fringe._s02e19._the_man_from_the_other_side_236354/hls/B66OlH6JjudZmxH+AI8=/index.m3u8','','Серія 19',2,19,'2026-02-09 15:22:43','2026-02-09 15:22:43','[]'),(65,NULL,81,23,'https://ashdi.vip/video09/2/serials/fringe.s02.k1/s02/fringe._s02e20._brown_betty_236355/hls/B66OlH6JjudZmxH+AI8=/index.m3u8','','Серія 20',2,20,'2026-02-09 15:22:43','2026-02-09 15:22:43','[]'),(66,NULL,81,24,'https://ashdi.vip/video09/2/serials/fringe.s02.k1/s02/fringe._s02e21._northwest_passage_236356/hls/B66OlH6JjudZmxH+AI8=/index.m3u8','','Серія 21',2,21,'2026-02-09 15:22:43','2026-02-09 15:22:43','[]'),(67,NULL,81,25,'https://ashdi.vip/video09/2/serials/fringe.s02.k1/s02/fringe._s02e22._over_there_part_1_236357/hls/B66OlH6JjudZmxH+AI8=/index.m3u8','','Серія 22',2,22,'2026-02-09 15:22:43','2026-02-09 15:22:43','[]'),(68,NULL,81,26,'https://ashdi.vip/video09/2/serials/fringe.s02.k1/s02/fringe._s02e23._over_there_part_2_236358/hls/B66OlH6JjudZmxH+AI8=/index.m3u8','','Серія 23',2,23,'2026-02-09 15:22:43','2026-02-09 15:22:43','[]'),(69,NULL,81,4,'https://ashdi.vip/video09/1/new/fringe_s02e01_bdrip_1080p_2xukreng._sub_eng_208030/hls/B66OlH6JjudZmxH+AI8=/index.m3u8','','Серія 1',2,1,'2026-02-09 15:22:43','2026-02-09 15:22:43','[]'),(70,NULL,81,5,'https://ashdi.vip/video09/1/new/fringe_s02e02_bdrip_1080p_2xukreng._sub_eng_208031/hls/B66OlH6JjudZmxH+AI8=/index.m3u8','','Серія 2',2,2,'2026-02-09 15:22:43','2026-02-09 15:22:43','[]'),(71,NULL,81,6,'https://ashdi.vip/video09/1/new/fringe_s02e03_bdrip_1080p_2xukreng._sub_eng_208032/hls/B66OlH6JjudZmxH+AI8=/index.m3u8','','Серія 3',2,3,'2026-02-09 15:22:43','2026-02-09 15:22:43','[]'),(72,NULL,81,7,'https://ashdi.vip/video09/1/new/fringe_s02e04_bdrip_1080p_2xukreng._sub_eng_208033/hls/B66OlH6JjudZmxH+AI8=/index.m3u8','','Серія 4',2,4,'2026-02-09 15:22:43','2026-02-09 15:22:43','[]'),(73,NULL,81,8,'https://ashdi.vip/video09/1/new/fringe_s02e05_bdrip_1080p_2xukreng._sub_eng_208034/hls/B66OlH6JjudZmxH+AI8=/index.m3u8','','Серія 5',2,5,'2026-02-09 15:22:43','2026-02-09 15:22:43','[]'),(74,NULL,81,9,'https://ashdi.vip/video09/1/new/fringe_s02e06_bdrip_1080p_2xukreng._sub_eng_208035/hls/B66OlH6JjudZmxH+AI8=/index.m3u8','','Серія 6',2,6,'2026-02-09 15:22:43','2026-02-09 15:22:43','[]'),(75,NULL,81,10,'https://ashdi.vip/video09/1/new/fringe_s02e07_bdrip_1080p_2xukreng._sub_eng_208036/hls/B66OlH6JjudZmxH+AI8=/index.m3u8','','Серія 7',2,7,'2026-02-09 15:22:43','2026-02-09 15:22:43','[]'),(76,NULL,81,11,'https://ashdi.vip/video09/1/new/fringe_s02e08_bdrip_1080p_2xukreng._sub_eng_208037/hls/B66OlH6JjudZmxH+AI8=/index.m3u8','','Серія 8',2,8,'2026-02-09 15:22:43','2026-02-09 15:22:43','[]'),(77,NULL,81,12,'https://ashdi.vip/video09/1/new/fringe_s02e09_bdrip_1080p_2xukreng._sub_eng_208038/hls/B66OlH6JjudZmxH+AI8=/index.m3u8','','Серія 9',2,9,'2026-02-09 15:22:43','2026-02-09 15:22:43','[]'),(78,NULL,81,13,'https://ashdi.vip/video09/1/new/fringe_s02e10_bdrip_1080p_2xukreng._sub_eng_208039/hls/B66OlH6JjudZmxH+AI8=/index.m3u8','','Серія 10',2,10,'2026-02-09 15:22:43','2026-02-09 15:22:43','[]'),(79,NULL,81,14,'https://ashdi.vip/video09/1/new/fringe_s02e11_bdrip_1080p_2xukreng._sub_eng_208040/hls/B66OlH6JjudZmxH+AI8=/index.m3u8','','Серія 11',2,11,'2026-02-09 15:22:43','2026-02-09 15:22:43','[]'),(80,NULL,81,15,'https://ashdi.vip/video09/1/new/fringe_s02e12_bdrip_1080p_2xukreng._sub_eng_208041/hls/B66OlH6JjudZmxH+AI8=/index.m3u8','','Серія 12',2,12,'2026-02-09 15:22:43','2026-02-09 15:22:43','[]'),(81,NULL,81,16,'https://ashdi.vip/video09/1/new/fringe_s02e13_bdrip_1080p_2xukreng._sub_eng_208042/hls/B66OlH6JjudZmxH+AI8=/index.m3u8','','Серія 13',2,13,'2026-02-09 15:22:43','2026-02-09 15:22:43','[]'),(82,NULL,81,17,'https://ashdi.vip/video09/1/new/fringe_s02e14_bdrip_1080p_2xukreng._sub_eng_208043/hls/B66OlH6JjudZmxH+AI8=/index.m3u8','','Серія 14',2,14,'2026-02-09 15:22:43','2026-02-09 15:22:43','[]'),(83,NULL,81,18,'https://ashdi.vip/video09/1/new/fringe_s02e15_bdrip_1080p_2xukreng._sub_eng_208044/hls/B66OlH6JjudZmxH+AI8=/index.m3u8','','Серія 15',2,15,'2026-02-09 15:22:43','2026-02-09 15:22:43','[]'),(84,NULL,81,19,'https://ashdi.vip/video09/1/new/fringe_s02e16_bdrip_1080p_2xukreng._sub_eng_208045/hls/B66OlH6JjudZmxH+AI8=/index.m3u8','','Серія 16',2,16,'2026-02-09 15:22:43','2026-02-09 15:22:43','[]'),(85,NULL,81,20,'https://ashdi.vip/video09/1/new/fringe_s02e17_bdrip_1080p_2xukreng._sub_eng_208046/hls/B66OlH6JjudZmxH+AI8=/index.m3u8','','Серія 17',2,17,'2026-02-09 15:22:43','2026-02-09 15:22:43','[]'),(86,NULL,81,21,'https://ashdi.vip/video09/1/new/fringe_s02e18_bdrip_1080p_2xukreng._sub_eng_208047/hls/B66OlH6JjudZmxH+AI8=/index.m3u8','','Серія 18',2,18,'2026-02-09 15:22:43','2026-02-09 15:22:43','[]'),(87,NULL,81,22,'https://ashdi.vip/video09/1/new/fringe_s02e19_bdrip_1080p_2xukreng._sub_eng_208048/hls/B66OlH6JjudZmxH+AI8=/index.m3u8','','Серія 19',2,19,'2026-02-09 15:22:43','2026-02-09 15:22:43','[]'),(88,NULL,81,23,'https://ashdi.vip/video09/1/new/fringe_s02e20_bdrip_1080p_2xukreng._sub_eng_208049/hls/B66OlH6JjudZmxH+AI8=/index.m3u8','','Серія 20',2,20,'2026-02-09 15:22:43','2026-02-09 15:22:43','[]'),(89,NULL,81,24,'https://ashdi.vip/video09/1/new/fringe_s02e21_bdrip_1080p_2xukreng._sub_eng_208050/hls/B66OlH6JjudZmxH+AI8=/index.m3u8','','Серія 21',2,21,'2026-02-09 15:22:43','2026-02-09 15:22:43','[]'),(90,NULL,81,25,'https://ashdi.vip/video09/1/new/fringe_s02e22_bdrip_1080p_2xukreng._sub_eng_208051/hls/B66OlH6JjudZmxH+AI8=/index.m3u8','','Серія 22',2,22,'2026-02-09 15:22:43','2026-02-09 15:22:43','[]'),(91,NULL,81,26,'https://ashdi.vip/video09/1/new/fringe_s02e23_bdrip_1080p_2xukreng._sub_eng_208052/hls/B66OlH6JjudZmxH+AI8=/index.m3u8','','Серія 23',2,23,'2026-02-09 15:22:43','2026-02-09 15:22:43','[]'),(92,NULL,81,4,'https://ashdi.vip/video09/3/new/fringe_season_2/fringe_s02e01_bdrip_1080p_2xukreng._sub_eng_20422/hls/B66OlH6JjudZmxH+AI8=/index.m3u8','','Серія 1',2,1,'2026-02-09 15:22:43','2026-02-09 15:22:43','[]'),(93,NULL,81,5,'https://ashdi.vip/video09/3/new/fringe_season_2/fringe_s02e02_bdrip_1080p_2xukreng._sub_eng_20423/hls/B66OlH6JjudZmxH+AI8=/index.m3u8','','Серія 2',2,2,'2026-02-09 15:22:43','2026-02-09 15:22:43','[]'),(94,NULL,81,6,'https://ashdi.vip/video09/3/new/fringe_season_2/fringe_s02e03_bdrip_1080p_2xukreng._sub_eng_20424/hls/B66OlH6JjudZmxH+AI8=/index.m3u8','','Серія 3',2,3,'2026-02-09 15:22:43','2026-02-09 15:22:43','[]'),(95,NULL,81,7,'https://ashdi.vip/video09/3/new/fringe_season_2/fringe_s02e04_bdrip_1080p_2xukreng._sub_eng_20425/hls/B66OlH6JjudZmxH+AI8=/index.m3u8','','Серія 4',2,4,'2026-02-09 15:22:43','2026-02-09 15:22:43','[]'),(96,NULL,81,8,'https://ashdi.vip/video09/3/new/fringe_season_2/fringe_s02e05_bdrip_1080p_2xukreng._sub_eng_20426/hls/B66OlH6JjudZmxH+AI8=/index.m3u8','','Серія 5',2,5,'2026-02-09 15:22:43','2026-02-09 15:22:43','[]'),(97,NULL,81,9,'https://ashdi.vip/video09/3/new/fringe_season_2/fringe_s02e06_bdrip_1080p_2xukreng._sub_eng_20427/hls/B66OlH6JjudZmxH+AI8=/index.m3u8','','Серія 6',2,6,'2026-02-09 15:22:43','2026-02-09 15:22:43','[]'),(98,NULL,81,10,'https://ashdi.vip/video09/3/new/fringe_season_2/fringe_s02e07_bdrip_1080p_2xukreng._sub_eng_20428/hls/B66OlH6JjudZmxH+AI8=/index.m3u8','','Серія 7',2,7,'2026-02-09 15:22:43','2026-02-09 15:22:43','[]'),(99,NULL,81,11,'https://ashdi.vip/video09/3/new/fringe_season_2/fringe_s02e08_bdrip_1080p_2xukreng._sub_eng_20429/hls/B66OlH6JjudZmxH+AI8=/index.m3u8','','Серія 8',2,8,'2026-02-09 15:22:43','2026-02-09 15:22:43','[]'),(100,NULL,81,12,'https://ashdi.vip/video09/3/new/fringe_season_2/fringe_s02e09_bdrip_1080p_2xukreng._sub_eng_20430/hls/B66OlH6JjudZmxH+AI8=/index.m3u8','','Серія 9',2,9,'2026-02-09 15:22:43','2026-02-09 15:22:43','[]'),(101,NULL,81,13,'https://ashdi.vip/video09/3/new/fringe_season_2/fringe_s02e10_bdrip_1080p_2xukreng._sub_eng_20431/hls/B66OlH6JjudZmxH+AI8=/index.m3u8','','Серія 10',2,10,'2026-02-09 15:22:43','2026-02-09 15:22:43','[]'),(102,NULL,81,14,'https://ashdi.vip/video09/3/new/fringe_season_2/fringe_s02e11_bdrip_1080p_2xukreng._sub_eng_20432/hls/B66OlH6JjudZmxH+AI8=/index.m3u8','','Серія 11',2,11,'2026-02-09 15:22:43','2026-02-09 15:22:43','[]'),(103,NULL,81,15,'https://ashdi.vip/video09/3/new/fringe_season_2/fringe_s02e12_bdrip_1080p_2xukreng._sub_eng_20433/hls/B66OlH6JjudZmxH+AI8=/index.m3u8','','Серія 12',2,12,'2026-02-09 15:22:43','2026-02-09 15:22:43','[]'),(104,NULL,81,16,'https://ashdi.vip/video09/3/new/fringe_season_2/fringe_s02e13_bdrip_1080p_2xukreng._sub_eng_20434/hls/B66OlH6JjudZmxH+AI8=/index.m3u8','','Серія 13',2,13,'2026-02-09 15:22:43','2026-02-09 15:22:43','[]'),(105,NULL,81,17,'https://ashdi.vip/video09/3/new/fringe_season_2/fringe_s02e14_bdrip_1080p_2xukreng._sub_eng_20435/hls/B66OlH6JjudZmxH+AI8=/index.m3u8','','Серія 14',2,14,'2026-02-09 15:22:43','2026-02-09 15:22:43','[]'),(106,NULL,81,18,'https://ashdi.vip/video09/3/new/fringe_season_2/fringe_s02e15_bdrip_1080p_2xukreng._sub_eng_20436/hls/B66OlH6JjudZmxH+AI8=/index.m3u8','','Серія 15',2,15,'2026-02-09 15:22:43','2026-02-09 15:22:43','[]'),(107,NULL,81,19,'https://ashdi.vip/video09/3/new/fringe_season_2/fringe_s02e16_bdrip_1080p_2xukreng._sub_eng_20437/hls/B66OlH6JjudZmxH+AI8=/index.m3u8','','Серія 16',2,16,'2026-02-09 15:22:43','2026-02-09 15:22:43','[]'),(108,NULL,81,20,'https://ashdi.vip/video09/3/new/fringe_season_2/fringe_s02e17_bdrip_1080p_2xukreng._sub_eng_20438/hls/B66OlH6JjudZmxH+AI8=/index.m3u8','','Серія 17',2,17,'2026-02-09 15:22:43','2026-02-09 15:22:43','[]'),(109,NULL,81,21,'https://ashdi.vip/video09/3/new/fringe_season_2/fringe_s02e18_bdrip_1080p_2xukreng._sub_eng_20439/hls/B66OlH6JjudZmxH+AI8=/index.m3u8','','Серія 18',2,18,'2026-02-09 15:22:43','2026-02-09 15:22:43','[]'),(110,NULL,81,22,'https://ashdi.vip/video09/3/new/fringe_season_2/fringe_s02e19_bdrip_1080p_2xukreng._sub_eng_20440/hls/B66OlH6JjudZmxH+AI8=/index.m3u8','','Серія 19',2,19,'2026-02-09 15:22:43','2026-02-09 15:22:43','[]'),(111,NULL,81,23,'https://ashdi.vip/video09/3/new/fringe_season_2/fringe_s02e20_bdrip_1080p_2xukreng._sub_eng_20441/hls/B66OlH6JjudZmxH+AI8=/index.m3u8','','Серія 20',2,20,'2026-02-09 15:22:43','2026-02-09 15:22:43','[]'),(112,NULL,81,24,'https://ashdi.vip/video09/3/new/fringe_season_2/fringe_s02e21_bdrip_1080p_2xukreng._sub_eng_20442/hls/B66OlH6JjudZmxH+AI8=/index.m3u8','','Серія 21',2,21,'2026-02-09 15:22:43','2026-02-09 15:22:43','[]'),(113,NULL,81,25,'https://ashdi.vip/video09/3/new/fringe_season_2/fringe_s02e22_bdrip_1080p_2xukreng._sub_eng_20443/hls/B66OlH6JjudZmxH+AI8=/index.m3u8','','Серія 22',2,22,'2026-02-09 15:22:43','2026-02-09 15:22:43','[]'),(114,NULL,81,26,'https://ashdi.vip/video09/3/new/fringe_season_2/fringe_s02e23_bdrip_1080p_2xukreng._sub_eng_20444/hls/B66OlH6JjudZmxH+AI8=/index.m3u8','','Серія 23',2,23,'2026-02-09 15:22:43','2026-02-09 15:22:43','[]'),(115,NULL,145,3,'https://ashdi.vip/video09/2/serials/prodzhekt_sekaj__dub_235606/hls/B66OlH6JjudZmxH+AI8=/index.m3u8','','UA #1',NULL,NULL,'2026-02-09 15:26:18','2026-02-09 15:26:18','[]');
/*!40000 ALTER TABLE `files` ENABLE KEYS */;
UNLOCK TABLES;

--
-- Table structure for table `genre_video`
--

DROP TABLE IF EXISTS `genre_video`;
/*!40101 SET @saved_cs_client     = @@character_set_client */;
/*!50503 SET character_set_client = utf8mb4 */;
CREATE TABLE `genre_video` (
  `id` bigint unsigned NOT NULL AUTO_INCREMENT,
  `video_id` int unsigned NOT NULL,
  `genre_id` int unsigned NOT NULL,
  PRIMARY KEY (`id`),
  UNIQUE KEY `genre_video_video_id_genre_id_unique` (`video_id`,`genre_id`),
  KEY `genre_video_genre_id_foreign` (`genre_id`),
  CONSTRAINT `genre_video_genre_id_foreign` FOREIGN KEY (`genre_id`) REFERENCES `genres` (`id`) ON DELETE CASCADE,
  CONSTRAINT `genre_video_video_id_foreign` FOREIGN KEY (`video_id`) REFERENCES `videos` (`id`) ON DELETE CASCADE
) ENGINE=InnoDB AUTO_INCREMENT=422 DEFAULT CHARSET=utf8mb4 COLLATE=utf8mb4_unicode_ci;
/*!40101 SET character_set_client = @saved_cs_client */;

--
-- Dumping data for table `genre_video`
--

LOCK TABLES `genre_video` WRITE;
/*!40000 ALTER TABLE `genre_video` DISABLE KEYS */;
INSERT INTO `genre_video` VALUES (1,1,1),(2,1,2),(3,2,3),(4,2,4),(5,2,5),(7,3,1),(8,3,5),(6,3,6),(9,3,7),(14,4,2),(10,4,6),(11,4,8),(12,4,9),(13,4,10),(16,5,1),(15,5,6),(17,5,8),(18,6,3),(21,6,5),(20,6,8),(19,6,11),(22,7,1),(23,7,7),(24,7,12),(26,8,1),(25,8,6),(27,8,12),(28,9,3),(29,9,8),(30,9,13),(31,10,3),(32,10,8),(33,10,13),(34,11,3),(35,11,4),(36,11,5),(37,11,11),(38,11,13),(39,12,1),(40,12,11),(41,12,12),(43,13,1),(42,13,3),(46,13,4),(47,13,5),(44,13,8),(45,13,13),(49,14,8),(48,14,14),(51,15,4),(52,15,5),(50,15,11),(54,16,4),(53,16,11),(56,16,12),(55,16,15),(58,17,1),(57,17,6),(59,17,8),(60,18,1),(61,18,11),(62,18,12),(63,19,8),(64,19,10),(66,20,1),(65,20,14),(67,21,8),(69,21,11),(68,21,12),(71,22,1),(70,22,6),(72,22,8),(73,23,3),(74,23,6),(76,23,8),(77,23,13),(75,23,16),(79,24,8),(78,24,14),(80,25,3),(82,25,13),(81,25,16),(84,26,4),(83,26,13),(88,27,4),(87,27,13),(85,27,16),(86,27,17),(89,28,3),(90,28,5),(91,29,1),(93,29,13),(92,29,17),(94,30,1),(95,30,4),(96,30,7),(97,31,8),(98,31,17),(100,32,4),(99,32,13),(102,33,5),(101,33,13),(103,33,18),(104,34,3),(106,34,13),(105,34,17),(108,35,1),(107,35,6),(109,35,12),(110,36,5),(111,36,11),(112,36,15),(113,36,19),(115,37,7),(114,37,11),(117,37,12),(116,37,15),(119,38,4),(120,38,5),(118,38,16),(125,39,3),(122,39,6),(121,39,8),(124,39,11),(123,39,20),(127,40,10),(126,40,21),(128,41,22),(129,41,23),(130,42,22),(131,42,24),(132,43,22),(133,43,23),(134,44,22),(135,44,23),(136,45,22),(137,45,24),(138,46,22),(139,46,24),(140,47,22),(141,47,24),(142,48,22),(143,48,24),(144,49,22),(145,49,23),(146,50,22),(147,50,23),(148,51,22),(149,51,23),(150,52,22),(151,52,24),(152,53,22),(153,53,23),(154,54,22),(155,54,23),(156,55,22),(157,55,24),(158,56,22),(159,56,23),(160,57,22),(161,57,23),(163,58,18),(162,58,23),(164,59,2),(165,59,24),(166,60,22),(167,60,23),(168,61,22),(169,61,23),(171,62,18),(170,62,24),(172,63,22),(173,63,23),(175,64,18),(174,64,24),(177,65,18),(176,65,23),(178,66,22),(179,66,24),(181,67,19),(180,67,22),(182,68,22),(183,68,23),(184,69,22),(185,69,23),(186,70,22),(187,70,23),(188,71,22),(189,71,24),(190,72,22),(191,72,23),(193,73,18),(192,73,23),(194,74,22),(195,74,23),(196,75,22),(197,75,23),(198,76,22),(199,76,23),(200,77,22),(201,77,23),(202,78,22),(203,78,23),(204,79,22),(205,79,23),(206,80,22),(207,80,23),(211,81,5),(210,81,13),(208,81,16),(209,81,25),(213,82,5),(212,82,6),(214,82,26),(215,82,27),(219,83,13),(216,83,16),(217,83,25),(218,83,28),(220,84,5),(222,84,16),(223,84,18),(221,84,25),(226,85,5),(225,85,13),(224,85,25),(228,86,6),(227,86,25),(229,86,26),(230,86,27),(232,87,6),(231,87,29),(236,88,13),(233,88,16),(234,88,25),(237,88,26),(238,88,27),(235,88,28),(239,89,6),(240,89,25),(241,89,26),(242,89,27),(243,90,25),(244,90,29),(246,91,5),(245,91,25),(247,91,26),(248,91,27),(249,92,30),(250,92,31),(251,93,5),(253,93,13),(254,93,16),(252,93,25),(255,94,5),(257,94,13),(258,94,16),(256,94,25),(259,95,5),(261,95,13),(262,95,16),(260,95,25),(264,96,5),(263,96,29),(267,97,13),(265,97,16),(266,97,25),(268,98,25),(269,98,27),(270,99,6),(272,99,11),(271,99,25),(274,100,6),(273,100,25),(277,101,5),(276,101,6),(275,101,25),(278,101,26),(280,102,25),(279,102,30),(282,103,13),(281,103,16),(283,103,28),(285,104,6),(286,104,25),(284,104,26),(288,105,13),(287,105,25),(291,106,4),(289,106,5),(290,106,25),(294,107,5),(293,107,11),(292,107,25),(297,108,5),(298,108,6),(295,108,25),(299,108,26),(300,108,27),(296,108,29),(301,109,6),(302,109,25),(303,109,32),(304,110,16),(305,110,25),(306,110,28),(307,111,6),(308,111,25),(309,111,32),(311,112,27),(310,112,31),(313,113,13),(312,113,16),(314,113,28),(316,114,25),(315,114,30),(318,115,25),(317,115,30),(323,116,5),(322,116,13),(320,116,16),(321,116,25),(319,116,30),(328,117,6),(325,117,16),(326,117,25),(329,117,26),(330,117,27),(327,117,28),(324,117,29),(333,118,6),(332,118,25),(334,118,26),(335,118,27),(331,118,29),(337,119,13),(336,119,25),(338,119,26),(341,120,5),(340,120,13),(339,120,25),(342,121,33),(343,121,34),(344,122,33),(345,122,34),(346,123,33),(347,123,34),(348,124,33),(349,124,34),(350,125,33),(351,125,34),(352,126,33),(353,126,34),(354,127,33),(355,127,34),(356,128,33),(357,128,34),(358,129,33),(359,129,34),(360,130,33),(361,130,34),(362,131,33),(363,131,34),(364,132,33),(365,132,34),(366,133,33),(367,133,34),(368,134,33),(369,134,34),(370,135,33),(371,135,34),(372,136,33),(373,136,34),(374,137,33),(375,137,34),(376,138,33),(377,138,34),(378,139,33),(379,139,34),(380,140,33),(381,140,34),(382,141,33),(383,141,34),(384,142,33),(385,142,34),(386,143,33),(387,143,34),(388,144,33),(389,144,34),(390,145,33),(391,145,35),(392,146,33),(393,146,34),(394,147,33),(395,147,34),(396,148,33),(397,148,34),(398,149,33),(399,149,34),(400,150,33),(401,150,34),(402,151,33),(403,151,34),(404,152,33),(405,152,34),(406,153,33),(407,153,34),(408,154,33),(409,154,34),(410,155,33),(411,155,34),(412,156,33),(413,156,34),(414,157,33),(415,157,34),(416,158,33),(417,158,34),(418,159,33),(419,159,34),(420,160,33),(421,160,34);
/*!40000 ALTER TABLE `genre_video` ENABLE KEYS */;
UNLOCK TABLES;

--
-- Table structure for table `genres`
--

DROP TABLE IF EXISTS `genres`;
/*!40101 SET @saved_cs_client     = @@character_set_client */;
/*!50503 SET character_set_client = utf8mb4 */;
CREATE TABLE `genres` (
  `id` int unsigned NOT NULL AUTO_INCREMENT,
  `name` varchar(130) COLLATE utf8mb4_unicode_ci NOT NULL,
  `created_at` datetime DEFAULT CURRENT_TIMESTAMP,
  PRIMARY KEY (`id`),
  UNIQUE KEY `genres_name_idx` (`name`)
) ENGINE=InnoDB AUTO_INCREMENT=36 DEFAULT CHARSET=utf8mb4 COLLATE=utf8mb4_unicode_ci;
/*!40101 SET character_set_client = @saved_cs_client */;

--
-- Dumping data for table `genres`
--

LOCK TABLES `genres` WRITE;
/*!40000 ALTER TABLE `genres` DISABLE KEYS */;
INSERT INTO `genres` VALUES (1,'комедія','2026-02-09 15:18:38'),(2,'субтитровані фільми','2026-02-09 15:18:38'),(3,'екшн','2026-02-09 15:18:40'),(4,'жахи','2026-02-09 15:18:40'),(5,'фантастика','2026-02-09 15:18:40'),(6,'мелодрами','2026-02-09 15:18:42'),(7,'фентезі','2026-02-09 15:18:42'),(8,'драми','2026-02-09 15:18:44'),(9,'історичні','2026-02-09 15:18:44'),(10,'біографія','2026-02-09 15:18:44'),(11,'пригоди','2026-02-09 15:18:48'),(12,'сімейні','2026-02-09 15:18:50'),(13,'трилери','2026-02-09 15:18:56'),(14,'фільми','2026-02-09 15:19:08'),(15,'музичні','2026-02-09 15:19:12'),(16,'детективи','2026-02-09 15:19:28'),(17,'кримінал','2026-02-09 15:19:38'),(18,'спільнопродакшн','2026-02-09 15:19:50'),(19,'короткометражні','2026-02-09 15:19:59'),(20,'військові','2026-02-09 15:20:08'),(21,'документальне кіно','2026-02-09 15:20:10'),(22,'мультфільми','2026-02-09 15:20:15'),(23,'мультсеріали','2026-02-09 15:20:15'),(24,'повнометражні','2026-02-09 15:20:17'),(25,'драма','2026-02-09 15:22:43'),(26,'дорами','2026-02-09 15:22:47'),(27,'субтитровані серіали','2026-02-09 15:22:47'),(28,'кримінальні','2026-02-09 15:22:50'),(29,'комедії','2026-02-09 15:23:04'),(30,'серіали','2026-02-09 15:23:22'),(31,'документальні серіали','2026-02-09 15:23:22'),(32,'турецькі','2026-02-09 15:24:18'),(33,'аніме','2026-02-09 15:25:00'),(34,'багатосерійне аніме','2026-02-09 15:25:00'),(35,'повнометражне аніме','2026-02-09 15:26:18');
/*!40000 ALTER TABLE `genres` ENABLE KEYS */;
UNLOCK TABLES;

--
-- Table structure for table `geo_groups`
--

DROP TABLE IF EXISTS `geo_groups`;
/*!40101 SET @saved_cs_client     = @@character_set_client */;
/*!50503 SET character_set_client = utf8mb4 */;
CREATE TABLE `geo_groups` (
  `id` int unsigned NOT NULL AUTO_INCREMENT,
  `name` varchar(100) COLLATE utf8mb4_unicode_ci NOT NULL,
  `created_at` timestamp NULL DEFAULT CURRENT_TIMESTAMP,
  `updated_at` timestamp NULL DEFAULT CURRENT_TIMESTAMP ON UPDATE CURRENT_TIMESTAMP,
  PRIMARY KEY (`id`)
) ENGINE=InnoDB DEFAULT CHARSET=utf8mb4 COLLATE=utf8mb4_unicode_ci;
/*!40101 SET character_set_client = @saved_cs_client */;

--
-- Dumping data for table `geo_groups`
--

LOCK TABLES `geo_groups` WRITE;
/*!40000 ALTER TABLE `geo_groups` DISABLE KEYS */;
/*!40000 ALTER TABLE `geo_groups` ENABLE KEYS */;
UNLOCK TABLES;

--
-- Table structure for table `job_batches`
--

DROP TABLE IF EXISTS `job_batches`;
/*!40101 SET @saved_cs_client     = @@character_set_client */;
/*!50503 SET character_set_client = utf8mb4 */;
CREATE TABLE `job_batches` (
  `id` varchar(255) COLLATE utf8mb4_unicode_ci NOT NULL,
  `name` varchar(255) COLLATE utf8mb4_unicode_ci NOT NULL,
  `total_jobs` int NOT NULL,
  `pending_jobs` int NOT NULL,
  `failed_jobs` int NOT NULL,
  `failed_job_ids` longtext COLLATE utf8mb4_unicode_ci NOT NULL,
  `options` mediumtext COLLATE utf8mb4_unicode_ci,
  `cancelled_at` int DEFAULT NULL,
  `created_at` int NOT NULL,
  `finished_at` int DEFAULT NULL,
  PRIMARY KEY (`id`)
) ENGINE=InnoDB DEFAULT CHARSET=utf8mb4 COLLATE=utf8mb4_unicode_ci;
/*!40101 SET character_set_client = @saved_cs_client */;

--
-- Dumping data for table `job_batches`
--

LOCK TABLES `job_batches` WRITE;
/*!40000 ALTER TABLE `job_batches` DISABLE KEYS */;
/*!40000 ALTER TABLE `job_batches` ENABLE KEYS */;
UNLOCK TABLES;

--
-- Table structure for table `jobs`
--

DROP TABLE IF EXISTS `jobs`;
/*!40101 SET @saved_cs_client     = @@character_set_client */;
/*!50503 SET character_set_client = utf8mb4 */;
CREATE TABLE `jobs` (
  `id` bigint unsigned NOT NULL AUTO_INCREMENT,
  `queue` varchar(255) COLLATE utf8mb4_unicode_ci NOT NULL,
  `payload` longtext COLLATE utf8mb4_unicode_ci NOT NULL,
  `attempts` tinyint unsigned NOT NULL,
  `reserved_at` int unsigned DEFAULT NULL,
  `available_at` int unsigned NOT NULL,
  `created_at` int unsigned NOT NULL,
  PRIMARY KEY (`id`),
  KEY `jobs_queue_index` (`queue`)
) ENGINE=InnoDB DEFAULT CHARSET=utf8mb4 COLLATE=utf8mb4_unicode_ci;
/*!40101 SET character_set_client = @saved_cs_client */;

--
-- Dumping data for table `jobs`
--

LOCK TABLES `jobs` WRITE;
/*!40000 ALTER TABLE `jobs` DISABLE KEYS */;
/*!40000 ALTER TABLE `jobs` ENABLE KEYS */;
UNLOCK TABLES;

--
-- Table structure for table `migrations`
--

DROP TABLE IF EXISTS `migrations`;
/*!40101 SET @saved_cs_client     = @@character_set_client */;
/*!50503 SET character_set_client = utf8mb4 */;
CREATE TABLE `migrations` (
  `id` int unsigned NOT NULL AUTO_INCREMENT,
  `migration` varchar(255) COLLATE utf8mb4_unicode_ci NOT NULL,
  `batch` int NOT NULL,
  PRIMARY KEY (`id`)
) ENGINE=InnoDB AUTO_INCREMENT=41 DEFAULT CHARSET=utf8mb4 COLLATE=utf8mb4_unicode_ci;
/*!40101 SET character_set_client = @saved_cs_client */;

--
-- Dumping data for table `migrations`
--

LOCK TABLES `migrations` WRITE;
/*!40000 ALTER TABLE `migrations` DISABLE KEYS */;
INSERT INTO `migrations` VALUES (1,'0001_01_01_000001_create_cache_table',1),(2,'0001_01_01_000002_create_jobs_table',1),(3,'2024_01_01_000001_create_geo_groups_table',1),(4,'2024_01_01_000002_create_domain_types_table',1),(5,'2024_01_01_000003_create_domain_tags_table',1),(6,'2024_01_01_000004_create_genres_table',1),(7,'2024_01_01_000006_create_actors_table',1),(8,'2024_01_01_000007_create_directors_table',1),(9,'2024_01_01_000008_create_translations_table',1),(10,'2024_01_01_000010_create_cdns_table',1),(11,'2024_01_01_000014_create_settings_table',1),(12,'2024_01_01_000016_create_articles_table',1),(13,'2024_01_01_000018_create_countries_iso_table',1),(14,'2024_01_01_000019_create_domains_table',1),(15,'2024_01_01_000020_create_users_table',1),(16,'2024_01_01_000021_create_videos_table',1),(17,'2024_01_01_000022_create_files_table',1),(18,'2024_01_01_000024_create_video_watch_prices_table',1),(19,'2024_01_01_000034_create_cdn_videos_table',1),(20,'2024_01_01_000035_create_screenshots_table',1),(21,'2024_01_01_000036_create_subtitles_table',1),(22,'2024_01_01_000039_create_player_event_stats_table',1),(23,'2024_01_01_000040_create_video_similars_table',1),(24,'2024_01_01_000041_add_sync_timestamps_to_videos_table',1),(25,'2024_01_01_000041_create_player_pay_log_table',1),(26,'2024_01_01_000042_add_tmdb_fields_to_videos_table',1),(27,'2024_01_01_000042_create_player_pay_stats_table',1),(28,'2024_01_01_000043_add_poiskkino_fields_to_videos_table',1),(29,'2024_01_01_000044_add_uakino_fields_to_videos_table',1),(30,'2024_01_01_000045_make_kinopoisk_id_nullable_on_actors_and_directors',1),(31,'2024_01_01_000047_create_password_resets_table',1),(32,'2025_01_27_000001_create_genre_video_table',1),(33,'2025_01_27_000002_create_countries_iso_video_table',1),(34,'2025_01_27_000003_create_actor_video_table',1),(35,'2025_01_27_000004_create_director_video_table',1),(36,'2025_01_27_000005_create_domain_tags_pivot_table',1),(37,'2026_02_02_172621_create_permission_tables',1),(38,'2026_02_03_190000_add_verification_columns_to_domains_table',1),(39,'2026_02_03_200000_add_verification_method_to_domains_table',1),(40,'2026_02_09_000001_increase_film_length_column_size',1);
/*!40000 ALTER TABLE `migrations` ENABLE KEYS */;
UNLOCK TABLES;

--
-- Table structure for table `model_has_permissions`
--

DROP TABLE IF EXISTS `model_has_permissions`;
/*!40101 SET @saved_cs_client     = @@character_set_client */;
/*!50503 SET character_set_client = utf8mb4 */;
CREATE TABLE `model_has_permissions` (
  `permission_id` bigint unsigned NOT NULL,
  `model_type` varchar(255) COLLATE utf8mb4_unicode_ci NOT NULL,
  `model_id` bigint unsigned NOT NULL,
  PRIMARY KEY (`permission_id`,`model_id`,`model_type`),
  KEY `model_has_permissions_model_id_model_type_index` (`model_id`,`model_type`),
  CONSTRAINT `model_has_permissions_permission_id_foreign` FOREIGN KEY (`permission_id`) REFERENCES `permissions` (`id`) ON DELETE CASCADE
) ENGINE=InnoDB DEFAULT CHARSET=utf8mb4 COLLATE=utf8mb4_unicode_ci;
/*!40101 SET character_set_client = @saved_cs_client */;

--
-- Dumping data for table `model_has_permissions`
--

LOCK TABLES `model_has_permissions` WRITE;
/*!40000 ALTER TABLE `model_has_permissions` DISABLE KEYS */;
/*!40000 ALTER TABLE `model_has_permissions` ENABLE KEYS */;
UNLOCK TABLES;

--
-- Table structure for table `model_has_roles`
--

DROP TABLE IF EXISTS `model_has_roles`;
/*!40101 SET @saved_cs_client     = @@character_set_client */;
/*!50503 SET character_set_client = utf8mb4 */;
CREATE TABLE `model_has_roles` (
  `role_id` bigint unsigned NOT NULL,
  `model_type` varchar(255) COLLATE utf8mb4_unicode_ci NOT NULL,
  `model_id` bigint unsigned NOT NULL,
  PRIMARY KEY (`role_id`,`model_id`,`model_type`),
  KEY `model_has_roles_model_id_model_type_index` (`model_id`,`model_type`),
  CONSTRAINT `model_has_roles_role_id_foreign` FOREIGN KEY (`role_id`) REFERENCES `roles` (`id`) ON DELETE CASCADE
) ENGINE=InnoDB DEFAULT CHARSET=utf8mb4 COLLATE=utf8mb4_unicode_ci;
/*!40101 SET character_set_client = @saved_cs_client */;

--
-- Dumping data for table `model_has_roles`
--

LOCK TABLES `model_has_roles` WRITE;
/*!40000 ALTER TABLE `model_has_roles` DISABLE KEYS */;
/*!40000 ALTER TABLE `model_has_roles` ENABLE KEYS */;
UNLOCK TABLES;

--
-- Table structure for table `password_resets`
--

DROP TABLE IF EXISTS `password_resets`;
/*!40101 SET @saved_cs_client     = @@character_set_client */;
/*!50503 SET character_set_client = utf8mb4 */;
CREATE TABLE `password_resets` (
  `email` varchar(255) COLLATE utf8mb4_unicode_ci NOT NULL,
  `token` varchar(255) COLLATE utf8mb4_unicode_ci NOT NULL,
  `created_at` timestamp NOT NULL DEFAULT CURRENT_TIMESTAMP ON UPDATE CURRENT_TIMESTAMP,
  PRIMARY KEY (`email`,`token`)
) ENGINE=InnoDB DEFAULT CHARSET=utf8mb4 COLLATE=utf8mb4_unicode_ci;
/*!40101 SET character_set_client = @saved_cs_client */;

--
-- Dumping data for table `password_resets`
--

LOCK TABLES `password_resets` WRITE;
/*!40000 ALTER TABLE `password_resets` DISABLE KEYS */;
/*!40000 ALTER TABLE `password_resets` ENABLE KEYS */;
UNLOCK TABLES;

--
-- Table structure for table `permissions`
--

DROP TABLE IF EXISTS `permissions`;
/*!40101 SET @saved_cs_client     = @@character_set_client */;
/*!50503 SET character_set_client = utf8mb4 */;
CREATE TABLE `permissions` (
  `id` bigint unsigned NOT NULL AUTO_INCREMENT,
  `name` varchar(255) COLLATE utf8mb4_unicode_ci NOT NULL,
  `guard_name` varchar(255) COLLATE utf8mb4_unicode_ci NOT NULL,
  `created_at` timestamp NULL DEFAULT NULL,
  `updated_at` timestamp NULL DEFAULT NULL,
  PRIMARY KEY (`id`),
  UNIQUE KEY `permissions_name_guard_name_unique` (`name`,`guard_name`)
) ENGINE=InnoDB AUTO_INCREMENT=25 DEFAULT CHARSET=utf8mb4 COLLATE=utf8mb4_unicode_ci;
/*!40101 SET character_set_client = @saved_cs_client */;

--
-- Dumping data for table `permissions`
--

LOCK TABLES `permissions` WRITE;
/*!40000 ALTER TABLE `permissions` DISABLE KEYS */;
INSERT INTO `permissions` VALUES (1,'users-list','api','2026-02-09 15:18:01','2026-02-09 15:18:01'),(2,'users-view','api','2026-02-09 15:18:01','2026-02-09 15:18:01'),(3,'users-create','api','2026-02-09 15:18:01','2026-02-09 15:18:01'),(4,'users-update','api','2026-02-09 15:18:01','2026-02-09 15:18:01'),(5,'users-delete','api','2026-02-09 15:18:01','2026-02-09 15:18:01'),(6,'users-assign-role','api','2026-02-09 15:18:01','2026-02-09 15:18:01'),(7,'roles-list','api','2026-02-09 15:18:01','2026-02-09 15:18:01'),(8,'roles-view','api','2026-02-09 15:18:01','2026-02-09 15:18:01'),(9,'roles-create','api','2026-02-09 15:18:01','2026-02-09 15:18:01'),(10,'roles-update','api','2026-02-09 15:18:01','2026-02-09 15:18:01'),(11,'roles-delete','api','2026-02-09 15:18:01','2026-02-09 15:18:01'),(12,'permissions-list','api','2026-02-09 15:18:01','2026-02-09 15:18:01'),(13,'permissions-assign','api','2026-02-09 15:18:01','2026-02-09 15:18:01'),(14,'videos-list','api','2026-02-09 15:18:01','2026-02-09 15:18:01'),(15,'videos-view','api','2026-02-09 15:18:01','2026-02-09 15:18:01'),(16,'videos-create','api','2026-02-09 15:18:01','2026-02-09 15:18:01'),(17,'videos-update','api','2026-02-09 15:18:01','2026-02-09 15:18:01'),(18,'videos-delete','api','2026-02-09 15:18:01','2026-02-09 15:18:01'),(19,'videos-sync','api','2026-02-09 15:18:01','2026-02-09 15:18:01'),(20,'settings-view','api','2026-02-09 15:18:01','2026-02-09 15:18:01'),(21,'settings-update','api','2026-02-09 15:18:01','2026-02-09 15:18:01'),(22,'dashboard-view','api','2026-02-09 15:18:01','2026-02-09 15:18:01'),(23,'dashboard-stats','api','2026-02-09 15:18:01','2026-02-09 15:18:01'),(24,'domains-approve','api','2026-02-09 15:18:01','2026-02-09 15:18:01');
/*!40000 ALTER TABLE `permissions` ENABLE KEYS */;
UNLOCK TABLES;

--
-- Table structure for table `player_event_stats`
--

DROP TABLE IF EXISTS `player_event_stats`;
/*!40101 SET @saved_cs_client     = @@character_set_client */;
/*!50503 SET character_set_client = utf8mb4 */;
CREATE TABLE `player_event_stats` (
  `id` int unsigned NOT NULL AUTO_INCREMENT,
  `date` date NOT NULL,
  `domain_id` int unsigned NOT NULL,
  `geo_group_id` int unsigned NOT NULL,
  `event_type` enum('load','play','p1','p25','p50','p75','p100') COLLATE utf8mb4_unicode_ci NOT NULL,
  `counter` int unsigned NOT NULL DEFAULT '0',
  `created_at` timestamp NULL DEFAULT NULL,
  `updated_at` timestamp NULL DEFAULT NULL,
  PRIMARY KEY (`id`),
  UNIQUE KEY `unique_daily_event_stat` (`date`,`domain_id`,`geo_group_id`,`event_type`),
  KEY `player_event_stats_domain_id_foreign` (`domain_id`),
  KEY `player_event_stats_geo_group_id_foreign` (`geo_group_id`),
  KEY `player_event_stats_date_domain_id_index` (`date`,`domain_id`),
  KEY `player_event_stats_date_event_type_index` (`date`,`event_type`),
  CONSTRAINT `player_event_stats_domain_id_foreign` FOREIGN KEY (`domain_id`) REFERENCES `domains` (`id`) ON DELETE CASCADE
) ENGINE=InnoDB DEFAULT CHARSET=utf8mb4 COLLATE=utf8mb4_unicode_ci;
/*!40101 SET character_set_client = @saved_cs_client */;

--
-- Dumping data for table `player_event_stats`
--

LOCK TABLES `player_event_stats` WRITE;
/*!40000 ALTER TABLE `player_event_stats` DISABLE KEYS */;
/*!40000 ALTER TABLE `player_event_stats` ENABLE KEYS */;
UNLOCK TABLES;

--
-- Table structure for table `player_pay_log`
--

DROP TABLE IF EXISTS `player_pay_log`;
/*!40101 SET @saved_cs_client     = @@character_set_client */;
/*!50503 SET character_set_client = utf8mb4 */;
CREATE TABLE `player_pay_log` (
  `id` bigint NOT NULL AUTO_INCREMENT,
  `created_at` datetime NOT NULL DEFAULT CURRENT_TIMESTAMP,
  `user_id` int NOT NULL,
  `domain_id` int NOT NULL,
  `geo_group_id` tinyint NOT NULL DEFAULT '0',
  `domain_type_id` int NOT NULL DEFAULT '0',
  `visitor_ip` varbinary(16) DEFAULT NULL,
  `file_id` int NOT NULL DEFAULT '0',
  `event` enum('load','play','pay','vast_complete','p25','p50','p75','p100','getads','impression','p1','fallback','loaderror') COLLATE utf8mb4_unicode_ci NOT NULL,
  PRIMARY KEY (`id`)
) ENGINE=InnoDB DEFAULT CHARSET=utf8mb4 COLLATE=utf8mb4_unicode_ci;
/*!40101 SET character_set_client = @saved_cs_client */;

--
-- Dumping data for table `player_pay_log`
--

LOCK TABLES `player_pay_log` WRITE;
/*!40000 ALTER TABLE `player_pay_log` DISABLE KEYS */;
/*!40000 ALTER TABLE `player_pay_log` ENABLE KEYS */;
UNLOCK TABLES;

--
-- Table structure for table `player_pay_stats`
--

DROP TABLE IF EXISTS `player_pay_stats`;
/*!40101 SET @saved_cs_client     = @@character_set_client */;
/*!50503 SET character_set_client = utf8mb4 */;
CREATE TABLE `player_pay_stats` (
  `id` int unsigned NOT NULL AUTO_INCREMENT,
  `date` date NOT NULL,
  `domain_id` int unsigned NOT NULL,
  `geo_group_id` int unsigned DEFAULT NULL,
  `watch_price` int unsigned NOT NULL,
  `counter` int unsigned NOT NULL DEFAULT '0',
  `created_at` timestamp NULL DEFAULT CURRENT_TIMESTAMP,
  `updated_at` timestamp NULL DEFAULT CURRENT_TIMESTAMP,
  PRIMARY KEY (`id`),
  UNIQUE KEY `player_pay_stats_unique` (`date`,`domain_id`,`geo_group_id`),
  KEY `player_pay_stats_date_index` (`date`),
  KEY `player_pay_stats_domain_id_index` (`domain_id`),
  KEY `player_pay_stats_geo_group_id_index` (`geo_group_id`),
  CONSTRAINT `player_pay_stats_domain_id_foreign` FOREIGN KEY (`domain_id`) REFERENCES `domains` (`id`) ON DELETE CASCADE
) ENGINE=InnoDB DEFAULT CHARSET=utf8mb4 COLLATE=utf8mb4_unicode_ci;
/*!40101 SET character_set_client = @saved_cs_client */;

--
-- Dumping data for table `player_pay_stats`
--

LOCK TABLES `player_pay_stats` WRITE;
/*!40000 ALTER TABLE `player_pay_stats` DISABLE KEYS */;
/*!40000 ALTER TABLE `player_pay_stats` ENABLE KEYS */;
UNLOCK TABLES;

--
-- Table structure for table `role_has_permissions`
--

DROP TABLE IF EXISTS `role_has_permissions`;
/*!40101 SET @saved_cs_client     = @@character_set_client */;
/*!50503 SET character_set_client = utf8mb4 */;
CREATE TABLE `role_has_permissions` (
  `permission_id` bigint unsigned NOT NULL,
  `role_id` bigint unsigned NOT NULL,
  PRIMARY KEY (`permission_id`,`role_id`),
  KEY `role_has_permissions_role_id_foreign` (`role_id`),
  CONSTRAINT `role_has_permissions_permission_id_foreign` FOREIGN KEY (`permission_id`) REFERENCES `permissions` (`id`) ON DELETE CASCADE,
  CONSTRAINT `role_has_permissions_role_id_foreign` FOREIGN KEY (`role_id`) REFERENCES `roles` (`id`) ON DELETE CASCADE
) ENGINE=InnoDB DEFAULT CHARSET=utf8mb4 COLLATE=utf8mb4_unicode_ci;
/*!40101 SET character_set_client = @saved_cs_client */;

--
-- Dumping data for table `role_has_permissions`
--

LOCK TABLES `role_has_permissions` WRITE;
/*!40000 ALTER TABLE `role_has_permissions` DISABLE KEYS */;
INSERT INTO `role_has_permissions` VALUES (1,1),(2,1),(3,1),(4,1),(5,1),(6,1),(7,1),(8,1),(9,1),(10,1),(11,1),(12,1),(13,1),(14,1),(15,1),(16,1),(17,1),(18,1),(19,1),(20,1),(21,1),(22,1),(23,1),(24,1),(1,2),(2,2),(3,2),(4,2),(5,2),(6,2),(14,2),(15,2),(16,2),(17,2),(18,2),(19,2),(20,2),(21,2),(22,2),(23,2),(24,2),(14,3),(15,3),(16,3),(17,3),(22,3),(14,4),(15,4),(22,4);
/*!40000 ALTER TABLE `role_has_permissions` ENABLE KEYS */;
UNLOCK TABLES;

--
-- Table structure for table `roles`
--

DROP TABLE IF EXISTS `roles`;
/*!40101 SET @saved_cs_client     = @@character_set_client */;
/*!50503 SET character_set_client = utf8mb4 */;
CREATE TABLE `roles` (
  `id` bigint unsigned NOT NULL AUTO_INCREMENT,
  `name` varchar(255) COLLATE utf8mb4_unicode_ci NOT NULL,
  `guard_name` varchar(255) COLLATE utf8mb4_unicode_ci NOT NULL,
  `created_at` timestamp NULL DEFAULT NULL,
  `updated_at` timestamp NULL DEFAULT NULL,
  PRIMARY KEY (`id`),
  UNIQUE KEY `roles_name_guard_name_unique` (`name`,`guard_name`)
) ENGINE=InnoDB AUTO_INCREMENT=5 DEFAULT CHARSET=utf8mb4 COLLATE=utf8mb4_unicode_ci;
/*!40101 SET character_set_client = @saved_cs_client */;

--
-- Dumping data for table `roles`
--

LOCK TABLES `roles` WRITE;
/*!40000 ALTER TABLE `roles` DISABLE KEYS */;
INSERT INTO `roles` VALUES (1,'super-admin','api','2026-02-09 15:18:01','2026-02-09 15:18:01'),(2,'admin','api','2026-02-09 15:18:01','2026-02-09 15:18:01'),(3,'moderator','api','2026-02-09 15:18:01','2026-02-09 15:18:01'),(4,'user','api','2026-02-09 15:18:01','2026-02-09 15:18:01');
/*!40000 ALTER TABLE `roles` ENABLE KEYS */;
UNLOCK TABLES;

--
-- Table structure for table `screenshots`
--

DROP TABLE IF EXISTS `screenshots`;
/*!40101 SET @saved_cs_client     = @@character_set_client */;
/*!50503 SET character_set_client = utf8mb4 */;
CREATE TABLE `screenshots` (
  `id` int unsigned NOT NULL AUTO_INCREMENT,
  `file_id` int unsigned NOT NULL,
  `url` varchar(255) COLLATE utf8mb4_unicode_ci NOT NULL,
  `num` tinyint NOT NULL DEFAULT '0',
  PRIMARY KEY (`id`),
  UNIQUE KEY `screenshots_id_file_num_idx` (`file_id`,`num`),
  CONSTRAINT `screenshots_file_id_foreign` FOREIGN KEY (`file_id`) REFERENCES `files` (`id`) ON DELETE CASCADE
) ENGINE=InnoDB DEFAULT CHARSET=utf8mb4 COLLATE=utf8mb4_unicode_ci;
/*!40101 SET character_set_client = @saved_cs_client */;

--
-- Dumping data for table `screenshots`
--

LOCK TABLES `screenshots` WRITE;
/*!40000 ALTER TABLE `screenshots` DISABLE KEYS */;
/*!40000 ALTER TABLE `screenshots` ENABLE KEYS */;
UNLOCK TABLES;

--
-- Table structure for table `settings`
--

DROP TABLE IF EXISTS `settings`;
/*!40101 SET @saved_cs_client     = @@character_set_client */;
/*!50503 SET character_set_client = utf8mb4 */;
CREATE TABLE `settings` (
  `id` int unsigned NOT NULL AUTO_INCREMENT,
  `name` varchar(255) COLLATE utf8mb4_unicode_ci NOT NULL,
  `value` text COLLATE utf8mb4_unicode_ci NOT NULL,
  PRIMARY KEY (`id`),
  UNIQUE KEY `settings_name_unique` (`name`)
) ENGINE=InnoDB DEFAULT CHARSET=utf8mb4 COLLATE=utf8mb4_unicode_ci;
/*!40101 SET character_set_client = @saved_cs_client */;

--
-- Dumping data for table `settings`
--

LOCK TABLES `settings` WRITE;
/*!40000 ALTER TABLE `settings` DISABLE KEYS */;
/*!40000 ALTER TABLE `settings` ENABLE KEYS */;
UNLOCK TABLES;

--
-- Table structure for table `subtitles`
--

DROP TABLE IF EXISTS `subtitles`;
/*!40101 SET @saved_cs_client     = @@character_set_client */;
/*!50503 SET character_set_client = utf8mb4 */;
CREATE TABLE `subtitles` (
  `id` int unsigned NOT NULL AUTO_INCREMENT,
  `file_id` int unsigned NOT NULL,
  `track_num` int unsigned NOT NULL DEFAULT '0',
  `lang` varchar(10) COLLATE utf8mb4_unicode_ci NOT NULL,
  `subtitle_type` varchar(50) COLLATE utf8mb4_unicode_ci NOT NULL DEFAULT 'stream',
  `filename` varchar(255) COLLATE utf8mb4_unicode_ci NOT NULL,
  `url` varchar(255) COLLATE utf8mb4_unicode_ci NOT NULL,
  `created_at` timestamp NOT NULL DEFAULT CURRENT_TIMESTAMP,
  `updated_at` timestamp NOT NULL ON UPDATE CURRENT_TIMESTAMP,
  PRIMARY KEY (`id`),
  UNIQUE KEY `subtitles_file_id_track_num_unique` (`file_id`,`track_num`),
  CONSTRAINT `subtitles_file_id_foreign` FOREIGN KEY (`file_id`) REFERENCES `files` (`id`) ON DELETE CASCADE
) ENGINE=InnoDB DEFAULT CHARSET=utf8mb4 COLLATE=utf8mb4_unicode_ci;
/*!40101 SET character_set_client = @saved_cs_client */;

--
-- Dumping data for table `subtitles`
--

LOCK TABLES `subtitles` WRITE;
/*!40000 ALTER TABLE `subtitles` DISABLE KEYS */;
/*!40000 ALTER TABLE `subtitles` ENABLE KEYS */;
UNLOCK TABLES;

--
-- Table structure for table `translations`
--

DROP TABLE IF EXISTS `translations`;
/*!40101 SET @saved_cs_client     = @@character_set_client */;
/*!50503 SET character_set_client = utf8mb4 */;
CREATE TABLE `translations` (
  `id` int unsigned NOT NULL AUTO_INCREMENT,
  `external_id` int unsigned DEFAULT NULL,
  `title` varchar(255) COLLATE utf8mb4_unicode_ci NOT NULL,
  `tag` varchar(255) COLLATE utf8mb4_unicode_ci NOT NULL DEFAULT '',
  `priority` int NOT NULL DEFAULT '0',
  PRIMARY KEY (`id`),
  UNIQUE KEY `translations_external_id_unique` (`external_id`)
) ENGINE=InnoDB AUTO_INCREMENT=27 DEFAULT CHARSET=utf8mb4 COLLATE=utf8mb4_unicode_ci;
/*!40101 SET character_set_client = @saved_cs_client */;

--
-- Dumping data for table `translations`
--

LOCK TABLES `translations` WRITE;
/*!40000 ALTER TABLE `translations` DISABLE KEYS */;
INSERT INTO `translations` VALUES (1,NULL,'NeroUA','',0),(2,NULL,'субтитри','',0),(3,NULL,'UA #1','',0),(4,NULL,'Серія 1','',0),(5,NULL,'Серія 2','',0),(6,NULL,'Серія 3','',0),(7,NULL,'Серія 4','',0),(8,NULL,'Серія 5','',0),(9,NULL,'Серія 6','',0),(10,NULL,'Серія 7','',0),(11,NULL,'Серія 8','',0),(12,NULL,'Серія 9','',0),(13,NULL,'Серія 10','',0),(14,NULL,'Серія 11','',0),(15,NULL,'Серія 12','',0),(16,NULL,'Серія 13','',0),(17,NULL,'Серія 14','',0),(18,NULL,'Серія 15','',0),(19,NULL,'Серія 16','',0),(20,NULL,'Серія 17','',0),(21,NULL,'Серія 18','',0),(22,NULL,'Серія 19','',0),(23,NULL,'Серія 20','',0),(24,NULL,'Серія 21','',0),(25,NULL,'Серія 22','',0),(26,NULL,'Серія 23','',0);
/*!40000 ALTER TABLE `translations` ENABLE KEYS */;
UNLOCK TABLES;

--
-- Table structure for table `users`
--

DROP TABLE IF EXISTS `users`;
/*!40101 SET @saved_cs_client     = @@character_set_client */;
/*!50503 SET character_set_client = utf8mb4 */;
CREATE TABLE `users` (
  `id` int unsigned NOT NULL AUTO_INCREMENT,
  `login` varchar(255) COLLATE utf8mb4_unicode_ci NOT NULL,
  `email` varchar(255) COLLATE utf8mb4_unicode_ci NOT NULL,
  `name` text COLLATE utf8mb4_unicode_ci NOT NULL,
  `surname` text COLLATE utf8mb4_unicode_ci NOT NULL,
  `contact_telegram` varchar(255) COLLATE utf8mb4_unicode_ci DEFAULT NULL,
  `password` varchar(255) COLLATE utf8mb4_unicode_ci NOT NULL,
  `remember_token` varchar(100) COLLATE utf8mb4_unicode_ci DEFAULT NULL,
  `created_at` timestamp NULL DEFAULT NULL,
  `updated_at` timestamp NULL DEFAULT NULL,
  `status` int NOT NULL,
  `score` double NOT NULL,
  `cent` text COLLATE utf8mb4_unicode_ci NOT NULL,
  `api_key` text COLLATE utf8mb4_unicode_ci NOT NULL,
  `domain_id` int NOT NULL DEFAULT '0',
  `bearer_token` text COLLATE utf8mb4_unicode_ci NOT NULL,
  `refresh_token` text COLLATE utf8mb4_unicode_ci NOT NULL,
  `time_token` bigint NOT NULL,
  PRIMARY KEY (`id`)
) ENGINE=InnoDB DEFAULT CHARSET=utf8mb4 COLLATE=utf8mb4_unicode_ci;
/*!40101 SET character_set_client = @saved_cs_client */;

--
-- Dumping data for table `users`
--

LOCK TABLES `users` WRITE;
/*!40000 ALTER TABLE `users` DISABLE KEYS */;
/*!40000 ALTER TABLE `users` ENABLE KEYS */;
UNLOCK TABLES;

--
-- Table structure for table `video_similars`
--

DROP TABLE IF EXISTS `video_similars`;
/*!40101 SET @saved_cs_client     = @@character_set_client */;
/*!50503 SET character_set_client = utf8mb4 */;
CREATE TABLE `video_similars` (
  `id` bigint unsigned NOT NULL AUTO_INCREMENT,
  `video_id` int unsigned NOT NULL,
  `similar_kinopoisk_id` int unsigned NOT NULL,
  `created_at` timestamp NULL DEFAULT NULL,
  `updated_at` timestamp NULL DEFAULT NULL,
  PRIMARY KEY (`id`),
  UNIQUE KEY `video_similars_video_id_similar_kinopoisk_id_unique` (`video_id`,`similar_kinopoisk_id`),
  KEY `video_similars_similar_kinopoisk_id_index` (`similar_kinopoisk_id`),
  CONSTRAINT `video_similars_video_id_foreign` FOREIGN KEY (`video_id`) REFERENCES `videos` (`id`) ON DELETE CASCADE
) ENGINE=InnoDB DEFAULT CHARSET=utf8mb4 COLLATE=utf8mb4_unicode_ci;
/*!40101 SET character_set_client = @saved_cs_client */;

--
-- Dumping data for table `video_similars`
--

LOCK TABLES `video_similars` WRITE;
/*!40000 ALTER TABLE `video_similars` DISABLE KEYS */;
/*!40000 ALTER TABLE `video_similars` ENABLE KEYS */;
UNLOCK TABLES;

--
-- Table structure for table `video_watch_prices`
--

DROP TABLE IF EXISTS `video_watch_prices`;
/*!40101 SET @saved_cs_client     = @@character_set_client */;
/*!50503 SET character_set_client = utf8mb4 */;
CREATE TABLE `video_watch_prices` (
  `id` int unsigned NOT NULL AUTO_INCREMENT,
  `geo_group_id` int unsigned NOT NULL,
  `domain_type_id` int unsigned DEFAULT NULL,
  `price_cents` int NOT NULL,
  `created_at` timestamp NOT NULL DEFAULT CURRENT_TIMESTAMP,
  `updated_at` timestamp NOT NULL ON UPDATE CURRENT_TIMESTAMP,
  PRIMARY KEY (`id`),
  UNIQUE KEY `video_watch_prices_geo_group_id_domain_type_unique` (`geo_group_id`,`domain_type_id`),
  KEY `video_watch_prices_geo_group_id_index` (`geo_group_id`),
  KEY `video_watch_prices_domain_type_id_index` (`domain_type_id`),
  CONSTRAINT `fk_video_watch_prices_domain_type` FOREIGN KEY (`domain_type_id`) REFERENCES `domain_types` (`id`),
  CONSTRAINT `video_watch_prices_geo_group_id_foreign` FOREIGN KEY (`geo_group_id`) REFERENCES `geo_groups` (`id`) ON DELETE CASCADE
) ENGINE=InnoDB DEFAULT CHARSET=utf8mb4 COLLATE=utf8mb4_unicode_ci;
/*!40101 SET character_set_client = @saved_cs_client */;

--
-- Dumping data for table `video_watch_prices`
--

LOCK TABLES `video_watch_prices` WRITE;
/*!40000 ALTER TABLE `video_watch_prices` DISABLE KEYS */;
/*!40000 ALTER TABLE `video_watch_prices` ENABLE KEYS */;
UNLOCK TABLES;

--
-- Table structure for table `videos`
--

DROP TABLE IF EXISTS `videos`;
/*!40101 SET @saved_cs_client     = @@character_set_client */;
/*!50503 SET character_set_client = utf8mb4 */;
CREATE TABLE `videos` (
  `id` int unsigned NOT NULL AUTO_INCREMENT,
  `external_id` int NOT NULL,
  `type` varchar(255) COLLATE utf8mb4_unicode_ci NOT NULL,
  `name` varchar(255) COLLATE utf8mb4_unicode_ci NOT NULL,
  `ru_name` varchar(255) COLLATE utf8mb4_unicode_ci DEFAULT NULL,
  `kinopoisk_id` int DEFAULT NULL,
  `tmdb_id` int unsigned DEFAULT NULL,
  `poiskkino_id` int unsigned DEFAULT NULL,
  `imdb_id` varchar(20) COLLATE utf8mb4_unicode_ci DEFAULT NULL,
  `tvdb_id` int DEFAULT NULL,
  `has_series` tinyint(1) NOT NULL DEFAULT '0',
  `created_at` timestamp NULL DEFAULT NULL,
  `updated_at` timestamp NULL DEFAULT NULL,
  `updated_at_videodb` timestamp NULL DEFAULT NULL,
  `updated_at_kinopoisk` timestamp NULL DEFAULT NULL,
  `updated_at_tmdb` timestamp NULL DEFAULT NULL,
  `updated_at_poiskkino` timestamp NULL DEFAULT NULL,
  `updated_at_uakino` timestamp NULL DEFAULT NULL,
  `year` mediumint unsigned DEFAULT NULL,
  `alternative_name` varchar(255) COLLATE utf8mb4_unicode_ci DEFAULT NULL,
  `best_quality` varchar(20) COLLATE utf8mb4_unicode_ci DEFAULT NULL,
  `description` text COLLATE utf8mb4_unicode_ci,
  `short_description` text COLLATE utf8mb4_unicode_ci,
  `image_url` varchar(255) COLLATE utf8mb4_unicode_ci DEFAULT NULL,
  `film_length` varchar(50) COLLATE utf8mb4_unicode_ci DEFAULT NULL,
  `slogan` text COLLATE utf8mb4_unicode_ci,
  `rating_mpaa` varchar(10) COLLATE utf8mb4_unicode_ci DEFAULT NULL,
  `rating_age_limits` varchar(10) COLLATE utf8mb4_unicode_ci DEFAULT NULL,
  `premiere_ru` varchar(10) COLLATE utf8mb4_unicode_ci DEFAULT NULL,
  `distributors` varchar(255) COLLATE utf8mb4_unicode_ci DEFAULT NULL,
  `premiere_world` varchar(10) COLLATE utf8mb4_unicode_ci DEFAULT NULL,
  `premiere_digital` varchar(10) COLLATE utf8mb4_unicode_ci DEFAULT NULL,
  `premiere_world_country` varchar(50) COLLATE utf8mb4_unicode_ci DEFAULT NULL,
  `distributor_release` varchar(255) COLLATE utf8mb4_unicode_ci DEFAULT NULL,
  `facts` json DEFAULT NULL,
  `seasons_count` tinyint unsigned DEFAULT NULL,
  `series_info` json DEFAULT NULL,
  `backdrop_url` varchar(255) COLLATE utf8mb4_unicode_ci DEFAULT NULL,
  `tmdb_popularity` double NOT NULL DEFAULT '0',
  `tmdb_vote_average` double NOT NULL DEFAULT '0',
  `tmdb_vote_count` int NOT NULL DEFAULT '0',
  `rating_kp` double DEFAULT NULL,
  `rating_kp_votes` int DEFAULT NULL,
  `rating_imdb` double DEFAULT NULL,
  `rating_imdb_votes` int unsigned DEFAULT NULL,
  `blacklisted` tinyint(1) NOT NULL DEFAULT '0',
  PRIMARY KEY (`id`),
  UNIQUE KEY `videos_type_external_id_idx` (`type`,`external_id`),
  KEY `videos_external_id_index` (`external_id`),
  KEY `videos_kinopoisk_idx` (`kinopoisk_id`),
  KEY `videos_imdb_idx` (`imdb_id`),
  KEY `idx_blacklisted` (`blacklisted`),
  KEY `videos_tmdb_id_index` (`tmdb_id`),
  KEY `videos_poiskkino_id_index` (`poiskkino_id`)
) ENGINE=InnoDB AUTO_INCREMENT=161 DEFAULT CHARSET=utf8mb4 COLLATE=utf8mb4_unicode_ci;
/*!40101 SET character_set_client = @saved_cs_client */;

--
-- Dumping data for table `videos`
--

LOCK TABLES `videos` WRITE;
/*!40000 ALTER TABLE `videos` DISABLE KEYS */;
INSERT INTO `videos` VALUES (1,32034,'tv-series','Дейв Шаппелл: Нестримний','Дейв Шаппелл: Нестримний',NULL,NULL,NULL,NULL,NULL,1,'2026-02-09 15:18:37','2026-02-09 15:18:38',NULL,NULL,NULL,NULL,'2026-02-09 15:18:37',2025,NULL,'1080p','У цьому безкомпромісному спецвипуску Шаппелл, як завжди, не уникає гострих тем: він коментує політичний хаос навколо Трампа та Національної гвардії, свою суперечливу участь у комедійному фестивалі в Ер-Ріяді (згадуючи Джамаля Хашоггі та свободу слова), падіння Шона Комбса (Дідді), трансгендерні питання, а також смерть Чарлі Кірка. Перша половина — класичний стендап з швидкими жартами та спостереженнями за «світом, що з\'їхав з глузду». Але справжня родзинка — фінальний «клоузер»: 30-хвилинна епічна історія, що простягається від 1910 року (боксер Джек Джонсон та закон Манна) до сучасності, переплітаючи американську історію расизму, влади, знаменитостей (від Ніпсі Хасла до Стіві Вандера) та власний досвід Шаппелла.',NULL,'https://uakino.best/uploads/mini/poster/66/332c7cd8cf0cd4206e095bafdadb22.jpg',NULL,NULL,NULL,NULL,NULL,NULL,NULL,NULL,NULL,NULL,NULL,NULL,NULL,NULL,0,0,0,NULL,NULL,NULL,NULL,0),(2,32585,'movie','Морлоки','Морлоки',NULL,NULL,NULL,NULL,NULL,0,'2026-02-09 15:18:40','2026-02-09 15:18:40',NULL,NULL,NULL,NULL,'2026-02-09 15:18:40',2011,NULL,'BD-Rip','Американські військові в секретній лабораторії розробляють експериментальну машину часу, щоб зазирнути в майбутнє та, можливо, дістати з нього передові технології. Під час тесту портал відкривається — але замість корисних винаходів з майбутнього в сьогодення проникають Морлоки — жахливі, агресивні, мутовані гуманоїдні істоти, які в романі Веллса були деградованими нащадками робітничого класу, що живуть під землею.Морлоки виявляються хижаками: вони швидко адаптуються, нападають зграями, використовують примітивну, але ефективну тактику і починають справжню різанину. Група вчених, військових та техніків опиняється в пастці в лабораторії та на прилеглих територіях. Їм необхідно вижити, знайти спосіб закрити портал і зупинити вторгнення, поки Морлоки не поширилися по всьому світу.',NULL,'https://uakino.best/uploads/mini/poster/cd/19f5a9820b62fa19ec7ce663151cd5.jpg','1 год 24 хв',NULL,NULL,NULL,NULL,NULL,NULL,NULL,NULL,NULL,NULL,NULL,NULL,NULL,0,0,0,NULL,NULL,NULL,NULL,0),(3,32584,'movie','Мій майбутній бойфренд','Мій майбутній бойфренд',NULL,NULL,NULL,NULL,NULL,0,'2026-02-09 15:18:42','2026-02-09 15:18:42',NULL,NULL,NULL,NULL,'2026-02-09 15:18:42',2011,NULL,'BD-Rip','У далекому 3127 році, в ідеально впорядкованому, але емоційно спустошеному світі, люди давно відмовилися від почуттів, вважаючи любов джерелом хаосу й страждань. Допитливий молодий чоловік під кодовим ім’ям P-A-X-497/341, або просто Пакс, порушує всі правила, коли знаходить роман письменниці Елізабет Барретт — книгу, що пробуджує в ньому інтерес до заборонених і майже забутих понять любові, пристрасті та близькості. Щоб знайти відповіді, Пакс вирушає у минуле, в 2011 рік, де людські емоції ще керують вчинками, а життя сповнене суперечностей і випадковостей. У світі газетних вигадок, щоденної метушні та щирих почуттів він знайомиться з самою Елізабет — журналісткою й новоспеченою романісткою, яка навіть не підозрює, що стала ключем до його подорожі крізь час.',NULL,'https://uakino.best/uploads/mini/poster/f6/f6a2e1f25f8aa01fa4c56ac1a0b435.jpg','1 год 13 хв',NULL,NULL,NULL,NULL,NULL,NULL,NULL,NULL,NULL,NULL,NULL,NULL,NULL,0,0,0,NULL,NULL,NULL,NULL,0),(4,32581,'movie','Звичайне серце','Звичайне серце',NULL,NULL,NULL,NULL,NULL,0,'2026-02-09 15:18:44','2026-02-09 15:18:44',NULL,NULL,NULL,NULL,'2026-02-09 15:18:44',2014,NULL,'1080p','Події відбуваються в Нью-Йорку на початку 1980-х років, коли в гей-спільноті починають масово з’являтися загадкові смерті від рідкісних хвороб (саркома Капоші, пневмоцистна пневмонія тощо). Головний герой — Нед Вікс, відкритий гей-активіст і письменник (фактично альтер-его Ларрі Крамера). Він стає одним із перших, хто б’є на сполох, намагаючись змусити владу, медиків і саму гей-спільноту визнати масштаб загрози.Нед разом із друзями та союзниками, включаючи лікаря, журналіста, адвокатів і активістів, створюють одну з перших організацій з боротьби зі СНІДом — Gay Men’s Health Crisis. Вони стикаються з тотальним ігноруванням з боку уряду Рейгана, гомофобією в суспільстві, цензурою в пресі, страхом і запереченням у самій спільноті.',NULL,'https://uakino.best/uploads/mini/poster/bc/b5a6df39d9fee7148dcde1a19b5890.jpg','2 год 12 хв',NULL,NULL,'18',NULL,NULL,NULL,NULL,NULL,NULL,NULL,NULL,NULL,NULL,0,0,0,NULL,NULL,NULL,NULL,0),(5,32580,'movie','Єдина','Єдина',NULL,NULL,NULL,NULL,NULL,0,'2026-02-09 15:18:46','2026-02-09 15:18:46',NULL,NULL,NULL,NULL,'2026-02-09 15:18:46',2011,NULL,'BD-Rip','Події відбуваються в сучасному Мангеттені. Головний герой, Деніел — успішний інвестиційний банкір з ідеальним життям: люблячі батьки, блискуча кар\'єра, гарна наречена Джен і весілля вже за місяць. Він здається втіленням американської мрії — привабливий, спортивний, впевнений у собі. Але все змінюється, коли Деніел випадково зустрічає старого знайомого з коледжу — харизматичного відкритого гея Томмі. Після вечора з алкоголем і розмовами між ними стається ніч пристрасті, яку Деніел спочатку сприймає як «одноразову помилку». Цей інцидент запускає ланцюжок подій: Деніел починає сумніватися в своїй сексуальній орієнтації, намагається повернутися до нормального життя з Джен, але Томмі закохується по-справжньому і не готовий відступати...',NULL,'https://uakino.best/uploads/mini/poster/13/63821e812c69cf34e489fc04c6d85a.jpg','1 год 29 хв',NULL,NULL,NULL,NULL,NULL,NULL,NULL,NULL,NULL,NULL,NULL,NULL,NULL,0,0,0,NULL,NULL,NULL,NULL,0),(6,32579,'movie','Полегла імперія','Полегла імперія',NULL,NULL,NULL,NULL,NULL,0,'2026-02-09 15:18:48','2026-02-09 15:18:48',NULL,NULL,NULL,NULL,'2026-02-09 15:18:48',2012,NULL,'1080p','У постапокаліптичному світі далекої планети, де людство виживає серед безжальних пусток і руїн колишньої цивілізації, самітній самурай Хірокін змушений знову взяти до рук меч, якого він колись прагнув позбавитись. Переслідуваний темним минулим і почуттям провини, він кидає виклик власній долі після смертельної сутички з жорстоким диктатором Ґріффіном та його елітною армією воїнів, намагаючись урятувати дружину й сина. Залишений помирати серед безкрайніх пісків, Хірокін дивом виживає і вирушає в небезпечну подорож, де кожен крок наближає його до неминучого вибору між особистою помстою та боротьбою за свободу пригнобленого народу. Озброєний лише самурайським клинком і власним кодексом честі, він вступає у війну, що змінить усе, і поступово розкриває шокуючу правду про долю своєї родини.',NULL,'https://uakino.best/uploads/mini/poster/a2/9a9ec063b7ee64042cc93ca5100021.jpg','1 год 45 хв',NULL,NULL,NULL,NULL,NULL,NULL,NULL,NULL,NULL,NULL,NULL,NULL,NULL,0,0,0,NULL,NULL,NULL,NULL,0),(7,26151,'movie','Пес-вампір','Пес-вампір',NULL,NULL,NULL,NULL,NULL,0,'2026-02-09 15:18:50','2026-02-09 15:18:50',NULL,NULL,NULL,NULL,'2026-02-09 15:18:50',2012,NULL,'1080p','Ейс був таким же, як і будь-яка інша нова дитина в школі, поки його дідусь з Трансильванії не помер у віці 96 років, і не надіслав йому свого собаку Фанга. Ейс незабаром дізнається, що Фанг — вампірський собака, і він навіть говорить англійською! Божевільна вчена доктор Вархол і її незграбний асистент Френк намагаються захопити Фанга і вкрасти його ДНК в надії розробити новітню технологію проти старіння, але на щастя для Ейса, вампірському собаці вдається залишатися на крок попереду своїх переслідувачів. На цьому шляху виникає міцна дружба, коли Ейс і Фанг виявляють, що разом вони непереможні.',NULL,'https://uakino.best/uploads/mini/poster/c1/4dd39f77938e2aa18421b8935f351c.jpg','1 год 31 хв',NULL,NULL,NULL,NULL,NULL,NULL,NULL,NULL,NULL,NULL,NULL,NULL,NULL,0,0,0,NULL,NULL,NULL,NULL,0),(8,25864,'movie','Сестри Марч святкують Різдво','Сестри Марч святкують Різдво',NULL,NULL,NULL,NULL,NULL,0,'2026-02-09 15:18:52','2026-02-09 15:18:53',NULL,NULL,NULL,NULL,'2026-02-09 15:18:52',2012,NULL,'1080p','Містер Лоуренс кидає виклик своєму синові Тедді та його друзям-підліткам Джону Бруку та Дену Слоану, щоб довести, що вони можуть належним чином залицятися до дівчат, яких вони люблять: сестер Джо, Мег, Бет і Емі Марч. Останні сповнені рішучості запобігти продажу свого занедбаного будинку їхніми батьками Робертом і Маргарет Марч, тому шукають способи знайти допомогу та зібрати гроші на ремонт. Можливо, до письменниці Джо залицяється Тедді, але іскри летять і з Маркусом Бером, молодшим редактором, чия підтримка може забезпечити її публікацію.',NULL,'https://uakino.best/uploads/mini/poster/c5/3eadc8a11373c7e9f0c5f15579343e.jpg','1 год 31 хв',NULL,NULL,NULL,NULL,NULL,NULL,NULL,NULL,NULL,NULL,NULL,NULL,NULL,0,0,0,NULL,NULL,NULL,NULL,0),(9,25590,'tv-series','Агент Гамільтон: В інтересах нації','Агент Гамільтон: В інтересах нації',NULL,NULL,NULL,NULL,NULL,1,'2026-02-09 15:18:56','2026-02-09 15:18:56',NULL,NULL,NULL,NULL,'2026-02-09 15:18:56',2012,NULL,'1080p','Офіцер шведської розвідки Карл Гамільтон зустрів жінку, з якою хоче почати нормальне життя. Але його звичайний ритм переривається, коли він зникає без пояснення причин на чотири місяці, щоб проникнути в міжнародну лігу, яка викрала вдосконалені артилерійські снаряди з наведенням GPS, експортовані шведською оборонною групою Nordfors. Коли прикриття Гамільтона розкривається на кордоні між Узбекистаном і Афганістаном, на Лігу раптово нападає група найманців у масках із невідомим клієнтом. Гамільтону вдається уникнути смертоносної атаки, але гранати, які він намагався вистежити, зникли. Невдовзі гранати використали під час нападу на сомалійського політика миру...',NULL,'https://uakino.best/uploads/mini/poster/53/ba46d6313f6f29521aa08f89ead181.jpg',NULL,NULL,NULL,NULL,NULL,NULL,NULL,NULL,NULL,NULL,NULL,NULL,NULL,NULL,0,0,0,NULL,NULL,NULL,NULL,0),(10,25589,'tv-series','Агент Гамільтон: Викрадена','Агент Гамільтон: Викрадена',NULL,NULL,NULL,NULL,NULL,1,'2026-02-09 15:18:59','2026-02-09 15:18:59',NULL,NULL,NULL,NULL,'2026-02-09 15:18:59',2012,NULL,'1080p','Гамільтон і Муна насолоджуються шведською літньою відпусткою на архіпелазі. Їхнє кохання одне до одного зміцніло, але чи вистачить у них мужності взяти на себе зобов’язання зав’язати тривалі стосунки?Одного дня на материку викрадають доньку найкращого друга Гамільтона, після того як її мати дає необачні коментарі ЗМІ про мусульманські сепаратистські групи на Аравійському півострові. Її викрадачі вимагають високу ціну, як у вигляді грошей, так і політичних поступок. Гамільтона втягують у справу, цього разу як друга сім’ї. Шлях підказок веде до багатого шейха та напівзруйнованого форту в палаючій пустелі. Зв\'язки шейха з Аль-Каїдою виходять на перший план під час драматичної спроби порятунку, коли Гамільтон раптово виявляє небезпеку для свого життя.',NULL,'https://uakino.best/uploads/mini/poster/a3/0e01d6d05812f743064aa235277529.jpg',NULL,NULL,NULL,NULL,NULL,NULL,NULL,NULL,NULL,NULL,NULL,NULL,NULL,NULL,0,0,0,NULL,NULL,NULL,NULL,0),(11,32578,'movie','Тиждень акул','Тиждень акул',NULL,NULL,NULL,NULL,NULL,0,'2026-02-09 15:19:01','2026-02-09 15:19:01',NULL,NULL,NULL,NULL,'2026-02-09 15:19:01',2012,NULL,'1080p','Події розгортаються на віддаленому приватному острові, який належить багатому, ексцентричному та психічно нестабільному чоловікові на ім’я Талбот. Він влаштовує для групи випадково зібраних людей жахливу гру на виживання під назвою «Тиждень акул». Правила прості й жорстокі: протягом семи днів учасники щодня змушені проходити нове випробування, пов’язане з акулами. Кожен день — нова небезпека, нова акула, нова пастка. Той, хто виживе до кінця тижня, отримає свободу… і, можливо, величезну суму грошей. Але ніхто по-справжньому не вірить, що переможець взагалі існуватиме.В центрі історії сильна, але травмована жінка, що намагається вирватися з цього кошмару. Інші учасники — строката компанія: від самовпевненого спортсмена до нервової дівчини, від цинічного бізнесмена до звичайного хлопця, який випадково опинився не в тому місці. Усі вони швидко розуміють, що Талбот не просто грається — він насолоджується їхнім страхом, стражданнями та відчаєм.',NULL,'https://uakino.best/uploads/mini/poster/bd/38bfd5084c329d65656edb4742b9fe.jpg','1 год 29 хв',NULL,NULL,NULL,NULL,NULL,NULL,NULL,NULL,NULL,NULL,NULL,NULL,NULL,0,0,0,NULL,NULL,NULL,NULL,0),(12,32577,'movie','Загін Беверлі Гіллз','Загін Беверлі Гіллз',NULL,NULL,NULL,NULL,NULL,0,'2026-02-09 15:19:03','2026-02-09 15:19:04',NULL,NULL,NULL,NULL,'2026-02-09 15:19:03',1989,NULL,'1080p','У розпал болісного розлучення домогосподарка з Беверлі Гіллз Філліс намагається повернути сенс власному життю, несподівано очоливши загін «Дівчата дикої природи», до якого входить її донька та ще кілька дуже різних дівчат із привілейованого, але далеко не безхмарного світу. Серед них — розбещена Тіффані, чия участь у гуртку залежить від хабарів батька, мрійлива Емілі, що змушена відмовлятися від активностей через фінансові проблеми родини, тривожна Тесса, травмована розлученням батьків, озлоблена Чіка, покинута увагою зайнятих дорослих, і Клер — колишня дитяча зірка, яка бачить у цьому загоні шанс пожити звичайним життям. Намагаючись поєднати дух скаутського руху з реаліями розкішного життя, Філліс влаштовує «кемпінг» у готелі Беверлі Гіллз, де дівчата заробляють значки не за виживання в дикій природі, а за освоєння матеріального світу. Така інтерпретація викликає лють суворої окружної лідерки Вельди, яка прагне розформувати загін і починає безжальну кампанію саботажу.',NULL,'https://uakino.best/uploads/mini/poster/33/839327107ba56529c6673fb3b54b39.jpg','1 год 45 хв',NULL,NULL,'12+',NULL,NULL,NULL,NULL,NULL,NULL,NULL,NULL,NULL,NULL,0,0,0,NULL,NULL,NULL,NULL,0),(13,25807,'movie','Напад акул на Нью-Джерсі','Напад акул на Нью-Джерсі',NULL,NULL,NULL,NULL,NULL,0,'2026-02-09 15:19:05','2026-02-09 15:19:06',NULL,NULL,NULL,NULL,'2026-02-09 15:19:05',2012,NULL,'1080p','Неприємності оточують Сісайд-Гайтс, штат Нью-Джерсі, коли інтенсивні вібрації від буріння, що лунають з нового пляжного курорту, знову приваблюють зграю смертоносних акул, які жадають людського м\'яса. За цих обставин син шерифа, ТіСі, та його друзі, які мають дивовижну схожість з акторами фільму «Берег Джерсі» (2009), вирішують взяти справу в свої руки, щоб запобігти кривавій бійні, яка, ймовірно, має відбутися якраз Четвертого липня. Чи вдасться ТіСі та його команді засмаглих гвідо позбавити Джерсі-Шор від убивць-альбіносів-людожерів?',NULL,'https://uakino.best/uploads/mini/poster/05/4e9a18694fff08624818d4b3d400c9.jpg','1 год 27 хв',NULL,NULL,NULL,NULL,NULL,NULL,NULL,NULL,NULL,NULL,NULL,NULL,NULL,0,0,0,NULL,NULL,NULL,NULL,0),(14,25967,'movie','Після Люсії','Після Люсії',NULL,NULL,NULL,NULL,NULL,0,'2026-02-09 15:19:07','2026-02-09 15:19:08',NULL,NULL,NULL,NULL,'2026-02-09 15:19:07',2012,NULL,'1080p','Пам’ять про втрату коханої матері та дружини все ще свіжа й нестерпна. Пригнічений Роберто та його донька-підліток Алехандра тікають із прибережного Пуерто-Вальярта, щоб почати все заново в метушливому Мехіко. Але, незважаючи на те, що Роберто вже влаштувався на роботу шеф-кухарем, а Алехандра, здається, не має проблем з адаптацією у своїй новій школі, непередбачені проблеми призводять обох до напруженої ситуації, яка неминуче вирішиться втратою контролю. Зрештою, життя сповнене нових починань; однак, з іншого боку, зміна життя може бути дуже страшною, особливо коли ви втратили все.',NULL,'https://uakino.best/uploads/mini/poster/25/129255c3a181d9a7fd36f164148a6b.jpg','1 год 43 хв',NULL,NULL,'16',NULL,NULL,NULL,NULL,NULL,NULL,NULL,NULL,NULL,NULL,0,0,0,NULL,NULL,NULL,NULL,0),(15,25863,'movie','Снігова людина','Снігова людина',NULL,NULL,NULL,NULL,NULL,0,'2026-02-09 15:19:09','2026-02-09 15:19:10',NULL,NULL,NULL,NULL,'2026-02-09 15:19:09',2012,NULL,'1080p','Дедвуд, Південна Дакота, на схилах гори Рашмор. Харлі Андерсон, цинічний організатор заходів, хотів би влаштувати тут же величезний концерт (серед музикантів якого — Еліс Купер у ролі самого себе), незважаючи на сумніви та протидію екологів, і перш за все свого колишнього партнера Саймона, Квінта. Але на цих схилах багато десятиліть тому жила істота, легендарний Бігфут. Прокинувшись після тривалого заціпеніння, істота починає вбивати всіх навколо. Жадібний Харлі пропонує вбити його, щоб врятувати концертний проєкт, а Саймон хоче врятувати його, тому що він останній представник свого роду. Існування чудернацької істоти починає приваблювати багатьох мисливців, які мають намір зловити його, щоб заробити гроші, але Бігфут завжди завдає набагато більше жертв, аж до того, що армія вирішує збити його своїм повітряним флотом.',NULL,'https://uakino.best/uploads/mini/poster/cd/a85aca622357e5216e343ef1e5deb4.jpg','1 год 29 хв',NULL,NULL,NULL,NULL,NULL,NULL,NULL,NULL,NULL,NULL,NULL,NULL,NULL,0,0,0,NULL,NULL,NULL,NULL,0),(16,32567,'movie','Червона Шапочка','Червона Шапочка',NULL,NULL,NULL,NULL,NULL,0,'2026-02-09 15:19:11','2026-02-09 15:19:12',NULL,NULL,NULL,NULL,'2026-02-09 15:19:11',2006,NULL,'BD-Rip','Фільм є дуже вільною, сучасною та грайливою інтерпретацією класичної казки про Червону Шапочку. ВІн побудований на незвичайній мета-структурі: усе відбувається в рамках розповіді, яку бабуся розповідає своїм двом онукам — хлопчику та дівчинці, які сидять удома. Дівчинка нудьгує і хоче швидше піти гуляти, тому постійно перебиває бабусю, вимагає змінити сюжет, додати щось цікавіше, зробити героїв крутішими чи смішнішими. Бабуся поступово дозволяє дітям «переписувати» казку в реальному часі, і саме ця дитяча творчість стає головною рушійною силою фільму.Головною героїнею стає сучасна Червона Шапочка — жвава, трохи вперта дівчинка на ім’я Ред (Червона), яка живе в маленькому містечку. Одного дня їй доручають віднести кошик із їжею хворій бабусі, що живе в лісі. Але цього разу дорогою вона зустрічає не просто хитрого вовка, а справжнього вовкулаку — істоту, яка вдень виглядає як звичайна людина, а вночі перетворюється на звіра. Вовк у цій версії — харизматичний, трохи нахабний і дуже музичний персонаж, який співає, танцює і намагається обдурити всіх навколо.',NULL,'https://uakino.best/uploads/mini/poster/62/8d7fb1bfbb5e140f6a387e10e9c3e4.jpg','1 год 22 хв',NULL,NULL,NULL,NULL,NULL,NULL,NULL,NULL,NULL,NULL,NULL,NULL,NULL,0,0,0,NULL,NULL,NULL,NULL,0),(17,27791,'tv-series','Коктейль','Коктейль',NULL,NULL,NULL,NULL,NULL,1,'2026-02-09 15:19:15','2026-02-09 15:19:15',NULL,NULL,NULL,NULL,'2026-02-09 15:19:15',2012,NULL,'1080p','Міра - двадцятитрирічна дівчина, яка приїхала в Лондон до свого чоловіка. Вона дуже довго чекала цієї зустрічі, але, як виявляється пізніше, чоловік зовсім не потребував її. Ба більше, він виганяє дівчину, залишивши її в незнайомому місті зовсім одну, без грошей і даху над головою. Незабаром Міра знайомиться з добродушною молодою дівчиною Веронікою, яка працює фотографом і живе в Лондоні абсолютно одна, в невеликій квартирі. Дізнавшись сумну історію Міри, Вероніка пропонує їй пожити у неї деякий час, на що та з радістю погоджується. У цей час до Лондона приїжджає молодий чоловік на ім\'я Гаутам, щоб відвідати свого дядька і як слід розважитися. На одній із дискотек він знайомиться з Веронікою, після чого завалюється до неї в квартиру на всю ніч...',NULL,'https://uakino.best/uploads/mini/poster/40/9bea4bd08fcaafaac3ba304190c5bf.jpg',NULL,NULL,NULL,NULL,NULL,NULL,NULL,NULL,NULL,NULL,NULL,NULL,NULL,NULL,0,0,0,NULL,NULL,NULL,NULL,0),(18,32563,'movie','Елла та друзі','Елла та друзі',NULL,NULL,NULL,NULL,NULL,0,'2026-02-09 15:19:17','2026-02-09 15:19:17',NULL,NULL,NULL,NULL,'2026-02-09 15:19:17',2012,NULL,'1080p','Головною героїнею є другокласниця Елла — жвава, розумна і трохи вперта дівчинка, яка вчиться в маленькій сільській школі. У цій школі особлива атмосфера: маленький клас, дуже добрий і креативний учитель, багато свободи та справжньої дружби між учнями. Але одного дня діти дізнаються жахливу новину — їхню улюблену школу збираються закрити і знести, щоб на її місці побудувати... гоночний трек. Це здається повним абсурдом і несправедливістю.Елла та її найкращі друзі (весела і трохи божевільна компанія) вирішують не здаватися. Вони запускають справжню операцію порятунку школи: придумують хитрі плани, влаштовують маленькі пригоди, намагаються переконати дорослих і навіть влаштовують щось на кшталт великого змагання, щоб показати, наскільки насправді важлива їхня школа.',NULL,'https://uakino.best/uploads/mini/poster/31/a3448891bcff91d074564305d321eb.jpg','1 год 18 хв',NULL,NULL,NULL,NULL,NULL,NULL,NULL,NULL,NULL,NULL,NULL,NULL,NULL,0,0,0,NULL,NULL,NULL,NULL,0),(19,7591,'movie','Мадам Нобель','Мадам Нобель',NULL,NULL,NULL,NULL,NULL,0,'2026-02-09 15:19:19','2026-02-09 15:19:19',NULL,NULL,NULL,NULL,'2026-02-09 15:19:19',2014,NULL,'1080p','Берта Кінскі свого часу працювала помічницею Альфреда Нобеля. Їх спільна діяльність поступово переросла в любовні відносини. Засновник знаменитої на весь світ премії, а в той час відомий винахідник і мандрівник, був закоханий в цю чарівну жінку. Якщо будете дивитися фільм онлайн, то дізнаєтеся, що Берта Кінскі в результаті відкинула залицяння відомого вченого і віддала перевагу барону Артуру фон Зуттнер - чоловікові, який був молодший героїні фільму Мадам Нобель (2015) на сім років. Разом зі своїм коханцем Берта Кінскі їде на Кавказ і потрапляє в саму гущу російсько-турецької війни, події якої вражають жінку настільки, що вона в листах до Нобелю розповідає про всі її жахи.',NULL,'https://uakino.best/uploads/mini/poster/7d/7600f95387c2f091713174b5d82e4d.jpg','88 хвилин (01:28)',NULL,NULL,NULL,NULL,NULL,NULL,NULL,NULL,NULL,NULL,NULL,NULL,NULL,0,0,0,NULL,NULL,NULL,NULL,0),(20,26396,'movie','Запаморочливі фантазії Чарлі Свона ІІI','Запаморочливі фантазії Чарлі Свона ІІI',NULL,NULL,NULL,NULL,NULL,0,'2026-02-09 15:19:21','2026-02-09 15:19:21',NULL,NULL,NULL,NULL,'2026-02-09 15:19:21',2012,NULL,'1080p','Чарлі Свон-третій досяг у житті всього, про що мріяв. Він володіє дизайнерським агентством, яке стало відомим у всьому світі. Чоловік живе багатим і розкішним життям: у нього багато впливових і знаменитих друзів, він має стосунки з найкрасивішими дівчатами світу. Однак, незважаючи на те, що Чарлі справжній ловелас, він все ж зустрічає ту єдину дівчину, яка підкорила його серце. Але їм не судилося довго бути разом. Після того, як Івона знайшла в шафі Чарлі колекцію фотографій його колишніх, вона вирішила залишити його, аргументуючи це тим, що не бажає колись стати однією з них. Серце Чарлі розбите, і він не знає, що йому тепер робити. Спасінням для нього стають фантазії, в яких він бореться за свою кохану. Чи зможе головний герой повернути даму свого серця в реальному житті?',NULL,'https://uakino.best/uploads/mini/poster/ad/867c5256967965c6a29d08811f8d40.jpg','1 год 26 хв',NULL,NULL,'16',NULL,NULL,NULL,NULL,NULL,NULL,NULL,NULL,NULL,NULL,0,0,0,NULL,NULL,NULL,NULL,0),(21,27922,'movie','Наїзниці та янголи','Наїзниці та янголи',NULL,NULL,NULL,NULL,NULL,0,'2026-02-09 15:19:23','2026-02-09 15:19:24',NULL,NULL,NULL,NULL,'2026-02-09 15:19:23',2012,NULL,'1080p','12-річна Айда Клейтон живе разом зі своєю матір’ю-одиначкою Елейн в урбанізованій частині Оклахоми, але її літні дні минають у нудьзі й без жодних розваг. Щоб якось урізноманітнити своє дозвілля, вона починає потайки відвідувати родео. Айда ніколи не знала свого батька — чоловіка на ім’я Волкер, про якого Елейн категорично відмовляється говорити. Це одна з причин, чому мати не схвалює захоплення доньки родео.Коли Айда отримує можливість вирушити в турне Америкою разом із «Солодкими серцями родео» — групою дівчат, які виступають на шоу родео, вона приймає цю пропозицію. Після кількох подій Елейн усе ж дає згоду. Айда швидко знаходить спільну мову з менеджером гурту Терренсом Паркером і його донькою Ребеккою. Разом із «Солодкими серцями» Айда вирушає на пошуки свого батька.',NULL,'https://uakino.best/uploads/mini/poster/de/18082dd2129cbb18437c434cdc012d.jpg','1 год 32 хв',NULL,NULL,NULL,NULL,NULL,NULL,NULL,NULL,NULL,NULL,NULL,NULL,NULL,0,0,0,NULL,NULL,NULL,NULL,0),(22,26955,'movie','Кохання 911','Кохання 911',NULL,NULL,NULL,NULL,NULL,0,'2026-02-09 15:19:26','2026-02-09 15:19:26',NULL,NULL,NULL,NULL,'2026-02-09 15:19:26',2012,NULL,'1080p','Кінець одного - завжди початок чогось іншого. У центрі сюжету - молодий пожежник Кан-Іль. За час своєї роботи він врятував безліч людських життів від бурхливого вогню. Але не зміг врятувати кохану дружину. Ця трагічна подія стала величезним ударом для чоловіка. Він зламався внутрішньо і тепер навмисно грає зі смертю, втративши будь-який страх. В той же час, геніальна дівчина, лікарка Ко Мі Су, з необережності зробила лікарську помилку, після чого її позбавили ліцензії на кілька років. Тепер вона працює волонтером-фельдшером і щодня бачить симпатичного Кан-Іля. Дівчина закохується в нього, але чи зможе вона допомогти чоловікові впоратися з його психологічною травмою?',NULL,'https://uakino.best/uploads/mini/poster/10/8f937edd04874462813ff18cb71b19.jpg','2 год 00 хв',NULL,NULL,NULL,NULL,NULL,NULL,NULL,NULL,NULL,NULL,NULL,NULL,NULL,0,0,0,NULL,NULL,NULL,NULL,0),(23,27802,'movie','Полонянка','Полонянка',NULL,NULL,NULL,NULL,NULL,0,'2026-02-09 15:19:28','2026-02-09 15:19:28',NULL,NULL,NULL,NULL,'2026-02-09 15:19:28',2012,NULL,'1080p','Адіб Абдель-Карім був офіцером сирійських збройних сил до того, як його затаврували як зрадника і він був змушений втекти до Канади. Маючи дружину, двох доньок і постійну роботу в Торонто, Адіб впевнений, що залишив своє минуле позаду. Доти, доки не дізнається, що його старша донька Муна зникла в Дамаску після того, як таємно поїхала до Сирії під час виконання завдання в Греції. Через 20 років після втечі з Сирії Адіб змушений повернутися, щоб врятувати доньку від корумпованих урядових агентів, які безпідставно утримують її в полоні за звинуваченням у шпигунстві. Там він об\'єднується зі своєю колишньою нареченою Фатімою та канадським дипломатом Полом, щоб знайти доньку, переховуючись від колишніх колег і таємної поліції.',NULL,'https://uakino.best/uploads/mini/poster/38/5269ff6fa8176427e71663d0c8fbfe.png','1 год 33 хв',NULL,NULL,NULL,NULL,NULL,NULL,NULL,NULL,NULL,NULL,NULL,NULL,NULL,0,0,0,NULL,NULL,NULL,NULL,0),(24,26797,'movie','Створення леді','Створення леді',NULL,NULL,NULL,NULL,NULL,0,'2026-02-09 15:19:30','2026-02-09 15:19:30',NULL,NULL,NULL,NULL,'2026-02-09 15:19:30',2012,NULL,'1080p','1901 рік. Бідна, але кмітлива Емілі Фокс Сетон приймає пропозицію руки і серця від старшого лорда Джеймса Уолдерхерста, вдовця, якого змусила забезпечити спадкоємця його горда тітка Марія, роботодавець Емілі. Насправді це угода для обох - у випадку Джеймса, щоб зупинити передачу сімейного дому двоюрідному брату, Алеку Осборну, та його англо-індійській дружині Хестері. Незабаром між молодими людьми виникає щира прихильність, але Джеймса відправляють до Індії з його полком. В цей час Осборни приїжджають до Емілі, стверджуючи, що Джеймс надіслав їх, щоб піклуватися про неї. Насправді ж вони збрехали, і тривожні перепади настрою Алека, викликані хворобою, загрожують вагітності Емілі. Незабаром Емілі усвідомлює, що ця пара задумала щось недобре...',NULL,'https://uakino.best/uploads/mini/poster/1e/ae1dbf550f4d0cbc77128b999b6b0f.jpg','1 год 35 хв',NULL,NULL,NULL,NULL,NULL,NULL,NULL,NULL,NULL,NULL,NULL,NULL,NULL,0,0,0,NULL,NULL,NULL,NULL,0),(25,27883,'movie','Сліпий','Сліпий',NULL,NULL,NULL,NULL,NULL,0,'2026-02-09 15:19:32','2026-02-09 15:19:32',NULL,NULL,NULL,NULL,'2026-02-09 15:19:32',2012,NULL,'1080p','У Парижі виявлено жорстоко вбиту жінку у власній квартирі. Немає слідів зламу чи свідків — злочин здається ідеальним. Розслідування доручено командиру Лассалю, досвідченому, але самотньому поліцейському, який не може оговтатися після смерті дружини. Коли стаються інші подібні вбивства, Лассаль звертає увагу на Габріеля Нарвіка, сліпого майстра з налаштування піаніно. Хоча Нарвік має переконливе алібі, і його сліпота викликає сумніви щодо його причетності, між двома чоловіками розгортається напружене психологічне протистояння, схоже на шахову партію.',NULL,'https://uakino.best/uploads/mini/poster/ea/dd7dc3a169a6aefb1690b5ba22df68.jpg','1 год 34 хв',NULL,NULL,NULL,NULL,NULL,NULL,NULL,NULL,NULL,NULL,NULL,NULL,NULL,0,0,0,NULL,NULL,NULL,NULL,0),(26,27228,'movie','Острів смерті','Острів смерті',NULL,NULL,NULL,NULL,NULL,0,'2026-02-09 15:19:34','2026-02-09 15:19:34',NULL,NULL,NULL,NULL,'2026-02-09 15:19:34',2012,NULL,'1080p','Сара запрошує своїх друзів дитинства Лу та Еббі повернутися на острів, де вони разом відпочивали в юності, сподіваючись зібрати групу, яку життя тепер розділило. Але на острові вони зустрічають Генрі, Дерека та Алекса, трьох колишніх солдатів і мисливців. Обидві групи знайомі і є друзями, але атмосфера стає напруженою після того, як троє чоловіків розповідають про принизливий спосіб, яким армія звільнила їх після служби на Близькому Сході. Еббі, яка зацікавлена в Генрі, йде на прогулянку з ним, і вони врешті-решт цілуються. Генрі стає більш наполегливим з Еббі, яка відмовляється від нього і бореться за свою свободу, але Генрі, агресивний, починає її ґвалтувати. У своїй безнадійній спробі втекти Еббі випадково вбиває Генрі. У люті Дерек і Алекс починають переслідувати трьох жінок.',NULL,'https://uakino.best/uploads/mini/poster/e7/312b4c1d5c479cb6ca40bf93ed6022.png','1 год 23 хв',NULL,NULL,'18',NULL,NULL,NULL,NULL,NULL,NULL,NULL,NULL,NULL,NULL,0,0,0,NULL,NULL,NULL,NULL,0),(27,11477,'tv-series','Імітатор','Імітатор',NULL,NULL,NULL,NULL,NULL,1,'2026-02-09 15:19:38','2026-02-09 15:19:38',NULL,NULL,NULL,NULL,'2026-02-09 15:19:38',1995,NULL,'1080p','Дія розвивається в Сан-Франциско. Кримінальний психолог Хелен Хадсон ледь не загинула під час суду, коли серійний маніяк Деріл спробував її вбити. Через трагічний інцидент у головної героїні розвинулась агарофобія, і тепер вона живе самітницьким життям зі своїм другом Енді, а її єдина можливість зв\'язатися із зовнішнім світом - комп\'ютер. Незабаром черговий серійний вбивця, що імітує відомих психопатів, починає погрожувати Хелен онлайн. Заручившись підтримкою поліцейського Холлі Хантера, жінка намагається ідентифікувати небезпечного маніяка ...',NULL,'https://uakino.best/uploads/mini/poster/de/82a7f1152ba27ced0c0d56d43461e8.jpg',NULL,NULL,NULL,NULL,NULL,NULL,NULL,NULL,NULL,NULL,NULL,NULL,NULL,NULL,0,0,0,NULL,NULL,NULL,NULL,0),(28,27224,'movie','Супер циклон','Супер циклон',NULL,NULL,NULL,NULL,NULL,0,'2026-02-09 15:19:39','2026-02-09 15:19:40',NULL,NULL,NULL,NULL,'2026-02-09 15:19:39',2012,NULL,'1080p','Нафтовики, які займаються розробкою морського шельфу, помилково приступили до бурових робіт на місці близькому до ядра землі, що порушило геомагнітне поле. Все це призвело до жахливої загрози виникнення гігантського циклону, який може просто стерти з землі все східне узбережжя США. Двоє безстрашних людей, дізнавшись про це, об\'єднують всі свої сили і професіоналізм, для того щоб зупинити небезпеку, що насувається. Вчений-метеоролог і фахівець з буріння, розробляють досить незвичайний план, який, за їхніми словами, може запобігти стихії і врятувати життя сотні тисяч людей. Але вони не можуть приступити до дій, поки не переконають президента в необхідності невідкладних дій...',NULL,'https://uakino.best/uploads/mini/poster/a6/44914d97871f1cf49c407d915067bb.jpg','1 год 29 хв',NULL,NULL,NULL,NULL,NULL,NULL,NULL,NULL,NULL,NULL,NULL,NULL,NULL,0,0,0,NULL,NULL,NULL,NULL,0),(29,32554,'movie','Миш\'як і старі мережива','Миш\'як і старі мережива',NULL,NULL,NULL,NULL,NULL,0,'2026-02-09 15:19:41','2026-02-09 15:19:42',NULL,NULL,NULL,NULL,'2026-02-09 15:19:41',1944,NULL,'1080p','Події відбуваються в Брукліні, у старому будинку Брюстера, саме на Гелловін. Мортімер Брюстер — відомий критик, який роками писав статті та книги про те, що шлюб — це «застарілий забобон» і «кінець свободи». Але раптом він закохується в сусідку Елейн і таємно одружується з нею саме в день Гелловіну. Після церемонії він приводить молоду дружину додому, щоб познайомити з двома милими, доброзичливими тітками — Еббі та Мартою. Вони здаються ідеальними старенькими леді: печуть пироги, варять бузинове вино, допомагають самотнім людям...Але неочікувано Мортімер виявляє жахливу сімейну таємницю: тітки вбивають самотніх стареньких чоловіків, які приходять до них на ночівлю. Вони пригощають їх «вином» з домішкою миш\'яку, стрихніну та ціаністого калію — і роблять це як акт милосердя, щоб звільнити від страждань самотності. Ситуація ускладнюється ще більше, коли повертається давно зниклий брат Джонатан — божевільний маніяк із новим обличчям, який виглядає як Борис Карлофф, і його супутник — лікар Ейнштейн. А ще є третій брат Тедді, який думає, що він президент Теодор Рузвельт і копає Панамський канал... у підвалі.',NULL,'https://uakino.best/uploads/mini/poster/0c/a247df1a3f4b46936d885d0e9da6b7.jpg','1 год 58 хв',NULL,NULL,'12',NULL,NULL,NULL,NULL,NULL,NULL,NULL,NULL,NULL,NULL,0,0,0,NULL,NULL,NULL,NULL,0),(30,32553,'movie','Гарбузоголовий','Гарбузоголовий',NULL,NULL,NULL,NULL,NULL,0,'2026-02-09 15:19:43','2026-02-09 15:19:44',NULL,NULL,NULL,NULL,'2026-02-09 15:19:43',2025,NULL,'HD 720p','Переїзд до Редгейвена мав стати для Кессі та її синів шансом почати все спочатку після важкої втрати. Але нове життя руйнується, коли старший син Фінн безслідно зникає. Найстрашніше полягає в тому, що дорослі навколо поступово забувають про його існування, ніби хлопчик був лише вигадкою. Тільки Сем продовжує пам\'ятати брата і відчуває, як реальність навколо нього спотворюється. Він розуміє, що часу залишається все менше, і якщо він зупиниться, Фінн зникне остаточно. У спробі знайти відповіді Сем чіпляється за будь-які зачіпки, поки спогади ще живі. Його шлях стає боротьбою з чимось незрозумілим, де ціна зволікання може виявитися занадто високою.',NULL,'https://uakino.best/uploads/mini/poster/0d/3322f0a32114bc518bcbfdb5fcbcc4.jpg','1 год 31 хв',NULL,NULL,NULL,NULL,NULL,NULL,NULL,NULL,NULL,NULL,NULL,NULL,NULL,0,0,0,NULL,NULL,NULL,NULL,0),(31,27231,'movie','В ритмі беззаконня','В ритмі беззаконня',NULL,NULL,NULL,NULL,NULL,0,'2026-02-09 15:19:46','2026-02-09 15:19:46',NULL,NULL,NULL,NULL,'2026-02-09 15:19:46',2012,NULL,'1080p','Одного разу, вкотре посварившись з матір\'ю та її новим обранцем, Елай вирішив покинути рідний дім і став бандитом. Разом зі своїми друзями наш герой став членом молодіжної банди, яка займалася дрібними злочинами та іншими подібними справами. Інша героїня фільму, обдарована дівчина Анабель, прагне вийти з тіні матері Анастейші Лі та розпочати свою співацьку кар\'єру. Ще раз, безрезультатно поговоривши, дочка з матір\'ю вирушили на концерт, на якому мали співати дуетом. Саме на цьому концерті наш герой познайомився з Анабель, і незабаром їхні стосунки стали близькими. Вони обоє люблять музику і одне одного. Елай хоче покінчити з кримінальними справами і все своє життя присвятити своїй коханій дівчині та музиці.',NULL,'https://uakino.best/uploads/mini/poster/62/813063a04f128a2018989b8b7f5ef3.jpg','1 год 25 хв',NULL,NULL,NULL,NULL,NULL,NULL,NULL,NULL,NULL,NULL,NULL,NULL,NULL,0,0,0,NULL,NULL,NULL,NULL,0),(32,32548,'movie','Пробуджені / Ми ховаємо мерців','Пробуджені / Ми ховаємо мерців',NULL,NULL,NULL,NULL,NULL,0,'2026-02-09 15:19:48','2026-02-09 15:19:48',NULL,NULL,NULL,NULL,'2026-02-09 15:19:48',2024,NULL,'1080p','Після випадкового застосування експериментальної зброї на борту американського військового корабля з карти зникає Гобарт, а всю Тасманію затягує густий сірий дим, що приховує масштаби катастрофи. Світові ЗМІ безупинно транслюють тривожні новини, міжнародна напруга зростає, а прем’єр-міністр Австралії у люті вимагає пояснень від США. На острів стікаються військові та волонтери, і портове місто Девонпорт переходить під повний контроль австралійських збройних сил, де кожного прибулого піддають жорстким перевіркам. Серед добровольців — американська фізіотерапевтка Ава, яка зголошується допомагати у зборі численних тіл загиблих на півночі Тасманії, ще не підозрюючи, з чим насправді доведеться зіткнутися. Згодом стає зрозуміло, що дія нової зброї виходить за межі звичного розуміння смерті: у деяких тіл фіксують дивні «ознаки життя», ніби мозок змушує мертві оболонки підводитися й боротися, перетворюючи зону катастрофи на смертельно небезпечний простір. Для Ави трагедія набуває особистого характеру, адже її чоловік Мітч перебував на розкішному курорті на півдні острова — саме тій частині Тасманії, яку військові повністю ізолювали й оголосили забороненою. Не вірячи офіційним заявам і розуміючи, що кожна хвилина може бути вирішальною, Ава вирішує втекти з-під контролю сил безпеки та перетнути острів у пошуках чоловіка, навіть знаючи, що всіх, хто повертається з півдня, військові розстрілюють без попередження. Єдиним її супутником стає Клей — поранений чоловік, за яким вона доглядала, і разом вони вирушають у подорож крізь заборонену територію, де стерта межа між життям і смертю.',NULL,'https://uakino.best/uploads/mini/poster/d8/373690007fdcf3c6cc64d9ef00f2db.jpg','1 год 34 хв',NULL,NULL,NULL,NULL,NULL,NULL,NULL,NULL,NULL,NULL,NULL,NULL,NULL,0,0,0,NULL,NULL,NULL,NULL,0),(33,32547,'movie','Чужа земля / Колонія','Чужа земля / Колонія',NULL,NULL,NULL,NULL,NULL,0,'2026-02-09 15:19:50','2026-02-09 15:19:50',NULL,NULL,NULL,NULL,'2026-02-09 15:19:50',2021,NULL,'1080p','У далекому майбутньому Земля стала практично непридатною для життя через кліматичну катастрофу, пандемії та війни. Еліта людства втекла на космічну колонію Kepler-209 (планета-супутник чи штучна станція). Але через кілька поколінь у колоністів виникає серйозна проблема — безпліддя через умови життя в штучному середовищі.Щоб перевірити, чи можна повернутися на Землю, відправляють експедицію. Головна героїня, астронавтка Блейк, після аварії опиняється одна на сильно зміненій Землі (майже вся планета затоплена, залишилися лише високогірні зони). Там вона зустрічає останніх вцілілих людей, які живуть у дуже примітивних умовах.',NULL,'https://uakino.best/uploads/mini/poster/f4/7eed0ea67a7b0612475d31bf347955.jpg','1 год 44 хв',NULL,NULL,'16',NULL,NULL,NULL,NULL,NULL,NULL,NULL,NULL,NULL,NULL,0,0,0,NULL,NULL,NULL,NULL,0),(34,1513,'tv-series','Поліція Маямі: Відділ моралі','Поліція Маямі: Відділ моралі',NULL,NULL,NULL,NULL,NULL,1,'2026-02-09 15:19:54','2026-02-09 15:19:54',NULL,NULL,NULL,NULL,'2026-02-09 15:19:54',2006,NULL,'1080p','Все нове - це добре забуте старе. Фільм «Поліція Маямі: Відділ моралі» 2006 знятий за мотивами серіалу 80-років «Поліція Маямі». Глядачам так сподобалися головні герої телесеріалу, що автор і творець Майкл Манн вирішив повернути улюблених копів до життя, на цей раз на екрани кінотеатрів.Любов зла - цю істину поліцейський Сонні добре засвоїв після того, як невдало закохався в дівчину лідера одного з найбільших наркокартелів міста. Але ж спочатку ніщо не віщувало такого повороту подій. Пригоди копів почалися з того, що Сонні і його напарника Ріка старий друг попросив про послугу: якийсь час виконувати обов\'язки охоронців його дружини, адже, за словами товариша, жінка наражається на серйозну небезпеку. Незабаром стає зрозумілим, що дівчина не просто так виявилася метою таємничого злочинного угруповання: її чоловік та декілька інших агентів були співробітниками спецслужб і багато років працювали над справою великого картеля наркоторговців. Тепер їх прикриття розкрите, і загрозі піддалися всі, причетні до розслідування. Тепер напарникам доведеться продовжити справу товариша: впровадитися в мафіозний клан і розкрити їх темні справи.',NULL,'https://uakino.best/uploads/mini/poster/76/66aaf9a5170dc4dbbaf3a01ba51693.jpg',NULL,NULL,NULL,NULL,NULL,NULL,NULL,NULL,NULL,NULL,NULL,NULL,NULL,NULL,0,0,0,NULL,NULL,NULL,NULL,0),(35,13873,'tv-series','Принц і я 2: Королівське весілля','Принц і я 2: Королівське весілля',NULL,NULL,NULL,NULL,NULL,1,'2026-02-09 15:19:57','2026-02-09 15:19:57',NULL,NULL,NULL,NULL,'2026-02-09 15:19:57',2006,NULL,'1080p','Нарешті історія про сучасну попелюшку Пейдж Морган підійшла до свого щасливого кінця! Її обранець – данський принц Едвард зробив їй офіційну пропозицію руки та серця. Тепер, на майбутню королеву Данії чекає подорож на батьківщину титулованого нареченого, де молоді повінчаються у великому кафедральному соборі.І все б добре, якби не горезвісні традиції. Перед самим весіллям наречений і наречена дізнаються про старовинний закон: спадкоємець данської корони може вступити на престол лише після весілля на особі благородної крові. Інакше він втратить трон...',NULL,'https://uakino.best/uploads/mini/poster/17/dfe1643c0d98139e1c74e8f0b2fe2d.jpg',NULL,NULL,NULL,NULL,NULL,NULL,NULL,NULL,NULL,NULL,NULL,NULL,NULL,NULL,0,0,0,NULL,NULL,NULL,NULL,0),(36,32540,'movie','Кров машин','Кров машин',NULL,NULL,NULL,NULL,NULL,0,'2026-02-09 15:19:59','2026-02-09 15:19:59',NULL,NULL,NULL,NULL,'2026-02-09 15:19:59',2019,NULL,'1080p','Сюжет розгортається в ретро-футуристичному космосі в дусі 80-х: двоє космічних мисливців за нагородою — Васкан і Лаго — разом зі своєю корабельною ШІ \"Трейсі\" переслідують і збивають загадковий біопанк-корабель під назвою **Міма**. Після знищення з корабля народжується містична сутність — примарна молода жінка, яка є втіленням штучного інтелекту, що намагається звільнитися. Замість того, щоб просто померти, вона кидає виклик мисливцям, змушуючи їх гнатися за нею крізь космос. По дорозі вони потрапляють у сюрреалістичний, психоделічний кошмар: галактика наповнена голими жіночими тілами, що зливаються з машинами, ритуалами, кров\'ю, механічними богами та еротично-жорстокими видіннями.',NULL,'https://uakino.best/uploads/mini/poster/36/a4c45c753775825593b9dc3f2cc781.jpg','50 хв',NULL,NULL,'18+',NULL,NULL,NULL,NULL,NULL,NULL,NULL,NULL,NULL,NULL,0,0,0,NULL,NULL,NULL,NULL,0),(37,32539,'movie','Справжня казка','Справжня казка',NULL,NULL,NULL,NULL,NULL,0,'2026-02-09 15:20:01','2026-02-09 15:20:01',NULL,NULL,NULL,NULL,'2026-02-09 15:20:01',2022,NULL,'1080p','Головна героїня на ім\'я Скай — вперта старшокласниця-підліток, яка не вірить у казки, романтику чи магію. Під час шкільного показу лялькового театру з класичними казковими мотивами Скай магічним чином переноситься в чарівне Королівство Селестія — яскравий світ, наповнений класичними казковими персонажами: принцами, принцесами, чарівними істотами, злими королевами та іншими знайомими архетипами. Там вона стикається з низкою химерних, часом комічних і абсурдних героїв, які змушують її переосмислити своє ставлення до життя, дружби, любові та власних страхів.',NULL,'https://uakino.best/uploads/mini/poster/ec/e246496de67b6241421991eea97652.jpg','1 год 12 хв',NULL,NULL,'12',NULL,NULL,NULL,NULL,NULL,NULL,NULL,NULL,NULL,NULL,0,0,0,NULL,NULL,NULL,NULL,0),(38,32538,'tv-series','Кара','Кара',NULL,NULL,NULL,NULL,NULL,1,'2026-02-09 15:20:04','2026-02-09 15:20:04',NULL,NULL,NULL,NULL,'2026-02-09 15:20:04',2008,NULL,'1080p','Фільм розповідає про маленьке американське містечко, де після пожежі в старій церкві звільняється давній паразитичний демон, відомий як Кара. Ця істота була запечатана в стінах церкви ще півтора століття тому — приблизно з кінця XIX століття. Вона є паразитом, який переходить від людини до людини через рот чи інші отвори, повністю контролює тіло носія, змушує його жадібно їсти, блювати кров’ю, проявляти агресивну сексуальну поведінку та швидко вбивати жертву, після чого переходить до наступного господаря. Заражені люди стають схожими на зомбі-подібних істот, що швидко виснажуються й гинуть.Головні герої — молодий хлопець Скотт Міллер, який нещодавно вийшов з в’язниці і повернувся в рідне містечко, та його колишня дівчина Джессі. Їхні стосунки давно розвалилися, але саме вони виявляються єдиними, хто починає розуміти природу загрози. Скотт спочатку потрапляє під підозру в убивствах (його бачать біля мертвої колишньої дівчини, яка стала першою жертвою паразита в сучасному часі), а потім разом із Джессі намагається зупинити поширення Кари, перш ніж воно знищить усе населення.',NULL,'https://uakino.best/uploads/mini/poster/ff/fbbe64d97a53dbb8d5796248f1aeb8.jpg',NULL,NULL,NULL,NULL,NULL,NULL,NULL,NULL,NULL,NULL,NULL,NULL,NULL,NULL,0,0,0,NULL,NULL,NULL,NULL,0),(39,32537,'tv-series','Останнє обличчя','Останнє обличчя',NULL,NULL,NULL,NULL,NULL,1,'2026-02-09 15:20:08','2026-02-09 15:20:08',NULL,NULL,NULL,NULL,'2026-02-09 15:20:08',2016,NULL,'1080p','Рен Пітерсон — лікарка й гуманітарна активістка, яка працює в Західній Африці, продовжуючи справу організації «Лікарі світу», заснованої багато років тому її батьком. Вона щиро віддана своїй місії та людям, яким допомагає, однак постійно живе в тіні батькової легенди, болісно порівнюючи власні досягнення з його спадщиною. У 2003 році Рен знайомиться з Мігелем — харизматичним хірургом, який так само присвятив себе роботі в найбідніших і зруйнованих війнами регіонах світу. Між ними швидко виникає сильне почуття, що дає надію на особисте щастя серед щоденного зіткнення з людськими трагедіями. Та крихка гармонія руйнується, коли Рен дізнається про минулий інтимний зв’язок Мігеля з її кузиною, і ця правда стає каталізатором недовіри, ревнощів і внутрішніх сумнівів.',NULL,'https://uakino.best/uploads/mini/poster/74/4f3ea6b7562aa45b405139f1d7ddbd.jpg',NULL,NULL,NULL,NULL,NULL,NULL,NULL,NULL,NULL,NULL,NULL,NULL,NULL,NULL,0,0,0,NULL,NULL,NULL,NULL,0),(40,32536,'movie','Королева шахів','Королева шахів',NULL,NULL,NULL,NULL,NULL,0,'2026-02-09 15:20:10','2026-02-09 15:20:10',NULL,NULL,NULL,NULL,'2026-02-09 15:20:10',2026,NULL,'1080p','Документальний фільм розповідає захопливу історію життя Юдіт Полгар, найсильнішої шахістки в історії та єдиної жінки, яка по-справжньому змагалася на найвищому рівні серед чоловіків-гросмейстерів. Стрічка починається з дитинства Юдіт у комуністичній Угорщині 1970–80-х років, де її батько, психолог Ласло Полгар, вирішив довести, що генії не народжуються, а створюються. Він перетворив виховання трьох дочок — Сьюзен, Софії та Юдіт — на справжній експеримент: щоденні багатогодинні заняття шахами замість звичайної школи, вихідних і канікул. Усе життя сім’ї було підпорядковане шахам, і саме це дозволило Юдіт уже в шість років вигравати турніри проти дорослих чоловіків, а в 12 стати наймолодшою в історії шахісткою з рейтингом топ-рівня. Фільм показує архівні кадри її перших перемог, дитячі партії, сімейні відео та реакції оточення, яке не могло повірити, що маленька дівчинка з мисочкою на голові громить досвідчених гравців.',NULL,'https://uakino.best/uploads/mini/poster/3c/9a99ac77ef4644b9631385cc9d87c0.jpg','1 год 33 хв',NULL,NULL,NULL,NULL,NULL,NULL,NULL,NULL,NULL,NULL,NULL,NULL,NULL,0,0,0,NULL,NULL,NULL,NULL,0),(41,32588,'tv-series','Команда Фастфуд 1 сезон','Команда Фастфуд 1 сезон',NULL,NULL,NULL,NULL,NULL,1,'2026-02-09 15:20:15','2026-02-09 15:20:15',NULL,NULL,NULL,NULL,'2026-02-09 15:20:15',2000,NULL,'BD-Rip','Мультсеріал розповідає про абсурдні й сюрреалістичні пригоди трьох антропоморфних продуктів швидкого харчування, які живуть разом у тихому передмісті, але при цьому постійно занурюються в хаос. Егоїстичний і патологічно брехливий Мастер Шейк, розсудливий та інтелектуальний Фрайлок і наївний, мінливий за формою Мітвод утворюють дивну родину, чиє повсякденне життя перетворюється на низку безглуздих конфліктів, дивних експериментів і відверто ідіотських рішень. Їхнім постійним об’єктом роздратування стає сусід Карл — грубий, хтивий і голосний фанат спорту середнього віку, який мимоволі втягнутий у всі катастрофи, що виникають навколо. Майже в кожному епізоді герої стикаються з новими ворогами, серед яких особливе місце посідають Мунініти — двоє зарозумілих прибульців з Місяця, схильних до незаконних і руйнівних витівок. Світ мультсеріалу населений галереєю дивакуватих другорядних персонажів, які раз по раз повертаються з новими загрозами та ще більшим абсурдом, а події часто завершуються смертями, каліцтвами чи повним знищенням майна, що дивним чином без жодних пояснень скасовується в наступній серії. Це цинічна, хаотична й навмисно нелогічна комедія, яка висміює побут, попкультуру й саму структуру телевізійних шоу.',NULL,'https://uakino.best/uploads/mini/serial/92/7c31379fb04f56e82796d212fcc01a.jpg',NULL,NULL,NULL,NULL,NULL,NULL,NULL,NULL,NULL,NULL,NULL,NULL,NULL,NULL,0,0,0,NULL,NULL,NULL,NULL,0),(42,32587,'movie','Коргот з Варварії','Коргот з Варварії',NULL,NULL,NULL,NULL,NULL,0,'2026-02-09 15:20:17','2026-02-09 15:20:17',NULL,NULL,NULL,NULL,'2026-02-09 15:20:17',2006,NULL,'BD-Rip','У жорстокому й безсоромно гротескному фентезійному світі, де маги підступні, шинкарі огрядні, злодії розбещені, а напівоголені діви постійно потребують порятунку, панує Кóрґот — найстрашніший і наймогутніший варвар, якого будь-коли знали ці землі. Цей анімаційний мультфільм для дорослих безжально пародіює жанр «меча і магії», перетворюючи класичні фентезійні кліше на вибухову суміш чорного гумору, насильства й абсурду. Коли черговий негідник встромляє сокиру Кóрґоту в плече, це не зупиняє його — лише погіршує настрій, який і без того далекий від доброзичливого. Озброєний грубою силою, непохитним стоїчним світоглядом і майже образливою кількістю везіння, Кóрґот прорубує собі шлях крізь середньовічних ворогів, залишаючи по собі хаос, зламані кістки та зруйновані ілюзії героїзму.',NULL,'https://uakino.best/uploads/mini/poster/2d/17f024d3d7b5d1b7526a77698a2c8d.jpg','22 хв',NULL,NULL,'18+',NULL,NULL,NULL,NULL,NULL,NULL,NULL,NULL,NULL,NULL,0,0,0,NULL,NULL,NULL,NULL,0),(43,32586,'tv-series','Два Ідіоти 1 сезон','Два Ідіоти 1 сезон',NULL,NULL,NULL,NULL,NULL,1,'2026-02-09 15:20:21','2026-02-09 15:20:21',NULL,NULL,NULL,NULL,'2026-02-09 15:20:21',2010,NULL,'1080p','Головні герої — Червоний і Синій — два найкращих друга, які живуть разом у квартирі й постійно втягуються в абсолютно ідіотські, часто небезпечні та відверто божевільні ситуації. Червоний — це хаотичний, голосний, безмозкий гедоніст, який обожнює пиво, секс, зброю, вибухи, вечірки та будь-які способи влаштувати катастрофу. Синій — його розумніший (але не набагато) саркастичний друг, який любить рольові ігри, комікси, відеоігри та намагається хоч якось контролювати безумство Червоного, хоча в підсумку завжди пірнає в нього з головою.Кожен епізод триває від двох до п’яти хвилин і являє собою стиснутий вибух чорного гумору, матюків, сексуальних жартів, крові, насильства, пародій на поп-культуру, абсурдних смертей і повного ігнорування будь-якої логіки чи моральних норм. Сюжети можуть бути настільки дикими, як-от змагання, хто більше разів за день помре, спроби вкрасти машину часу, ніндзя-битви, секс з привидами, війна з єнотами, рольові ігри в стилі D&D, які закінчуються справжньою різаниною, або просто безглузді суперечки, що переростають у масове побоїще.',NULL,'https://uakino.best/uploads/mini/serial/ff/1c7892a853f755be37989f52e7a0c4.jpg',NULL,NULL,NULL,NULL,NULL,NULL,NULL,NULL,NULL,NULL,NULL,NULL,NULL,NULL,0,0,0,NULL,NULL,NULL,NULL,0),(44,7464,'tv-series','Поліція Парадайз 1 сезон','Поліція Парадайз 1 сезон',NULL,NULL,NULL,NULL,NULL,1,'2026-02-09 15:20:24','2026-02-09 15:20:24',NULL,NULL,NULL,NULL,'2026-02-09 15:20:24',2018,NULL,'1080p','Кевін Кройфорд все своє життя мріяв стати поліцейським, як і його батько, який очолює управління в невеликому містечку Парадайс. Ось тільки татові не подобається така ідея, навіть більше, він категорично проти цього. Ну, по-перше, він хоче захистити сина від різних небезпек, з якими офіцери стикаються мало не щодня. А, по-друге, він намагається захистити самого себе, оскільки вже давно з Кевіном стався один інцидент, який до цих пір викликає у нього болючі спогади. З іншого боку їх місто відчуває більші фінансові труднощі і може дозволити собі тільки найдешевших робочих. Начальник управління зглянувся над сином і він, нарешті, відправився на свій перший виїзд, навіть не підозрюючи з чим йому доведеться зіткнутися ...',NULL,'https://uakino.best/uploads/mini/serial/20/fd320ca9b1ff22888317c8df01467e.jpg',NULL,NULL,NULL,NULL,NULL,NULL,NULL,NULL,NULL,NULL,NULL,NULL,NULL,NULL,0,0,0,NULL,NULL,NULL,NULL,0),(45,32559,'movie','Веселий ельф','Веселий ельф',NULL,NULL,NULL,NULL,NULL,0,'2026-02-09 15:20:26','2026-02-09 15:20:26',NULL,NULL,NULL,NULL,'2026-02-09 15:20:26',2005,NULL,'BD-Rip','Головний герой — маленький ельф на ім’я Юбі, який працює в майстерні Санта-Клауса. На відміну від більшості своїх товаришів, Юбі не просто старанно виконує свою роботу — він буквально випромінює радість і непохитну віру в те, що Різдво здатне зробити щасливим абсолютно кожного. Його постійна усмішка, безмежний ентузіазм і дитяча щирість роблять його улюбленцем усіх ельфів… і водночас трохи вибивають з ритму тих, хто звик до більш спокійного темпу підготовки до свята.Одного разу, переглядаючи списки «хороших» і «поганих» дітей, Юбі помічає щось дивне: ціле містечко під назвою Блюзвілль повністю занесене до списку «поганих». Жодна дитина з цього міста не має шансу отримати подарунок. Більше того — саме місто виглядає так, ніби радість покинула його багато років тому: сірі вулиці, похмурі обличчя, постійний дощ і відчуття безнадії, яке пронизує все навколо. Та Юбі не може з цим змиритися. Він вирішує зробити те, на що не наважився б жоден інший ельф: самовільно вирушає до Блюзвілля, щоб особисто повернути місту святковий настрій.',NULL,'https://uakino.best/uploads/mini/poster/cf/136cb946a1f09ce53fc8657150f980.jpg','45 хв',NULL,NULL,'0',NULL,NULL,NULL,NULL,NULL,NULL,NULL,NULL,NULL,NULL,0,0,0,NULL,NULL,NULL,NULL,0),(46,32558,'movie','Брати Санта Клауси','Брати Санта Клауси',NULL,NULL,NULL,NULL,NULL,0,'2026-02-09 15:20:28','2026-02-09 15:20:28',NULL,NULL,NULL,NULL,'2026-02-09 15:20:28',2001,NULL,'BD-Rip','Санта-Клаус має трьох синів-трійнят — Мела, Деріла та Роя, кожен із яких надзвичайно обдарований. Вони успадкували батьківський талант створювати іграшки, поєднуючи його з блискучим науковим розумом і винахідливістю, здатною вразити будь-кого. Та попри всі свої здібності, хлопці сприймають Різдво радше як проєкт і змагання, ніж як свято з глибоким сенсом. Мріючи про спокійний відпочинок і впевнений у тому, що настав час передати справу життя наступному поколінню, Санта оголошує незвичний конкурс: той із синів, хто першим по-справжньому зрозуміє істинне значення Різдва, успадкує сімейну справу.',NULL,'https://uakino.best/uploads/mini/poster/cb/bed17e7da8b9f2132789c2c2ef9a2f.jpg','1 год 00 хв',NULL,NULL,NULL,NULL,NULL,NULL,NULL,NULL,NULL,NULL,NULL,NULL,NULL,0,0,0,NULL,NULL,NULL,NULL,0),(47,32557,'movie','Магічне Різдво Міккі','Магічне Різдво Міккі',NULL,NULL,NULL,NULL,NULL,0,'2026-02-09 15:20:30','2026-02-09 15:20:30',NULL,NULL,NULL,NULL,'2026-02-09 15:20:30',2001,NULL,'BD-Rip','На Різдво Міккі Маус запрошує своїх друзів — Дональда Дака, Ґуфі, Белль, Бембі та багатьох інших улюблених героїв Дісней — зібратися разом і відсвяткувати найжиттєрадісніше свято року. Та святкові плани ледь не псує сильна снігова буря, яка застає всіх зненацька й робить Дональда особливо буркотливим. Утім, друзі не дозволяють негоді зіпсувати настрій і вирішують створити різдвяну атмосферу по-диснеївськи — переглядаючи чарівні різдвяні історії. Класичні мультфільми, сповнені гумору, музики й тепла, поступово повертають святковий дух і розтоплюють навіть серце Дональда, який несподівано стає головною зіркою вечора.',NULL,'https://uakino.best/uploads/mini/poster/09/8509ff0cb3edbf2a45cbdb6d3d4176.jpg','1 год 05 хв',NULL,NULL,NULL,NULL,NULL,NULL,NULL,NULL,NULL,NULL,NULL,NULL,NULL,0,0,0,NULL,NULL,NULL,NULL,0),(48,32556,'movie','Веселі дзвони','Веселі дзвони',NULL,NULL,NULL,NULL,NULL,0,'2026-02-09 15:20:32','2026-02-09 15:20:32',NULL,NULL,NULL,NULL,'2026-02-09 15:20:32',1999,NULL,'BD-Rip','Напередодні різдвяних свят одна малозабезпечена родина з тривогою усвідомлює, що цього року їм не вистачає грошей, аби купити одне одному подарунки. Бажаючи принести близьким бодай трохи радості, батько жертвує єдиною річчю, яка була справді дорогою для всієї сім’ї, і купує подарунки в магазині. Та замість очікуваного щастя свято раптово стає найсумнішим часом року, сповненим мовчазного болю й розчарування. Коли здається, що різдвяне диво неможливе, у справу втручається справжня магія Різдва та доброзичлива допомога Санта-Клауса. Крок за кроком родина відкриває просту, але важливу істину: найцінніші подарунки неможливо купити — вони народжуються з любові, турботи та щирості серця.',NULL,'https://uakino.best/uploads/mini/poster/8d/a953cff8ac4314bb1f17a801e9ad6e.jpg','48 хв',NULL,NULL,NULL,NULL,NULL,NULL,NULL,NULL,NULL,NULL,NULL,NULL,NULL,0,0,0,NULL,NULL,NULL,NULL,0),(49,32555,'tv-series','Капітан Фламінго 1 сезон','Капітан Фламінго 1 сезон',NULL,NULL,NULL,NULL,NULL,1,'2026-02-09 15:20:36','2026-02-09 15:20:36',NULL,NULL,NULL,NULL,'2026-02-09 15:20:36',2006,NULL,'BD-Rip','Майло Павелл — хлопчик, який живе звичайним дитячим життям, але щойно хтось опиняється в біді й вимовляє чарівну фразу «Ой-ой, Фламінго!», він миттєво перевтілюється в Капітана Фламінго — самопроголошеного супергероя без жодних справжніх суперздібностей. Озброєний лише яскравим костюмом фламінго та винахідливо використаними іграшками й підручними речами, Капітан Фламінго з ентузіазмом кидається рятувати інших дітей, часто ускладнюючи ситуацію через власну розсіяність і надмірний героїзм. Поруч із ним завжди Лізбет Аманда Сарагоса — подруга й таємний голос розуму, яка непомітно спрямовує Майла, особливо коли він активує свій режим «Пташиний мозок», що насправді є підказками Лізбет у моменти сумнівів. Події мультсеріалу супроводжує всезнаючий оповідач — дотепна пародія на класичних супергеройських нараторів, який не лише коментує те, що відбувається, а й регулярно ламає четверту стіну, звертаючись безпосередньо до глядачів.',NULL,'https://uakino.best/uploads/mini/serial/1d/c6283ea5308fdad5ff96a3cde4172a.jpg',NULL,NULL,NULL,NULL,NULL,NULL,NULL,NULL,NULL,NULL,NULL,NULL,NULL,NULL,0,0,0,NULL,NULL,NULL,NULL,0),(50,32301,'tv-series','Феріде 1 сезон','Феріде 1 сезон',NULL,NULL,NULL,NULL,NULL,1,'2026-02-09 15:20:39','2026-02-09 15:20:39',NULL,NULL,NULL,NULL,'2026-02-09 15:20:39',2025,NULL,'1080p','Феріда — незалежна, прямолінійна та безжально іронічна жінка, яка намагається не втратити оптимізм у світі нудьги, токсичних стосунків, офісного абсурду та сімейних очікувань. Кожен епізод — це кілька коротких, але влучних історій (по 5 хвилин кожна), де Феріда бореться з реальністю: кидає нудного хлопця, мстить ексу через смс, перемагає на корпоративному пейнтболі, намагається знайти «час для себе» і розуміє, що досі не відпустила колишнього. Створено та озвучено Еміром Сагламом. Гумор тут гострий, провокативний, з феміністичним підтекстом і соціальною сатирою на турецьке (і не тільки) суспільство.',NULL,'https://uakino.best/uploads/mini/serial/5e/db9e6c9d50f74f5888690c834d2e16.jpg',NULL,NULL,NULL,NULL,NULL,NULL,NULL,NULL,NULL,NULL,NULL,NULL,NULL,NULL,0,0,0,NULL,NULL,NULL,NULL,0),(51,32489,'tv-series','Людина-терор 1 сезон','Людина-терор 1 сезон',NULL,NULL,NULL,NULL,NULL,1,'2026-02-09 15:20:43','2026-02-09 15:20:43',NULL,NULL,NULL,NULL,'2026-02-09 15:20:43',2026,NULL,'1080p','У центрі сюжету — загадковий чоловік, відомий під псевдонімом Людина-терор / Терор Мен, який володіє надприродною здатністю бачити майбутні катастрофи та трагедії ще до того, як вони стануться. На відміну від класичних супергероїв, його методи запобігання лихам часто виглядають жорстокими, аморальними й навіть терористичними, через що суспільство та влада сприймають його не як рятівника, а як загрозу. Здатність Терор Мена бачити лише «погані кінцівки» перетворює його життя на безперервний ланцюг болісних рішень, адже кожне врятоване майбутнє вимагає від нього особистої втрати, приводить до суспільної ненависті і навіть кривавих фіналів.',NULL,'https://uakino.best/uploads/mini/serial/1d/c97916f07b7b23c86b9ceec55f8c81.jpg',NULL,NULL,NULL,NULL,NULL,NULL,NULL,NULL,NULL,NULL,NULL,NULL,NULL,NULL,0,0,0,NULL,NULL,NULL,NULL,0),(52,32518,'movie','Місія «Санта»','Місія «Санта»',NULL,NULL,NULL,NULL,NULL,0,'2026-02-09 15:20:44','2026-02-09 15:20:45',NULL,NULL,NULL,NULL,'2026-02-09 15:20:44',2025,NULL,'1080p','Події мультфільму розгортаються на Північному полюсі, де майстерня Санти зазнала радикальних змін: магія, ручна праця й вікові традиції поступилися місцем автоматизації, алгоритмам і холодній ефективності. Схоже, що сам Санта Клаус відійшов від справ, залишивши управління Різдвом новому поколінню технологічно підкованих, але надмірно процесоорієнтованих ельфів. Саме в цю оновлену, майже бездушну систему у свій перший робочий день потрапляє Йойо — добродушний, наївний і щиро захоплений ельф, для якого робота в майстерні Санти була мрією всього життя. Його розчарування сучасною реальністю швидко змінюється справжнім жахом, коли мстивий хакер захоплює контроль над інфраструктурою Північного полюса, паралізуючи виробництво подарунків і ставлячи під загрозу саме існування Різдва. Ситуацію ускладнює те, що ніхто з керівництва навіть не знає, де перебуває Санта і як його знайти, адже система давно навчилася працювати без нього. Єдиним винятком стає Йойо, який упевнений, що його дідусь знає правду про зникнення Санти. Не зважаючи на скепсис колег, Йойо вирушає у відчайдушну подорож разом із цинічною, але не позбавленою серця HR-ельфинею Коко, кумедним оленятком Бiсквітом і пакувальним дроном на ім’я Сноуфлейк. Їхня пригода перетворюється на сповнену гумору, небезпек і тепла місію, у якій технології стикаються з вірою, а прагнення все оптимізувати — з необхідністю відчути справжній сенс Різдва.',NULL,'https://uakino.best/uploads/mini/poster/0e/794e1dd9eaf65f4d7795a725f77c30.jpg','1 год 31 хв',NULL,NULL,NULL,NULL,NULL,NULL,NULL,NULL,NULL,NULL,NULL,NULL,NULL,0,0,0,NULL,NULL,NULL,NULL,0),(53,30380,'tv-series','Сонячні протилежності / Нетутешні 6 сезон','Сонячні протилежності / Нетутешні 6 сезон',NULL,NULL,NULL,NULL,NULL,1,'2026-02-09 15:20:48','2026-02-09 15:20:48',NULL,NULL,NULL,NULL,'2026-02-09 15:20:48',2025,NULL,'1080p','У фінальному сезоні Шлорпійці опиняються в епіцентрі хаосу, коли їхній штучний інтелект Айша, раніше надійний помічник у фінансових справах, виходить з-під контролю, руйнуючи систему та загрожуючи існуванню самої Землі. У цей час колишній командир Зарк повертається з темними намірами, активуючи паразитів «Бета Нац», які висмоктують енергію з усієї родини.До того ж Пупа починає проявляти небачену агресію, і Шлорпійці змушені шукати хитромудрі способи приборкати його поведінку — від емоційних фільтрів до інших винахідливих методів, щоб зупинити навислі загрози. Паралельно розгортається сюжет «Стіни», де мініатюрні люди, захоплені прибульцями, будують власне, живе й непередбачуване суспільство.',NULL,'https://uakino.best/uploads/mini/serial/35/e6967b023cfbe88ae4adb51999f9f5.png',NULL,NULL,NULL,NULL,NULL,NULL,NULL,NULL,NULL,NULL,NULL,NULL,NULL,NULL,0,0,0,NULL,NULL,NULL,NULL,0),(54,7402,'tv-series','Розчарування 1 сезон','Розчарування 1 сезон',NULL,NULL,NULL,NULL,NULL,1,'2026-02-09 15:20:51','2026-02-09 15:20:51',NULL,NULL,NULL,NULL,'2026-02-09 15:20:51',2018,NULL,'1080p','Дія мультсеріалу відбувається в фентезійному світі і бере свій початок в королівстві Дрімленд. У центрі сюжету виявляється принцеса Тіабінія, якій вже порядком набридло нудне і невеселе життя в палаці. До того ж найближчим часом відбудеться її весілля, ось тільки перспектива вийти заміж незрозуміло за кого дівчину зовсім не радує, адже вона мріє про справжнє кохання.Аби не допустити перетворення на заручницю політичних амбіцій батька, Бін тікає з палацу. Разом з \"особистим демоном\" Люцієм, який був подарований дівчині злими магами, а також випадково загулявшим на святі ельфом Елфо, який залишив своїх родичів, принцеса відправляється на пошуки пригод.',NULL,'https://uakino.best/uploads/mini/serial/87/e9c65f748d5e378cd5e75b0a4f6898.jpg',NULL,NULL,NULL,NULL,NULL,NULL,NULL,NULL,NULL,NULL,NULL,NULL,NULL,NULL,0,0,0,NULL,NULL,NULL,NULL,0),(55,32512,'movie','Мутафуказ','Мутафуказ',NULL,NULL,NULL,NULL,NULL,0,'2026-02-09 15:20:53','2026-02-09 15:20:54',NULL,NULL,NULL,NULL,'2026-02-09 15:20:53',2017,NULL,'1080p','Події відбуваються в Dark Meat City — гіперстилизованому, брудному, кримінальному й абсолютно безнадійному дистопічному місті, яке нагадує найгіршу версію Лос-Анджелеса, де панують вуличні банди, бідність, насильство й повна відсутність перспектив.Головний герой — Анджеліно (або просто Ліно), молодий лузер років двадцяти з невеликим, який виглядає майже як підліток. Він живе в занедбаній квартирі разом зі своїм найкращим другом Вінсом, купою тарганів, яких вважає домашніми улюбленцями, і постійно втрачає роботу кур’єра піци. Життя Анджеліно — суцільне виживання без жодного просвітку. Усе кардинально змінюється після банальної аварії: відволікшись на красиву дівчину на ім’я Луна, він потрапляє під вантажівку на своєму скутері. Фізично він майже не постраждав, але після цього інциденту з ним починають відбуватися дивні речі — кошмари, галюцинації, а головне — він раптом бачить те, що не бачать інші: чорні, хвилясті, потворні тіні, які тягнуться за спиною деяких людей, особливо тих, хто виглядає як агенти в строгих костюмах...',NULL,'https://uakino.best/uploads/mini/poster/42/8ccf32ccf0be8e083283114b2cd450.jpg','1 год 34 хв',NULL,NULL,NULL,NULL,NULL,NULL,NULL,NULL,NULL,NULL,NULL,NULL,NULL,0,0,0,NULL,NULL,NULL,NULL,0),(56,18232,'tv-series','Трансформери: Роботи під прикриттям 4 сезон','Трансформери: Роботи під прикриттям 4 сезон',NULL,NULL,NULL,NULL,NULL,1,'2026-02-09 15:20:57','2026-02-09 15:20:57',NULL,NULL,NULL,NULL,'2026-02-09 15:20:57',2017,NULL,'1080p','\"Трансформери: Роботи під прикриттям\" - на всій території галактичного простору панує безтурботна гармонія, що прийшла на зміну багаторічним вселенським баталіям. Жертва шляхетного Прайму виявилася не марною, досі космічні простори осяює потужна енергія, що захищає життя на незліченних планетах від руйнівної дії злих сил. Зайняті мирною працею жителі не підозрюють, що спокій надто крихкий і в будь-який момент може бути порушений стороннім втручанням.Автоботу на ім\'я Бамблі, що колись служив під керівництвом Прайма, приходить термінове повідомлення. У посланні йдеться, що внаслідок аварії на Землю впав зореліт, який перевозив небезпечних злочинців. Десептикони, вирвавшись на волю, тероризують людей, висувають вимоги про помилування своїх побратимів. У справу втручаються могутні роботи вищої раси, які мріють захопити Землю. Бандити, що втекли, повинні стати слухняною зброєю в руках всесильної мафії при здійсненні підступних задумів.Лейтенант Бамблі поспішає допомогти землянам. Він збирає невеликий загін із залізних воїнів. Щоправда, вони надто недосвідчені і не навчені взаємодіяти один з одним. Дінобот задиристий і забіякуватий, мінікон надто активний і неврівноважений, а у юного кадета елітної гвардійської школи поганий характер. Чи вдасться відважному Бамблі перетворити групу новачків на згуртовану команду і врятувати людство від загрози, що нависла?',NULL,'https://uakino.best/uploads/mini/serial/24/0d20243f4034dba8633d8b7c7b42bb.jpg',NULL,NULL,NULL,NULL,NULL,NULL,NULL,NULL,NULL,NULL,NULL,NULL,NULL,NULL,0,0,0,NULL,NULL,NULL,NULL,0),(57,32505,'tv-series','Світ Вінкс 2 сезон','Світ Вінкс 2 сезон',NULL,NULL,NULL,NULL,NULL,1,'2026-02-09 15:21:00','2026-02-09 15:21:00',NULL,NULL,NULL,NULL,'2026-02-09 15:21:00',2017,NULL,'1080p','Після подій першого сезону Блум, Стелла, Флора, Муза, Текна та Айша отримують нове завдання від Духа Світу Мрій. Їм дарують нову силу під назвою Онірікс і відправляють у Неверленд, щоб врятувати цей світ від зла. Головна антагоністка сезону — загадкова та могутня Королева, яка править Неверлендом з позиції сили й темряви. Вінкс дізнаються про її складне минуле й намагаються повернути Королеву до добра, знайшовши її давнього друга — Пітера Пена.Сезон поєднує пригоди на Землі та в магічному світі Неверленді. Дівчата шукають Метта — сина Пітера Пена, стикаються з новими ворогами (серед них з’являються персонажі на кшталт Банші, Крокодилового Чоловіка, Тигрової Лілії, русалок тощо), тренують нові здібності та намагаються захистити талановитих дітей і мрії людства.',NULL,'https://uakino.best/uploads/mini/serial/a4/1d426b0865658911e243c0af7ad27d.jpg',NULL,NULL,NULL,NULL,NULL,NULL,NULL,NULL,NULL,NULL,NULL,NULL,NULL,NULL,0,0,0,NULL,NULL,NULL,NULL,0),(58,32433,'tv-series','Ші-Ра та могутні принцеси / Ші-Ра та принцеси могутності 3 сезон','Ші-Ра та могутні принцеси / Ші-Ра та принцеси могутності 3 сезон',NULL,NULL,NULL,NULL,NULL,1,'2026-02-09 15:21:03','2026-02-09 15:21:03',NULL,NULL,NULL,NULL,'2026-02-09 15:21:03',2019,NULL,'1080p','Третій сезон є досить коротким, але надзвичайно насиченим і поворотним для всієї історії мультсеріалу. Події починаються одразу після фіналу другого сезону, коли в Яскравому Місяці несподівано з’являється Тіньова Ткачка. Вона розкриває небезпечну правду: Гордaк будує портал, який має з’єднати Етерію з рештою імперії Орди. Його запуск може мати катастрофічні наслідки не лише для планети, а й для самої реальності. Адора, Ґліттер і Боу вирушають на пошуки відповідей про Першолюдей і попередню Ші-Ру — Мару, чий прихований сигнал може пояснити справжнє призначення порталу та природу сил, що керують Етерією.Паралельно Катра після поразок і принижень опиняється у Червоній Пустці — жорстокому й хаотичному світі, де вона поступово починає вибудовувати власну владу, віддаляючись від Орди, але не від своєї внутрішньої люті й болю. Саме тут формується новий етап її характеру — більш незалежний, але й ще більш руйнівний. У той самий час Ґордак зближується з Ентраптою, яка допомагає йому вдосконалювати обладунки та портал, і їхній дивний союз відкриває людяніший, уразливий бік антагоніста.',NULL,'https://uakino.best/uploads/mini/serial/25/0db8895292d549d3b57700c7f54aa5.jpg',NULL,NULL,NULL,NULL,NULL,NULL,NULL,NULL,NULL,NULL,NULL,NULL,NULL,NULL,0,0,0,NULL,NULL,NULL,NULL,0),(59,29408,'tv-series','Зелена змія','Зелена змія',NULL,NULL,NULL,NULL,NULL,1,'2026-02-09 15:21:07','2026-02-09 15:21:07',NULL,NULL,NULL,NULL,'2026-02-09 15:21:07',2021,NULL,'1080p','Біла Змія Бланка та її сестра, Зелена Змія Верта, кидають виклик ченцю Фахаю, але вони зазнають поразки і опиняються запротореними у в\'язниці. Давши урочисту клятву помститися, Зелена Змія знову стикається з фатальними неприємностями, але замість смерті вона неймовірним чином переноситься в антиутопічне місто Асуравілль. Втративши свої магічні сили, Верта пристосовується до життя в незнайомому світі за допомогою жінки на ім\'я Сан і таємничого чоловіка в масці, а також вступає в протистояння з місцевими злочинними угрупованнями...',NULL,'https://uakino.best/uploads/mini/poster/79/0d062a4a703246c07ebdd295c6d801.jpg',NULL,NULL,NULL,NULL,NULL,NULL,NULL,NULL,NULL,NULL,NULL,NULL,NULL,NULL,0,0,0,NULL,NULL,NULL,NULL,0),(60,7563,'tv-series','Ульотні лунатики 2 сезон','Ульотні лунатики 2 сезон',NULL,NULL,NULL,NULL,NULL,1,'2026-02-09 15:21:10','2026-02-09 15:21:10',NULL,NULL,NULL,NULL,'2026-02-09 15:21:10',2006,NULL,'1080p','Шанувальників космічної Фантастики і фентезі чекає продовження мультиплікаційного серіалу про нещасних жителів планети з довгою і складною для вимовлення вимовляють назвою Акметрополіс. Безповітряний простір, звичайно, ніколи не був спокійним місцем, магнітні бурі, падіння зірок і метеоритні дощі тут в порядку речей. Але треба ж було такому статися що один такий «камінчик» звалився на нещасний планетоїд, мало не разнісши його на шматки. Небесне тіло вціліло, але отримало такий струс і сплеск енергії при вибуху, що багато його жителів від малого до великого стали сновидами і отримали дивні таланти.',NULL,'https://uakino.best/uploads/mini/serial/7d/ac29bb5dc7063e475cec9c26212a9e.jpg',NULL,NULL,NULL,NULL,NULL,NULL,NULL,NULL,NULL,NULL,NULL,NULL,NULL,NULL,0,0,0,NULL,NULL,NULL,NULL,0),(61,32286,'tv-series','Первісний 3 сезон','Первісний 3 сезон',NULL,NULL,NULL,NULL,NULL,1,'2026-02-09 15:21:13','2026-02-09 15:21:13',NULL,NULL,NULL,NULL,'2026-02-09 15:21:13',2026,NULL,'1080p','Минають роки після смерті Спіра. Його тіло вже розкладається, коли самотній старий — єдиний вцілілий після жорстокої різанини в селі — знаходить його останки. У пориві помсти він використовує темну магію (зілля, серце ворога, око та інші моторошні інгредієнти), щоб оживити Спіра. Але воскресіння виходить жахливим: Спір повертається без спогадів, без душі, без людяності — просто м’ясна машина для вбивства, керована спочатку заклинанням старого. Його тіло — сіре, звисаюча щелепа, оголені органи, мухи рояться навколо, хода незграбна, рухи механічні. Він не той Спір, якого ми знали: це ходячий труп, який виконує накази, але всередині починають пробиватися крихти спогадів і емоцій.',NULL,'https://uakino.best/uploads/mini/serial/a6/14ab0bcdd9a0fa751ecf715e5fcf34.jpg',NULL,NULL,NULL,NULL,NULL,NULL,NULL,NULL,NULL,NULL,NULL,NULL,NULL,NULL,0,0,0,NULL,NULL,NULL,NULL,0),(62,32487,'movie','Ліга Справедливості проти Фатальної п\'ятірки','Ліга Справедливості проти Фатальної п\'ятірки',NULL,NULL,NULL,NULL,NULL,0,'2026-02-09 15:21:15','2026-02-09 15:21:15',NULL,NULL,NULL,NULL,'2026-02-09 15:21:15',2019,NULL,'1080p','Анімаційний супергеройський фільм від DC, який повертає класичну команду Ліги Справедливості, виступаючи духовним продовженням стилістики мультсеріалу \"Ліга справедливості: Без меж\". Події розгортаються навколо загрози з майбутнього, коли небезпечна група суперлиходіїв, відома як Фатальна П’ятірка, вирушає назад у часі, щоб змінити хід історії та знищити зародження майбутньої Ліги Справедливості. Центральною фігурою історії стає Старбой — герой із XXXI століття, чия психічна нестабільність і розірвана пам’ять про події майбутнього роблять його водночас ключем до порятунку і джерелом сумнівів для Бетмена, Диво-жінки та Супермена. Протистояння з такими антагоністами, як Манo, Персуейдер, Тарок, Валідус і Емералд Імпрес, поступово переростає з локальної загрози у масштабний конфлікт, де на кону стоїть сама ідея героїзму.',NULL,'https://uakino.best/uploads/mini/poster/cb/6412ba386ec9815672337037838b7e.jpg','1 год 17 хв',NULL,NULL,NULL,NULL,NULL,NULL,NULL,NULL,NULL,NULL,NULL,NULL,NULL,0,0,0,NULL,NULL,NULL,NULL,0),(63,31666,'tv-series','Розкрадачка гробниць: Легенда Лари Крофт 2 сезон','Розкрадачка гробниць: Легенда Лари Крофт 2 сезон',NULL,NULL,NULL,NULL,NULL,1,'2026-02-09 15:21:19','2026-02-09 15:21:19',NULL,NULL,NULL,NULL,'2026-02-09 15:21:19',2025,NULL,'1080p','Досвідчена, але все ще внутрішньо зранена минулим, Лара Крофт знову вирушає у небезпечну подорож світом, де стародавні легенди тісно переплітаються з сучасними змовами. Цього разу вона разом зі своєю близькою подругою Сем Нішімурою розслідує викрадення містичних африканських масок оріша — артефактів, що, за легендами, пов’язані з божественними силами та здатні змінити хід історії. Полювання за реліквіями швидко перетворюється на смертельно небезпечне протистояння, адже за ними також стоїть впливовий і загадковий мільярдер, готовий піти на все заради розширення меж своєї влади.',NULL,'https://uakino.best/uploads/mini/serial/49/6c5c542e08acab15ef1ae8c7695f53.jpg',NULL,NULL,NULL,NULL,NULL,NULL,NULL,NULL,NULL,NULL,NULL,NULL,NULL,NULL,0,0,0,NULL,NULL,NULL,NULL,0),(64,32479,'movie','Юні титани, вперед!','Юні титани, вперед!',NULL,NULL,NULL,NULL,NULL,0,'2026-02-09 15:21:20','2026-02-09 15:21:21',NULL,NULL,NULL,NULL,'2026-02-09 15:21:20',2018,NULL,'1080p','У цьому яскравому, самоіронічному й динамічному анімаційному фільмі Юні Титани раптом усвідомлюють прикру істину: у світі супергероїв кожен поважний герой уже має власний гучний кінохіт, і лише вони залишаються осторонь великого екрану. Особливо болісно це сприймає Робін, фактичний лідер команди, який понад усе прагне довести, що він не просто «напарник без плаща», а справжній герой, гідний головної ролі. Переконаний, що шлях до слави лежить через Голлівуд, Робін надихає Рейвен, Старфайр, Біст Боя й Кіборга вирушити до Тінселтауна, де, озброєні безглуздими ідеями, щирим ентузіазмом і запальними піснями, Титани намагаються привернути увагу наймоднішого кінорежисера. Проте їхня мрія про кінообкладинки швидко перетворюється на хаос, коли на горизонті з’являється небезпечний суперлиходій з маніакальним планом захоплення Землі, який навмисно спрямовує команду хибним шляхом.',NULL,'https://uakino.best/uploads/mini/poster/53/d1baae85a8150221221605d0d72214.jpg','1 год 24 хв',NULL,NULL,'6',NULL,NULL,NULL,NULL,NULL,NULL,NULL,NULL,NULL,NULL,0,0,0,NULL,NULL,NULL,NULL,0),(65,31633,'tv-series','Мисливці на тролів 2 сезон','Мисливці на тролів 2 сезон',NULL,NULL,NULL,NULL,NULL,1,'2026-02-09 15:21:24','2026-02-09 15:21:24',NULL,NULL,NULL,NULL,'2026-02-09 15:21:24',2017,NULL,'1080p','У цьому сезоні ставки значно зростають. Після подій фіналу першого сезону Джим вирушає до Темних земель, аби врятувати Клер та її молодшого брата Енґуса, чим запускає ланцюг нових небезпек. Тим часом у Аркадії його друзі Тобі, Блінкi та Ааарраг намагаються тримати місто в безпеці, борючись із все сильнішими ворогами, яких надсилають Ґунмар і його армія. Упродовж сезону команда стикається зі зрадою, стародавніми пророцтвами та новими союзниками, поступово усвідомлюючи, що війна між світлом і тінню охоплює не лише світ тролів, а й людський. Другий сезон значно розширює міфологію \"Казок Аркадії\", зосереджуючись на більш темних сюжетних лініях, глибшому розвитку персонажів і підготовці до масштабних подій, що розгорнуться в майбутніх сюжетах.',NULL,'https://uakino.best/uploads/mini/serial/3f/3ec4b13f41c54b6b1dd6f1ad345231.jpg',NULL,NULL,NULL,NULL,NULL,NULL,NULL,NULL,NULL,NULL,NULL,NULL,NULL,NULL,0,0,0,NULL,NULL,NULL,NULL,0),(66,32476,'movie','Снігова королева','Снігова королева',NULL,NULL,NULL,NULL,NULL,0,'2026-02-09 15:21:26','2026-02-09 15:21:26',NULL,NULL,NULL,NULL,'2026-02-09 15:21:26',2025,NULL,'1080p','Сюжет розповідає про юну дівчинку Герду, яка вирушає в небезпечну подорож на північ, щоб врятувати свого найкращого друга Кая, якого викрала зла Снігова королева і тримає полоненим у своєму крижаному палаці далеко на півночі Норвегії, в регіоні Фіннмарк. Під час подорожі Герда долає численні випробування, заводить нових друзів серед людей, птахів, тварин і навіть відьом, не підозрюючи, що її таємно переслідує сама королева та її учень-чортеня Людвіг. Мультфільм є сучасною адаптацією класичного однойменного казкового оповідання Ганса Крістіана Андерсена, але з норвезьким колоритом та акцентом на північні ландшафти Фіннмарку.',NULL,'https://uakino.best/uploads/mini/poster/cc/97e107cde0ea59b9bc7eba21249767.jpg','1 год 25 хв',NULL,NULL,'0+',NULL,NULL,NULL,NULL,NULL,NULL,NULL,NULL,NULL,NULL,0,0,0,NULL,NULL,NULL,NULL,0),(67,32474,'movie','Сага про Бйорна','Сага про Бйорна',NULL,NULL,NULL,NULL,NULL,0,'2026-02-09 15:21:28','2026-02-09 15:21:28',NULL,NULL,NULL,NULL,'2026-02-09 15:21:28',2011,NULL,'HD 720p','Датський короткометражний мультфільм, овіяний суворим скандинавським фольклором, розповідає про літнього, але все ще неймовірно войовничого вікінга Бйорна. Відчуваючи, як роки беруть своє, відважний воїн шукає гідного суперника, щоб полягти в чесному бою і відправитися, згідно з повір\'ями свого народу, бенкетувати з могутнім Одіном, а також його свитою, в сяючі палати Вальгалли. Одна тільки думка про те, що в силу свого похилого віку він може все загробне життя коротати в найнуднішому Хельхеймі, замість вічного бенкету зі старшим богом і найдоблеснішими воїнами, просто зводить несамовитого старого з розуму. І він хоробро поспішає кинути виклик кожному воїну, який зустрічається йому на шляху. Але як виявилося, героїчно зустріти смерть у поєдинку – завдання далеко не з легких...',NULL,'https://uakino.best/uploads/mini/poster/e0/1838c5ec4ed338a5717160a594f3f1.jpg','7 хв',NULL,NULL,NULL,NULL,NULL,NULL,NULL,NULL,NULL,NULL,NULL,NULL,NULL,0,0,0,NULL,NULL,NULL,NULL,0),(68,31200,'tv-series','Могутня Дев\'ятка 1 сезон','Могутня Дев\'ятка 1 сезон',NULL,NULL,NULL,NULL,NULL,1,'2026-02-09 15:21:31','2026-02-09 15:21:31',NULL,NULL,NULL,NULL,'2026-02-09 15:21:31',2025,NULL,'1080p','У темних куточках континенту Вайлдмаунт, де дві могутні імперії стоять на порозі війни, а древні прокляття прокидаються від сну, доля зіштовхує докупи дев\'ятеро найдивніших і абсолютно безвідповідальних авантюристів: колишній моряк з голосом техаського ковбоя і підозрілим покровителем у глибинах моря; весела тіфлінг-клірик, яка малює фалоси на стінах і вірить у богиню жартів; геніальний, але травмований чарівник, який боїться власного вогню; кобольд-алкоголічка, яка краде все, що погано лежить, і ненавидить воду; монахиня-бунтарка, вигнана з монастиря за надмірну жорстокість; цирковий шарлатан-тіфлінг з рогатим-павичем і нульовою пам\'яттю про своє минуле; та мовчазна варварка з крилами ангела й демонами в голові. Вони називають себе Могутньою Дев\'яткою!',NULL,'https://uakino.best/uploads/mini/serial/cf/c1ff6380452a777e18929720945033.jpg',NULL,NULL,NULL,NULL,NULL,NULL,NULL,NULL,NULL,NULL,NULL,NULL,NULL,NULL,0,0,0,NULL,NULL,NULL,NULL,0),(69,32457,'tv-series','Little Baby Bum: Музичний клас 2 сезон','Little Baby Bum: Музичний клас 2 сезон',NULL,NULL,NULL,NULL,NULL,1,'2026-02-09 15:21:35','2026-02-09 15:21:35',NULL,NULL,NULL,NULL,'2026-02-09 15:21:35',2024,NULL,'1080p','В другому сезоні навчання також відбувається виключно через пісні, танці, ритм та веселі пригоди в чарівному дошкільному закладі «Музичний час», де група маленьких друзів — допитлива та добра Mia, енергійний Maкс, творча та мрійлива Мейпл, веселий Ахан, Барі та інші — щодня приходять на заняття під керівництвом доброї, креативної та завжди усміхненої вчительки Пані Тімберлі.Сезон розширює теми порівняно з першим: тут більше уваги приділяється емоціям, які передає музика (голосно/тихо, щасливо/смутно), ритму та паузам, музичним інструментам (тамбурини, клавіатура), груповій взаємодії (паради, котячий хор, спів у канон), базовим навичкам гігієни (чищення зубів), прибиранню, привітанням різними мовами світу, сезонним святам (наприклад, Гелловін із костюмами) та простим поняттям темпу й мелодії.',NULL,'https://uakino.best/uploads/mini/serial/5a/d1b5ab39e271a7b1996449ae17d9e6.jpg',NULL,NULL,NULL,NULL,NULL,NULL,NULL,NULL,NULL,NULL,NULL,NULL,NULL,NULL,0,0,0,NULL,NULL,NULL,NULL,0),(70,24970,'tv-series','Токіо на повному газі 1 сезон','Токіо на повному газі 1 сезон',NULL,NULL,NULL,NULL,NULL,1,'2026-02-09 15:21:38','2026-02-09 15:21:38',NULL,NULL,NULL,NULL,'2026-02-09 15:21:38',2024,NULL,'1080p','Події відбуваються в сліпучому, але антиутопічному Токіо через століття. Це місто, де технології еволюціонували, щоб домінувати в усіх аспектах життя. Міністерство цифрових технологій контролює мегаполіс, забезпечуючи безперебійне функціонування системи і не зводячи очей з кожного жителя. Для більшості жителів Токіо ця відсутність конфіденційності - невелика плата за зручність і комфорт, які забезпечує система. Тих небагатьох, хто наважується поставити під сумнів статус-кво або чинити опір контролю міністерства, швидко оголошують вигнанцями. З ними розбирається підрозділ правоохоронних органів.Серед цих вигнанців - блискуча, але бунтівна хакерка Кай, що володіє гострим розумом. Певні вчинки в цифровому світі зробили її ціллю для Міністерства цифрових технологій. Коли одна з її сміливих авантюр йде шкереберть, Кай опиняється в бігах. Втеча приводить дівчину в суворі глибинки Токіо, де вона натрапляє на Гараж Суми, в якому мешкає група механіків-невдах і заколотників, що живуть поза мережею. До групи входять лідер Х\'юго, самовпевнений і винахідливий механік Споук, блискучий кодер із загадковим минулим Ватарі і відчайдушний пілот Юкіо.',NULL,'https://uakino.best/uploads/mini/serial/e3/f52517bbf7dde482bd88f67946e55c.jpg',NULL,NULL,NULL,NULL,NULL,NULL,NULL,NULL,NULL,NULL,NULL,NULL,NULL,NULL,0,0,0,NULL,NULL,NULL,NULL,0),(71,32432,'movie','Зоотрополіс 2','Зоотрополіс 2',NULL,NULL,NULL,NULL,NULL,0,'2026-02-09 15:21:40','2026-02-09 15:21:40',NULL,NULL,NULL,NULL,'2026-02-09 15:21:40',2025,NULL,'1080p','Події мультфільму знову розгортаються у Зоотрополісі, де офіцери поліції Джуді Гопс і Нік Вайлд, попри свій попередній успіх, усе ще змушені доводити, що вони справжні детективи, гідні довіри керівництва й міста. Їхнє становище різко погіршується після несанкціонованого розслідування справи про контрабанду, яке через ланцюг помилок перетворюється на гучний публічний провал, і шеф Бого всерйоз погрожує розділити напарників. У відчайдушній спробі реабілітуватися Джуді й Нік беруться за останню ниточку — свідчення про загадкову змію, помічену біля місця злочину, що виводить їх на слід Ґері ДеСнейка, втікача-пітона, одержимого ідеєю викрити таємницю кліматичних погодних стін, які контролюють погоду в місті.',NULL,'https://uakino.best/uploads/mini/poster/c4/75d18a8e9d9c9969a9a5cbfd25fa7f.jpg','1 год 47 хв',NULL,NULL,'0+',NULL,NULL,NULL,NULL,NULL,NULL,NULL,NULL,NULL,NULL,0,0,0,NULL,NULL,NULL,NULL,0),(72,27168,'tv-series','Бути героєм Х 1 сезон','Бути героєм Х 1 сезон',NULL,NULL,NULL,NULL,NULL,1,'2026-02-09 15:21:44','2026-02-09 15:21:44',NULL,NULL,NULL,NULL,'2026-02-09 15:21:44',2025,NULL,'1080p','Героями не народжуються, героями стають! Ці слова вдвічі справедливі для альтернативного світу, в якому героєм може стати кожен, а, точніше, будь-яка людина, яка заслужила достатню кількість людської довіри. Як дізнатися, що ти здатний на подвиги і заробив достатню кількість поваги? Дуже просто. Різноманітні дані, що стосуються громадської думки, рейтинги популярності та інші важливі відомості щодо конкретного індивідуума, автоматично збираються, аналізуються і відображаються на спеціальному девайсі, який можна носити на зап\'ясті. Варто тільки набрати потрібну кількість балів довіри, і звичайнісінька людина може набути надздібностей і перевтілитися в супергероя, який врятує світ!',NULL,'https://uakino.best/uploads/mini/serial/e7/09f2df4c47f28f50dad57d9606a064.jpg',NULL,NULL,NULL,NULL,NULL,NULL,NULL,NULL,NULL,NULL,NULL,NULL,NULL,NULL,0,0,0,NULL,NULL,NULL,NULL,0),(73,31778,'tv-series','Крапополіс 3 сезон','Крапополіс 3 сезон',NULL,NULL,NULL,NULL,NULL,1,'2026-02-09 15:21:47','2026-02-09 15:21:47',NULL,NULL,NULL,NULL,'2026-02-09 15:21:47',2025,NULL,'1080p','Третій сезон продовжує сатиричну анімаційну подорож у хаотичний світ міфічної Давньої Греції, де недосконала родина богів, напівбогів і людей намагається керувати одним із перших міст в історії людства — і робить це вкрай невдало. У центрі подій знову опиняється Тиранніс — напівбог, напівлюдина, який щосили намагається бути раціональним правителем серед родичів, що уособлюють егоїзм, марнославство, пияцтво та божественну безвідповідальність. Його мати-мантикора Делірія, батько-бог Шлюб, сестра Ступендія та брат Шлуб і надалі створюють абсурдні проблеми, які загрожують зруйнувати крихкий порядок у Крапополісі.',NULL,'https://uakino.best/uploads/mini/serial/0c/70b33dca8d440e69623c077ca2d5e4.jpg',NULL,NULL,NULL,NULL,NULL,NULL,NULL,NULL,NULL,NULL,NULL,NULL,NULL,NULL,0,0,0,NULL,NULL,NULL,NULL,0),(74,22393,'tv-series','Вибухові кошенята 1 сезон','Вибухові кошенята 1 сезон',NULL,NULL,NULL,NULL,NULL,1,'2026-02-09 15:21:50','2026-02-09 15:21:50',NULL,NULL,NULL,NULL,'2026-02-09 15:21:50',2024,NULL,'1080p','Одвічна боротьба добра зі злом набуває досить незвичайної форми. Всевишній вирішив особисто відвідати Землю, але щоб не викликати підозр вселився в тіло вгодованого білого кота. Диявол сприйняв такий крок як виклик і теж скористався тушкою чорного чотирилапого, щоб приєднатися до веселощів. Тепер два одвічних антагоніста втираються в довіру до різних персонажів, як сторонні спостерігачі розбираються в непростих життєвих проблемах людей. У кожного є \"господар\", що забезпечує кормом і розвагами, тому відігравати роль домашнього вихованця теж доводиться. Утім, усі звикли до незалежного характеру котиків і з цим проблем не виникає.',NULL,'https://uakino.best/uploads/mini/serial/bd/bb95b503dbcc9501f87befc27fef21.jpg',NULL,NULL,NULL,NULL,NULL,NULL,NULL,NULL,NULL,NULL,NULL,NULL,NULL,NULL,0,0,0,NULL,NULL,NULL,NULL,0),(75,22954,'tv-series','Русалонька 3 сезон','Русалонька 3 сезон',NULL,NULL,NULL,NULL,NULL,1,'2026-02-09 15:21:54','2026-02-09 15:21:54',NULL,NULL,NULL,NULL,'2026-02-09 15:21:54',1994,NULL,'1080p','Аріель - допитлива дочка Тритона, яка цікавиться всім на світі. На перший погляд здається, що дівчина нічим не відрізняється від родичів, але на відміну від численних сестер і братів, їй постійно хочеться дізнатися побільше про світ, де живуть звичайні люди. Вона проводить багато часу за пошуками предметів, що раніше належали простим людям. У неї навіть є особливе місце, для зберігання знахідок - старий затонулий корабель. Чарівна принцеса разом із вірними товаришами - крабом Себастьяном, який вічно бурчить на витівки подруги, а також маленькою рибкою Флаундером, весь час стають учасниками дивовижних пригод. Але в підводному царстві є й моторошні персонажі, які мають намір нашкодити правителю та його родині.',NULL,'https://uakino.best/uploads/mini/serial/f6/b23bc36481cbb0b1bd82ed9012baf3.jpg',NULL,NULL,NULL,NULL,NULL,NULL,NULL,NULL,NULL,NULL,NULL,NULL,NULL,NULL,0,0,0,NULL,NULL,NULL,NULL,0),(76,28267,'tv-series','Русалонька 2 сезон','Русалонька 2 сезон',NULL,NULL,NULL,NULL,NULL,1,'2026-02-09 15:21:57','2026-02-09 15:21:57',NULL,NULL,NULL,NULL,'2026-02-09 15:21:57',1993,NULL,'1080p','Аріель, як і раніше, допитлива, смілива та захоплена світом людей. Разом із вірними друзями — Флаундером, Себастьяном та Скателом — вона потрапляє в різні пригоди, які нерідко суперечать заборонам її батька, царя Тритона. У другому сезоні розкриваються нові глибини підводного світу, з’являються нові персонажі та зловісні антагоністи. Аріель намагається зрозуміти свою роль як принцеси, досліджує магічні артефакти, допомагає друзям у біді та часом виявляється в небезпеці через власну імпульсивність. Серед яскравих епізодів сезону — пригоди з морськими чудовиськами, суперечки з іншими підводними істотами, порятунок Атлантики від чарівної загрози, а також кілька теплих, комедійних історій про життя під водою.',NULL,'https://uakino.best/uploads/mini/serial/63/e2ea16b3a07c2243c3e20e243faead.png',NULL,NULL,NULL,NULL,NULL,NULL,NULL,NULL,NULL,NULL,NULL,NULL,NULL,NULL,0,0,0,NULL,NULL,NULL,NULL,0),(77,28266,'tv-series','Русалонька 1 сезон','Русалонька 1 сезон',NULL,NULL,NULL,NULL,NULL,1,'2026-02-09 15:22:00','2026-02-09 15:22:00',NULL,NULL,NULL,NULL,'2026-02-09 15:22:00',1992,NULL,'1080p','Мультсеріал розповідає про пригоди Аріель та її друзів у чотирнадцятирічному віці. Від її першої відомої неприємності з Урсулою до зібрання значної колекції людських предметів, анімаційний серіал ілюструє подорож принцеси, яка проходить через своє дорослішання. Також представлені нові персонажі, такі як друг-морський хлопець Аріель (сирота на ім\'я Урчін, якого вся її родина вважала молодшим братом), снобіст-морський хлопець на ім\'я Перл, бандит-омар, Зла Манта, родина Себастьяна та косатка, яку Аріель назвала «Пляма».',NULL,'https://uakino.best/uploads/mini/serial/e4/30751ade36953923c0cc821fbcfb6c.png',NULL,NULL,NULL,NULL,NULL,NULL,NULL,NULL,NULL,NULL,NULL,NULL,NULL,NULL,0,0,0,NULL,NULL,NULL,NULL,0),(78,29617,'tv-series','Клітка духу: Втілення 1 сезон','Клітка духу: Втілення 1 сезон',NULL,NULL,NULL,NULL,NULL,1,'2026-02-09 15:22:04','2026-02-09 15:22:04',NULL,NULL,NULL,NULL,'2026-02-09 15:22:04',2019,NULL,'1080p','Події відбуваються в найближчому майбутньому. Людство страждає від перенаселення і наважується досліджувати космос у пошуках нового дому. Однак ці грандіозні плани порушуються великомасштабною катастрофою, викликаною зміщенням Місяця з орбіти. Земля буквально тріщить по швах, переживаючи один землетрус за іншим, і це триває десятиліттями.Людство стерте з лиця Землі. Коли, нарешті, все припиняється, ті деякі, кому дивом вдалося вижити, опиняються в абсолютно новому незвичному, але начебто знайомому світі. Чи зможуть люди, які одного разу були господарями світу, зберегти своє домінуюче становище?',NULL,'https://uakino.best/uploads/mini/serial/56/9c8213165ffa6f9298070638f6481e.jpg',NULL,NULL,NULL,NULL,NULL,NULL,NULL,NULL,NULL,NULL,NULL,NULL,NULL,NULL,0,0,0,NULL,NULL,NULL,NULL,0),(79,32327,'tv-series','LEGO Сни: Випробування мисливця за снами 2 сезон','LEGO Сни: Випробування мисливця за снами 2 сезон',NULL,NULL,NULL,NULL,NULL,1,'2026-02-09 15:22:07','2026-02-09 15:22:07',NULL,NULL,NULL,NULL,'2026-02-09 15:22:07',2024,NULL,'1080p','Сюжет розгортається навколо Матео, Ізі, Купера, Логана і Зої — друзів і членів секретної агентури Нічного бюро, що бореться проти темних сил, які вириваються з глибин Мрійливого світу, при цьому взаємодія між персонажами розкриває їхню глибоку дружбу, страхи та прагнення знайти себе у складних обставинах.Другий сезон починається з того, що могутня злодійка виривається з ув’язнення в Мутному царстві, де її тримав король Кошмарів, і одразу ж починає використовувати свої магічні здібності, щоб викрадати спогади, створювати злі двійники друзів-мисливців за снами та захоплювати окремі царства сновидінь у непроникні куполи руйнування, загрожуючи самому існуванню світу сновидінь. Протягом сезону команда мандрує різними фантастичними локаціями, намагаючись розгадати змову, повернути викрадені спогади та знайти спосіб зупинити головний заклинальний план, що може назавжди стерти саму суть мрій.',NULL,'https://uakino.best/uploads/mini/serial/8d/a37358a6b26f4f0c4846fd9df64b2e.jpg',NULL,NULL,NULL,NULL,NULL,NULL,NULL,NULL,NULL,NULL,NULL,NULL,NULL,NULL,0,0,0,NULL,NULL,NULL,NULL,0),(80,24370,'tv-series','Ґандам: Реквієм за помстою / Гандам: Реквієм за помстою 1 сезон','Ґандам: Реквієм за помстою / Гандам: Реквієм за помстою 1 сезон',NULL,NULL,NULL,NULL,NULL,1,'2026-02-09 15:22:10','2026-02-09 15:22:10',NULL,NULL,NULL,NULL,'2026-02-09 15:22:10',2024,NULL,'1080p','Історія розгортається в останні місяці Однорічної війни, захоплюючи напружену і хаотичну атмосферу цього кульмінаційного періоду. Оповідання заглиблюється в складнощі війни Зіону за незалежність, зображуючи боротьбу обох сторін, поки вони долають суворі реалії війни. Стратегічний наступ Федерації Землі та опір Зіону сходяться у Східній Європі, де доля бази - і, можливо, всього людства - висить на волосині. Упродовж цього періоду конфлікт є не лише битвою військової могутності в прагненні до незалежності та свободи з одного боку та бажанні відновити контроль - з іншого, а й зіткненням ідеологій та бачень майбутнього людства.',NULL,'https://uakino.best/uploads/mini/serial/7b/29d003340f499f83b7b7106552e641.jpg',NULL,NULL,NULL,NULL,NULL,NULL,NULL,NULL,NULL,NULL,NULL,NULL,NULL,NULL,0,0,0,NULL,NULL,NULL,NULL,0),(81,6170,'tv-series','Межа / Грань 2 сезон','Межа / Грань 2 сезон',NULL,NULL,NULL,NULL,NULL,1,'2026-02-09 15:22:21','2026-02-09 15:22:43',NULL,NULL,NULL,NULL,'2026-02-09 15:22:21',2009,NULL,'1080p','Триває робота унікальної урядової групи на чолі з Олівією Данем і її друзями: геніальними вченими Пітером і Уолтером. Ще в першому сезоні чоловіки зуміли з\'ясувати дещо цікаве про природу тих вірусів, що раптово з\'являлися у цілком здорових людей під час пошуку пособів протидії інфекції та іншим аномаліям, вони зіткнулися з жорстокими «Спостерігачами», чиїм завданням є якщо не знищення планети в цілому, то вже людської цивілізації так точно. Дізнавшись про небезпеку наші герої вступили в нерівну сутичку з ворогами. Чим обернеться для цих «нещасних» другий сезон фантастичного серіалу? Які випробування будуть підстерігати їх тепер? Чи зуміють вони виконати покладене на них завдання, або на цей раз все ж зламаються?',NULL,'https://uakino.best/uploads/mini/serial/1b/08e24ccc47dd9249b5b820e558758f.jpg',NULL,NULL,NULL,NULL,NULL,NULL,NULL,NULL,NULL,NULL,NULL,NULL,NULL,NULL,0,0,0,NULL,NULL,NULL,NULL,0),(82,32590,'tv-series','Я кохаю тебе 1 сезон','Я кохаю тебе 1 сезон',NULL,NULL,NULL,NULL,NULL,1,'2026-02-09 15:22:47','2026-02-09 15:22:47',NULL,NULL,NULL,NULL,'2026-02-09 15:22:47',2025,NULL,'1080p','Цей серіал побудований як антологія з семи незалежних історій, кожна з яких триває чотири епізоди. Кожна історія розповідає про людей, які звертаються до надприродних сил (му — тайська віра в магію, забобони, ворожбу, ритуали та «енергію» Всесвіту), щоб досягти своїх цілей — від успішної кар’єри та навчання до справжнього кохання. Теми включають пошук любові в несподіваних місцях: від «кохання для підвищення оцінки» через ворожбу, романтики між заклятими ворогами, боротьби групи квір-студентів, які відчувають брак чоловічої уваги, до сімейних таємниць, трансгендерних персонажів, впливу культів і навіть впливу знаменитостей.',NULL,'https://uakino.best/uploads/mini/serial/1a/1f712f84bf3ae7365b700f5dc7f9f9.jpg',NULL,NULL,NULL,NULL,NULL,NULL,NULL,NULL,NULL,NULL,NULL,NULL,NULL,NULL,0,0,0,NULL,NULL,NULL,NULL,0),(83,32589,'tv-series','Нічний адміністратор 2 сезон','Нічний адміністратор 2 сезон',NULL,NULL,NULL,NULL,NULL,1,'2026-02-09 15:22:50','2026-02-09 15:22:50',NULL,NULL,NULL,NULL,'2026-02-09 15:22:50',2026,NULL,'HD 720p','Події розгортаються через дев’ять років після фіналу першого сезону: Джонатан Пайн вважає, що його місія в Єгипті завершилася успішно — Річард Ропер нібито мертвий після захоплення сирійцями. Тепер Пайн живе під новим іменем Алекс Гудвін і працює в MI6 у скромній лондонській групі «Нічні сови», яка стежить за підозрілою активністю в готелях. Але спокійне життя руйнується, коли Пайн випадково натикається на слід колишнього найманця Ропера, що змушує його повернутися до активної оперативної роботи. Розслідування приводить до Колумбії, де головним антагоністом стає молодий, харизматичний і небезпечний торговець зброєю Тедді Дос Сантос — персонаж, який поєднує в собі холодний розрахунок, зовнішню привабливість і приховану вразливість. Пайн проникає в його оточення під новим прикриттям мільйонера Метью Елліса, і тут на сцену виходить Роксана Боланьос — колумбійсько-американська бізнесвумен, яка стає ключовою особою в цій історії.',NULL,'https://uakino.best/uploads/mini/serial/a8/11e998787d79481e120dae353069d7.jpg',NULL,NULL,NULL,NULL,NULL,NULL,NULL,NULL,NULL,NULL,NULL,NULL,NULL,NULL,0,0,0,NULL,NULL,NULL,NULL,0),(84,32248,'tv-series','Мандрівники 1 сезон','Мандрівники 1 сезон',NULL,NULL,NULL,NULL,NULL,1,'2026-02-09 15:22:53','2026-02-09 15:22:53',NULL,NULL,NULL,NULL,'2026-02-09 15:22:53',2016,NULL,'1080p','Серіал розгортається у похмурому постапокаліптичному майбутньому, де людство стоїть на межі остаточного занепаду, а єдиною надією на порятунок стає радикальне втручання в минуле. Тисячі спеціально підготовлених агентів, відомих як «мандрівники», отримують завдання запобігти ключовим катастрофам, які призвели до руйнування цивілізації. Їхню свідомість із майбутнього надсилають у XXI століття та переносять у тіла людей, яким зафіксовано неминучу смерть, що дозволяє мінімізувати будь-який небажаний вплив на хід історії. Кожне перенесення можливе лише за наявності точних координат місця і часу — даних, зібраних і заархівованих завдяки сучасним смартфонам, GPS і цифровим слідам, які людство залишає після себе, причому жодна нова місія не може бути відправлена в період раніше вже здійсненого втручання. Оселившись у «господарських» тілах, мандрівники змушені досконало вивчити життя своїх носіїв через соціальні мережі, публічні записи та особисті архіви, аби до кінця днів підтримувати їхнє попереднє існування як прикриття. Працюючи командами по п’ять осіб, вони виконують завдання, продиктовані Директором — надпотужним квантовим штучним інтелектом, який спостерігає за часовою лінією з майбутнього і холодно зважує кожне життя в ім’я виживання людства. Єдиний спосіб безпечного зв’язку Директора з минулим — короткочасне «оживлення» дітей допубертатного віку, чия свідомість здатна витримати таке втручання без смертельних наслідків.',NULL,'https://uakino.best/uploads/mini/serial/2d/8129e245ad0b9ad2d838c6d27b8db1.jpg',NULL,NULL,NULL,NULL,NULL,NULL,NULL,NULL,NULL,NULL,NULL,NULL,NULL,NULL,0,0,0,NULL,NULL,NULL,NULL,0),(85,6332,'tv-series','Мисливці за чужими / Торчвуд 4 сезон','Мисливці за чужими / Торчвуд 4 сезон',NULL,NULL,NULL,NULL,NULL,1,'2026-02-09 15:22:57','2026-02-09 15:22:57',NULL,NULL,NULL,NULL,'2026-02-09 15:22:57',2010,NULL,'1080p','\"Торчвуд\" це один з наймасштабніших підрозділів, який займається затриманням злочинців, боротьбою з такими діяннями. Вони працюють у Великобританії, Джек і його напарниця шукають скрізь і всюди людей, які замишляють щось погане. Але тепер у них є транспорт, за допомогою якого вони можуть швидше пересуватися. Тепер їх команда складається з кращих агентів, як це буває зазвичай найнеобхідніші люди по боротьбі зі злочинцями, адже не знаєш що тебе чекає, коли проводиш операцію. У своїй роботі вони зустрічають дуже багато перешкод, з якими їм не так вже й легко впоратися, але все ж вони йдуть до кінця. Цей серіал, трохи не підходить для дитячого мислення, тому його бажано дітям не показувати, ну а для дорослих дуже інтригуючий серіал, де глядач дивитиметься не відриваючи свій погляд ні на хвилину.',NULL,'https://uakino.best/uploads/mini/serial/24/6b5500bdb5868b3be95f794a0567b4.jpg',NULL,NULL,NULL,NULL,NULL,NULL,NULL,NULL,NULL,NULL,NULL,NULL,NULL,NULL,0,0,0,NULL,NULL,NULL,NULL,0),(86,32575,'tv-series','Записки середньої школи / Зустрінемося після школи 1 сезон','Записки середньої школи / Зустрінемося після школи 1 сезон',NULL,NULL,NULL,NULL,NULL,1,'2026-02-09 15:23:01','2026-02-09 15:23:01',NULL,NULL,NULL,NULL,'2026-02-09 15:23:01',2018,NULL,'1080p','Історія починається в маленькій сільській початковій середній школі Кобоші. Хіджирі Суенага — молода вчителька, яка щойно закінчила університет і приїхала працювати за розподілом. Вона заручена з хлопцем, з яким зустрічалася ще зі студентських років, і планує спокійне, правильне життя.Акіра Куроіва — один із її учнів, тихий, замкнутий хлопець, який майже нічого не знає про кохання. Він починає відчувати щось сильне до своєї нової класної керівниці — спочатку це просто захоплення, потім симпатія, а потім справжнє, болісне, всепоглинаюче кохання. Хіджирі спочатку ставиться до нього як до звичайного учня, але поступово починає помічати його погляди, слова, поведінку… і сама не розуміє, чому її серце починає реагувати.',NULL,'https://uakino.best/uploads/mini/serial/f0/ebb8e217519a95574348afd181820d.jpg',NULL,NULL,NULL,NULL,NULL,NULL,NULL,NULL,NULL,NULL,NULL,NULL,NULL,NULL,0,0,0,NULL,NULL,NULL,NULL,0),(87,32574,'tv-series','Ненавиджу Різдво 2 сезон','Ненавиджу Різдво 2 сезон',NULL,NULL,NULL,NULL,NULL,1,'2026-02-09 15:23:04','2026-02-09 15:23:04',NULL,NULL,NULL,NULL,'2026-02-09 15:23:04',2023,NULL,'1080p','Другий сезон починається з флешбеку, який швидко повертає нас у теперішнє після того, як у фіналі першого сезону Джанна відчиняє двері на Святвечір і бачить перед собою людину, яку точно не очікувала. Від цього моменту історія розгортається навколо кількох паралельних ліній: романтичний хаос, сімейні конфлікти, внутрішні сумніви й постійна боротьба між бажанням мати «ідеальне Різдво» та реальністю, в якій ідеальних свят не буває.Джанна знову опиняється в центрі безладу — вона робить сумнівні рішення, бреше близьким, намагається одночасно догодити всім і при цьому не втратити себе. Сім’я Джанни залишається такою ж галасливою, люблячою й водночас дуже тиснучою. Батьки, сестра, тітки, дядьки — усі вони зі своїми очікуваннями, традиціями та коментарями створюють атмосферу, в якій Джанна почувається одночасно захищеною і задушеною. Саме сімейні ритуали (приготування страв, прикрашання ялинки, різдвяні вечері) стають для неї якорем, але водночас і джерелом величезного стресу.',NULL,'https://uakino.best/uploads/mini/serial/68/6690ee6aacc3b6682e57e0f28c65fe.jpg',NULL,NULL,NULL,NULL,NULL,NULL,NULL,NULL,NULL,NULL,NULL,NULL,NULL,NULL,0,0,0,NULL,NULL,NULL,NULL,0),(88,31189,'tv-series','Під шкірою 1 сезон','Під шкірою 1 сезон',NULL,NULL,NULL,NULL,NULL,1,'2026-02-09 15:23:08','2026-02-09 15:23:08',NULL,NULL,NULL,NULL,'2026-02-09 15:23:08',2022,NULL,'1080p','П’ять років тому талановитий художник Шень І ненароком став причиною трагедії: його ескіз дитини привів до викриття й загибелі детектива під прикриттям Лей Їфея — найближчого друга слідчого Ду Чена. Не пам’ятаючи жінку, яка попросила зробити той фатальний малюнок, Шень І досі живе з провиною.Сьогодні він приєднується до Бюро громадської безпеки Хайчену як портретист, що одразу викликає лють і недовіру з боку Ду Чена. Попри напружені стосунки, Шень І демонструє нестандартне мислення, допомагаючи розкривати складні справи. Змушені працювати в одній команді, герої поступово починають розуміти один одного.',NULL,'https://uakino.best/uploads/mini/serial/1e/5825ed7974cd4f266bb907362cd14b.jpg',NULL,NULL,NULL,NULL,NULL,NULL,NULL,NULL,NULL,NULL,NULL,NULL,NULL,NULL,0,0,0,NULL,NULL,NULL,NULL,0),(89,32175,'tv-series','Серед снігової бурі кохання / Посеред хуртовини 1 сезон','Серед снігової бурі кохання / Посеред хуртовини 1 сезон',NULL,NULL,NULL,NULL,NULL,1,'2026-02-09 15:23:11','2026-02-09 15:23:11',NULL,NULL,NULL,NULL,'2026-02-09 15:23:11',2024,NULL,'1080p','Колишній професійний гравець у снукер Лінь Їян, який колись вважався справжнім вундеркіндом і сенсацією спортивної арени, давно залишив минуле позаду після гучного та болісного скандалу, що змусив його у розпалі кар’єри публічно оголосити про завершення шляху. У ту ж зимову ніч, коли місто накриває рідкісна снігова буря, його життя несподівано перетинається з Інь Ґо — відомою спортсменкою з найм-болу, цілеспрямованою, дисциплінованою та вже визнаною у професійному середовищі. Завдяки невимушеному посередництву кузена Інь Ґо між ними поступово виникає теплий зв’язок, що виходить далеко за межі випадкового знайомства, і в процесі спілкування дівчина дізнається про справжню історію Лінь Їяна, його колишню славу, юнацьку гордість і фатальну помилку, коли через незгоду з рішенням судді він, осліплений емоціями, сам зруйнував власну кар’єру...',NULL,'https://uakino.best/uploads/mini/serial/62/b3f81bbbc98d363f3666f439739fdb.jpg',NULL,NULL,NULL,NULL,NULL,NULL,NULL,NULL,NULL,NULL,NULL,NULL,NULL,NULL,0,0,0,NULL,NULL,NULL,NULL,0),(90,12755,'tv-series','Лікарка Дугі Камеалоха 1 сезон','Лікарка Дугі Камеалоха 1 сезон',NULL,NULL,NULL,NULL,NULL,1,'2026-02-09 15:23:15','2026-02-09 15:23:15',NULL,NULL,NULL,NULL,'2026-02-09 15:23:15',2021,NULL,'1080p','Головна героїня – переконана оптимістка. Все тому, що вона рятує життя людей, а як же можна рятувати життя людей і не вірити в успіх? Цьому її навчив батько, який працює разом із нею лікарем. Вони багато досягли, але не збираються зупинятися на досягнутому. Незважаючи на свій молодий вік, дівчина подає дуже великі надії. Багато лікарів навіть із досвідом намагаються на неї рівнятися, а їй лише 16. Вона ще навчається у школі у старших класах, планує своє майбутнє і поки не визначилася – чи готова вона стати лікарем? Пройти таку практику варто і їй залишається лише зрозуміти, що ж на неї чекає далі в майбутньому.Зрозуміти це непросто, тим більше зараз. Коли всі довкола тільки й думають про своє майбутнє і намагаються планувати свій час, героїня не думає про те, що вона готова вдатися до будь-яких заходів заради свого порятунку. Їй здається, що вона встигне врятувати і себе, і випускний бал, але пізніше, а ось зараз їй найбільше потрібно лише зробити щось хороше для себе. Себе особисто вона балує рідко, але має намір цю справу виправити. Так починається історія, в якій героїня зовсім не готова відступати від своїх принципів і працювати кожен день у лікарні, де на неї чекають дуже великі випробування та випускні іспити.',NULL,'https://uakino.best/uploads/mini/serial/ec/61549ad0ef20082241abf1d3bae27b.jpg',NULL,NULL,NULL,NULL,NULL,NULL,NULL,NULL,NULL,NULL,NULL,NULL,NULL,NULL,0,0,0,NULL,NULL,NULL,NULL,0),(91,32220,'tv-series','Суддя І Ханьон 1 сезон','Суддя І Ханьон 1 сезон',NULL,NULL,NULL,NULL,NULL,1,'2026-02-09 15:23:18','2026-02-09 15:23:18',NULL,NULL,NULL,NULL,'2026-02-09 15:23:18',2026,NULL,'1080p','Серіал розповідає історію Лі Хан-Йонга, який, попри скромне походження та навчання в непопулярному університеті, став суддею і одружився з донькою директора впливового юридичного бюро Хенал. Спочатку він використовував свою посаду на користь бюро, але з часом у ньому прокидається почуття провини. Одного дня, всупереч наказам і тиску, Хан-Йонг засуджує до довічного ув’язнення корумпованого бізнесмена, за що втрачає життя. Таємничим чином він повертається у минуле — на десять років раніше — зі збереженими спогадами, отримавши шанс виправити помилки та боротися за справедливість. Разом із прокуроркою Кім Джин-А вони намагаються покарати винних і встановити справедливість, використовуючи знання майбутнього та власний досвід.',NULL,'https://uakino.best/uploads/mini/serial/c6/2c7daf2f5168cbf6dc701871b471bb.jpg',NULL,NULL,NULL,NULL,NULL,NULL,NULL,NULL,NULL,NULL,NULL,NULL,NULL,NULL,0,0,0,NULL,NULL,NULL,NULL,0),(92,32572,'tv-series','Наша планета 1 сезон','Наша планета 1 сезон',NULL,NULL,NULL,NULL,NULL,1,'2026-02-09 15:23:22','2026-02-09 15:23:22',NULL,NULL,NULL,NULL,'2026-02-09 15:23:22',2019,NULL,'1080p','Це один із найамбітніших і візуально вражаючих проєктів у жанрі природничих документальних фільмів минулого десятиліття, який поєднує приголомшливу кінематографію з потужним екологічним меседжем. Кожен епізод показує не тільки неймовірну красу (кадри, які знімали понад 4 роки в 50 країнах за участю 600+ членів знімальної групи), але й прямі наслідки зміни клімату, вирубки лісів, забруднення океанів та інших людських впливів. На відміну від багатьох попередніх проєктів Аттенборо, тут екологічна проблема не просто згадується — вона є центральною частиною наративу. Є сцени, які справді розбивають серце: голодні ведмеді-полярники, що блукають без льоду, вибілені коралові рифи, масова загибель тварин через посуху тощо.',NULL,'https://uakino.best/uploads/mini/serial/91/afc9c06a75ee78e1e89f13902b65e4.jpg',NULL,NULL,NULL,NULL,NULL,NULL,NULL,NULL,NULL,NULL,NULL,NULL,NULL,NULL,0,0,0,NULL,NULL,NULL,NULL,0),(93,32571,'tv-series','Псі-фактор: Хроніки паранормальних явищ 3 сезон','Псі-фактор: Хроніки паранормальних явищ 3 сезон',NULL,NULL,NULL,NULL,NULL,1,'2026-02-09 15:23:25','2026-02-09 15:23:25',NULL,NULL,NULL,NULL,'2026-02-09 15:23:25',1998,NULL,'BD-Rip','Новий сезон починається з розв’язання кліфхенгера другого сезону: команда OSIR, попри розбрат і недовіру, змушена зібратися знову, щоб розслідувати повернення однієї з людей, яка пройшла через Арку, і яка тепер одержима бажанням повернутися туди. Пітер Аксен і Кертіс Роллінз продовжують пошуки зниклого Антона Хендрікса, Ліндсі Доннер вмовляють повернутися до команди, а Метт Прегер, який подав у відставку в кінці другого сезону, також повертається на посаду керівника кейсів. Антон Хендрікс врешті-решт з’являється назад, але в критичному стані в лікарні, і виявляється, що разом з ним повернулася його дружина Ніколь Хендрікс — жінка, яку вважали мертвою після автокатастрофи 12 років тому.',NULL,'https://uakino.best/uploads/mini/serial/8b/4af02a46155e892ce1a5e3d76d20e9.jpg',NULL,NULL,NULL,NULL,NULL,NULL,NULL,NULL,NULL,NULL,NULL,NULL,NULL,NULL,0,0,0,NULL,NULL,NULL,NULL,0),(94,32570,'tv-series','Псі-фактор: Хроніки паранормальних явищ 2 сезон','Псі-фактор: Хроніки паранормальних явищ 2 сезон',NULL,NULL,NULL,NULL,NULL,1,'2026-02-09 15:23:28','2026-02-09 15:23:28',NULL,NULL,NULL,NULL,'2026-02-09 15:23:28',1997,NULL,'BD-Rip','Після драматичного фіналу першого сезону команда OSIR втрачає двох ключових керівників кейсів — Коннера Дойла та Кертіса Роллінза. На їхнє місце приходить новий головний персонаж — Метт Прегер. Метт — харизматичний, трохи бунтарський, нестандартний кримінолог з інженерним бекграундом, який приносить у серіал більше енергії, гумору та скептицизму. Він стає лідером «А»-команди OSIR і швидко вступає в конфлікт з вищим керівництвом організації.Разом із Меттом у серіал вводиться ще один важливий персонаж — Майкл Келлі. Це похмурий параноїдальний теоретик змови, друг Метта, який постійно намагається викрити темні таємниці OSIR і вищого керівництва. Келлі додає серіалу більше конспірологічного напруження та відчуття, що організація може мати приховані, не зовсім наукові цілі.',NULL,'https://uakino.best/uploads/mini/serial/4d/11adb2d8717deb382d01de1d2589b7.jpg',NULL,NULL,NULL,NULL,NULL,NULL,NULL,NULL,NULL,NULL,NULL,NULL,NULL,NULL,0,0,0,NULL,NULL,NULL,NULL,0),(95,32569,'tv-series','Псі-фактор: Хроніки паранормальних явищ 1 сезон','Псі-фактор: Хроніки паранормальних явищ 1 сезон',NULL,NULL,NULL,NULL,NULL,1,'2026-02-09 15:23:32','2026-02-09 15:23:32',NULL,NULL,NULL,NULL,'2026-02-09 15:23:32',1996,NULL,'BD-Rip','Цей серіал став одним із найхарактерніших представників жанру паранормальних розслідувань 90-х у максимально документальному стилі. Кожен епізод подається як справжня архівна справа вигаданої організації OSIR, яка займається науковим вивченням аномальних явищ. Більшість епізодів першого сезону поділені на дві окремі історії — по одній справі в кожній половині. Це дозволяє показати дуже різноманітні паранормальні явища: полтергейст у новому будинку, викрадення інопланетянами з імплантами, демонічну одержимість, привиди в старому маєтку, людина, яка бачить майбутнє, проклятий артефакт, рептилоїди, подорожі в часі, телепатія, психокінез, паралельні світи, індіанські прокляття, експерименти з підсвідомістю та багато іншого. Кожна справа розслідується командою OSIR, яка намагається знайти наукове пояснення — використовує датчики, прилади, аналізи, тести, експерименти. Навіть коли явище здається абсолютно надприродним, персонажі не поспішають оголошувати його магією, а шукають раціональну причину.',NULL,'https://uakino.best/uploads/mini/serial/6c/a76275c40c2385283a7dff195aed56.jpg',NULL,NULL,NULL,NULL,NULL,NULL,NULL,NULL,NULL,NULL,NULL,NULL,NULL,NULL,0,0,0,NULL,NULL,NULL,NULL,0),(96,32568,'tv-series','Чудернацька наука 5 сезон','Чудернацька наука 5 сезон',NULL,NULL,NULL,NULL,NULL,1,'2026-02-09 15:23:35','2026-02-09 15:23:35',NULL,NULL,NULL,NULL,'2026-02-09 15:23:35',1997,NULL,'BD-Rip','Сюжет фокусується на пригодах 15-річного старшокласника Гері Воллеса і його приятеля, комп\'ютерного генія Ваєтта Доннеллі, які не користуються популярністю у дівчат, а також регулярно стають жертвами цькування з боку своїх однокласників. Одного разу, подивившись фільм «Наречена Франкенштейна», друзі приходять до рішення самостійно створити ідеальну жінку за допомогою потужного комп\'ютера. Неймовірним чином їхній експеримент завершується успіхом, в результаті чого на світ з\'являється Ліза, дивовижної краси дівчина, що володіє надприродними здібностями...',NULL,'https://uakino.best/uploads/mini/serial/d6/2aab59a11878b5a0ea946328ec214a.jpg',NULL,NULL,NULL,NULL,NULL,NULL,NULL,NULL,NULL,NULL,NULL,NULL,NULL,NULL,0,0,0,NULL,NULL,NULL,NULL,0),(97,8689,'tv-series','Шанс 1 сезон','Шанс 1 сезон',NULL,NULL,NULL,NULL,NULL,1,'2026-02-09 15:23:38','2026-02-09 15:23:38',NULL,NULL,NULL,NULL,'2026-02-09 15:23:38',2016,NULL,'1080p','Якщо ви є прихильником Х\'ю Лорі, то обов\'язково подивіться серіал, адже саме цьому талановитому британському акторові дісталася тут головна роль. Доктор Елдон Ченс працює у нейропсихіатрії, але крім основної своєї діяльності, займається ще й складанням експертних висновків для поліції.Сам Елдон є справжнім професіоналом з високими моральними принципами і злегка ідеалістичними уявленнями про закон і порядок. Ось тільки на своєму професійному шляху чоловікові неодноразово доводиться зіткнутися з несправедливістю і беззаконням. Поліцейські регулярно підтасовують документи, підкидають докази і підставляють тих, хто цього зовсім не гідний. Експертні дані самого Елдона часто ігноруються, що змушує його засумніватися у власному професіоналізмі.Попутно чоловік стикається і з особистими проблемами. Його відносини з дочкою підлітком перетворюються в справжній кошмар, адже дівчинка впевнена, що батько не розуміє її і не здатний зробити її життя кращим. Відчуваючи напругу на роботі, Елдон Ченс виміщує злобу на дочці, тільки збільшуючи і без того нестабільні відносини з дівчинкою. Дружина головного героя також незадоволена його постійною зайнятістю і відсутністю романтики в стосунках. Вимагаючи розлучення, вона створює лише додаткові причини для сімейних непорозумінь. .Через підтасування кількох справ і продажності копів в Сан-Франциско, головний герой змушений опинитися в центрі кримінальної змови. Справа в тому, що дружину корумпованого поліцейського звинувачують у серйозному злочині, а її чоловік готовий зробити все, аби врятувати кохану. Природна чесність не дозволяє нейропсихіатру вийти зі справи, знаючи про винність жінки і наявності у неї численних покровителів. Незважаючи на відкрите протистояння з поліцією, Елдон продовжує працювати над справою, домагаючись в результаті обвинувального вироку. Участь в цьому серйозному розслідуванні ставить під удар не тільки кар\'єру головного героя, але і життя тих, хто йому дорогий.',NULL,'https://uakino.best/uploads/mini/serial/bf/fb0d97ce33570c34bb269930571c02.jpg',NULL,NULL,NULL,NULL,NULL,NULL,NULL,NULL,NULL,NULL,NULL,NULL,NULL,NULL,0,0,0,NULL,NULL,NULL,NULL,0),(98,32354,'tv-series','ПЕРШИЙ: Герої середньої школи / Один: Герої старшої школи 1 сезон','ПЕРШИЙ: Герої середньої школи / Один: Герої старшої школи 1 сезон',NULL,NULL,NULL,NULL,NULL,1,'2026-02-09 15:23:42','2026-02-09 15:23:42',NULL,NULL,NULL,NULL,'2026-02-09 15:23:42',2025,NULL,'1080p','У світі, де школа перетворюється на арену жорстокості, а дім — на місце постійного тиску, Кім Ій-гьом — ідеальний учень, який роками стримував себе заради оцінок і мрії батька вивчити сина на лікаря. Він уникав конфліктів, терпів домашнє насильство від батька та мовчки спостерігав за шкільним булінгом. Але одного дня накопичена лють виривається назовні — і Ій-гьом відкриває в собі неймовірний, майже інстинктивний талант до бою.Його помічає Кан Юн-кі — хлопець із гострим розумом, відмінними навичками бою та власною травмою, пов’язаною з другом, якого довели до коми. Разом вони створюють таємну групу \"Герої старшої школи\" — хлопців у масках, які стають нічними месниками школи: знаходять жертв булінгу, карають кривдників і повертають відчуття безпеки тим, хто його втратив.',NULL,'https://uakino.best/uploads/mini/serial/a7/247c4350769b73b810a94a09d5c23a.jpg',NULL,NULL,NULL,NULL,NULL,NULL,NULL,NULL,NULL,NULL,NULL,NULL,NULL,NULL,0,0,0,NULL,NULL,NULL,NULL,0),(99,6189,'tv-series','Хтива Каліфорнія / Секс і Каліфорнія 3 сезон','Хтива Каліфорнія / Секс і Каліфорнія 3 сезон',NULL,NULL,NULL,NULL,NULL,1,'2026-02-09 15:23:45','2026-02-09 15:23:45',NULL,NULL,NULL,NULL,'2026-02-09 15:23:45',2009,NULL,'1080p','В даному серіалі мова головним чином піде про досить відомого письменника, в творчому житті якого, напевно як і у всіх інших відомих персон, які так чи інакше зв\'язали своє життя з мистецтвом і творчістю, настає період коли настає якась криза і домогтися чогось що приносило тобі успіх весь цей час стає практично складно і неможливо. Так і наш головний герой на ім\'я Хенк, переживає цей складний і нелегкий період у житті постійно зникаючи в якому-небудь популярному барі напиваючись і навіть вживаючи легкі наркотичні речовини. З жіночою статтю у хлопця все в порядку. Багато хто хоче провести ніч зі знаменитим письменником, але сам герой шалено любить свою колишню дружину, хоч і відчуває слабкість до гарних і привабливих дівчат. До того ж у нього є рідна дочка від якої він також без розуму. Чим здивує нас Хенк муді в 3 сезоні сералу Блудлива Каліфорнія?',NULL,'https://uakino.best/uploads/mini/serial/45/aa397d0750244b62e1ed62e5272fa7.jpg',NULL,NULL,NULL,NULL,NULL,NULL,NULL,NULL,NULL,NULL,NULL,NULL,NULL,NULL,0,0,0,NULL,NULL,NULL,NULL,0),(100,32566,'tv-series','Запекле суперництво 1 сезон','Запекле суперництво 1 сезон',NULL,NULL,NULL,NULL,NULL,1,'2026-02-09 15:23:48','2026-02-09 15:23:48',NULL,NULL,NULL,NULL,'2026-02-09 15:23:48',2025,NULL,'1080p','Цей серіал — емоційна спортивна драма про двох зірок великого хокею, Шейна Холландера та Іллю Розанова, яких з юності поєднують амбіції, жорстке суперництво й небезпечний потяг, що виходить далеко за межі льодової арени. Упродовж восьми років, виборюючи титули, славу й статус у Major League Hockey, Шейн та Ілля змушені вести іншу, не менш важку боротьбу — з власними страхами, очікуваннями суспільства та правилами спорту, який не залишає місця для слабкості. Їхні почуття знову й знову стикаються з кар’єрними рішеннями, травмами, тиском медіа й внутрішньою гомофобією світу професійного спорту, де будь-яка помилка може коштувати всього.',NULL,'https://uakino.best/uploads/mini/serial/19/b0ed8e76d78f790bc0a5e94ca00cfc.jpg',NULL,NULL,NULL,NULL,NULL,NULL,NULL,NULL,NULL,NULL,NULL,NULL,NULL,NULL,0,0,0,NULL,NULL,NULL,NULL,0),(101,32562,'tv-series','Палац із привидами 1 сезон','Палац із привидами 1 сезон',NULL,NULL,NULL,NULL,NULL,1,'2026-02-09 15:23:52','2026-02-09 15:23:52',NULL,NULL,NULL,NULL,'2026-02-09 15:23:52',2025,NULL,'1080p','Події розгортаються в королівському палаці часів династії Чосон, де вже багато років накопичувалася величезна кількість образ, проклять, несправедливо пролитої крові та неупокоєних душ. Саме в цей палац через підступну змову викликають надзвичайно могутнього і небезпечного мстивого духа — Пальчек-гві (проклятий дух, який пам’ятає всі кривди за останні кілька поколінь королівського роду).Але справжній вихор подій починається, коли в тіло звичайного, дещо незграбного, але дуже порядного палацового чиновника середньої ланки Юн Гапа вселяється імугі — величезна міфічна змія, яка вже тисячу років намагається стати драконом. Імугі абсолютно впевнений, що саме зараз у нього з’явиться остання можливість досягти мети… але для цього йому потрібне ідеальне людське тіло. Юн Гап, на жаль (або на щастя), виявляється саме таким ідеальним вмістилищем.',NULL,'https://uakino.best/uploads/mini/serial/94/919c44f669442dd309b12c0c261f9e.jpg',NULL,NULL,NULL,NULL,NULL,NULL,NULL,NULL,NULL,NULL,NULL,NULL,NULL,NULL,0,0,0,NULL,NULL,NULL,NULL,0),(102,8676,'tv-series','Добрий лікар / Хороший лікар 2 сезон','Добрий лікар / Хороший лікар 2 сезон',NULL,NULL,NULL,NULL,NULL,1,'2026-02-09 15:23:55','2026-02-09 15:23:55',NULL,NULL,NULL,NULL,'2026-02-09 15:23:55',2018,NULL,'1080p','Другий сезон американської адаптації корейського серіалу \"Хороший лікар\". У центрі уваги сюжету виявляється молодий лікар, що страждає від синдрому Саванта. Хлопець не поспішає заводити дружні і довірчі відносини, вважаючи за краще залишатися на самоті. Однак при своїй замкнутості і дивній поведінці герой володіє унікальною пам\'яттю, вмінням передбачати ситуації і прораховувати наперед ходи в тій чи іншій справі. Саме ці здібності, а також психологічна травма дитинства підштовхнули його на вибір медичної професії. Тепер Шон Мерфі працює в одній з провідних поліклінік, де спочатку в нього ніхто не вірив. Однак з часом головний персонаж не просто закріпився в колективі, але і знайшов собі приятелів, друзів і, здається, справжню любов, яка, на жаль, покинула його в кінці першого сезону. Засмучений таким ходом подій Шон мало не замкнувся знову, проте в черговий раз повернутися до нормального способу життя йому допоміг вірний друг, товариш і начальник, який протягом декількох років доглядав за героєм. Що ж нас чекає в другому сезоні? Чи повернеться в життя Шона велика любов? Які ще складності належить перенести молодому, але дуже талановитому хірургу?',NULL,'https://uakino.best/uploads/mini/serial/59/c2b7fab18c4d2c222bfc3804cb288d.jpg',NULL,NULL,NULL,NULL,NULL,NULL,NULL,NULL,NULL,NULL,NULL,NULL,NULL,NULL,0,0,0,NULL,NULL,NULL,NULL,0),(103,8944,'tv-series','Міст 1 сезон','Міст 1 сезон',NULL,NULL,NULL,NULL,NULL,1,'2026-02-09 15:23:58','2026-02-09 15:23:58',NULL,NULL,NULL,NULL,'2026-02-09 15:23:58',2011,NULL,'1080p','Через незрозумілі обставини на мосту, який з\'єднує Данію і Швецію, було відключено електрику. Як тільки ремонтники усунули неполадки, на території моста була виявлена ​​мертва жінка. Урядовці обох країн досить довго вирішували, хто ж повинен взяти на себе відповідальність за вбивство і зайнятися його розслідуванням. Зрештою, співробітники шведської поліції приступили до розслідування гучної справи, оскільки жертва злочину була відомою персоною в їх країні. Однак справа набуває моторошних обрисів після того, як з\'ясовується, що другою половиною трупа жінки є дівчина, що займається проституцією в Данії, яка була оголошена зниклою безвісти понад шість місяців тому. Через ці обставини до розслідування повинні приєднатися і співробітники органів з Данії. Тепер двом працівникам поліції з сусідніх держав належить об\'єднати свої зусилля, щоб знайти вбивцю, який вчинив такий дивний і страшний злочин.',NULL,'https://uakino.best/uploads/mini/serial/19/6c4c4b0c88767243ba0b4429390f1a.jpg',NULL,NULL,NULL,NULL,NULL,NULL,NULL,NULL,NULL,NULL,NULL,NULL,NULL,NULL,0,0,0,NULL,NULL,NULL,NULL,0),(104,14237,'tv-series','Згуба до ваших послуг 1 сезон','Згуба до ваших послуг 1 сезон',NULL,NULL,NULL,NULL,NULL,1,'2026-02-09 15:24:02','2026-02-09 15:24:02',NULL,NULL,NULL,NULL,'2026-02-09 15:24:02',2021,NULL,'1080p','Дон Кьон дізнається, що вона смертельно хвора і жити їй залишилося 100 днів. Першим відчуттям була страшенна ненависть до всього навколо. Тому, коли ввечері стався зорепад, дівчина викрикує своє бажання, щоб настав кінець світу. Тієї ж ночі до неї приходить дивний красень, який називається Згубою і запевняє, що здатен виконати її бажання. Згуба все своє існування ненавидів світ і мізерних людців, яких чомусь так люблять боги. Тепер він може здійснити власне бажання, а мріє він, щоб всі люди і їхній світ зникли без сліду.',NULL,'https://uakino.best/uploads/mini/serial/ff/d36360a863fa7fe55788e55382fdb4.jpg',NULL,NULL,NULL,NULL,NULL,NULL,NULL,NULL,NULL,NULL,NULL,NULL,NULL,NULL,0,0,0,NULL,NULL,NULL,NULL,0),(105,32309,'tv-series','Перехоплений рейс 2 сезон','Перехоплений рейс 2 сезон',NULL,NULL,NULL,NULL,NULL,1,'2026-02-09 15:24:05','2026-02-09 15:24:05',NULL,NULL,NULL,NULL,'2026-02-09 15:24:05',2026,NULL,'1080p','Два роки минуло після жахливого захоплення літака KA29. Корпоративний перемовник Сем Нельсон намагається жити звичайним життям, але доля знову кидає його в епіцентр кризи. Цього разу — не в небі, а під землею: у переповненому потязі берлінського метро (U-Bahn). Пасажири та екіпаж опиняються в заручниках, влада над землею в паніці намагається врятувати сотні життів, а Сем... виявляється сам у центрі подій. Один неправильний крок — і все може закінчитися катастрофою. Події розгортаються майже в реальному часі, напруга не спадає ні на хвилину, повно несподіваних поворотів, підозрілих персонажів і моральних дилем.',NULL,'https://uakino.best/uploads/mini/serial/79/a79351a1399363cceab5963afe4f62.jpg',NULL,NULL,NULL,NULL,NULL,NULL,NULL,NULL,NULL,NULL,NULL,NULL,NULL,NULL,0,0,0,NULL,NULL,NULL,NULL,0),(106,32388,'tv-series','Краса 1 сезон','Краса 1 сезон',NULL,NULL,NULL,NULL,NULL,1,'2026-02-09 15:24:08','2026-02-09 15:24:08',NULL,NULL,NULL,NULL,'2026-02-09 15:24:08',2026,NULL,'1080p','Світ високої моди перетворюється на кошмар, коли міжнародні супермоделі починають гинути за загадкових і моторошних обставин, руйнуючи ілюзію бездоганної краси, яку вони уособлювали. Для розслідування серії смертей до Парижа прибувають агенти ФБР Купер Медсен і Джордан Беннетт, і дуже швидко їхня справа виходить далеко за межі звичайного кримінального розслідування. Занурюючись у закулісся індустрії моди та світ технологічних еліт, вони виявляють існування вірусу, що передається статевим шляхом, і який здатен перетворювати звичайних людей на фізично досконалих істот, але ціна цієї досконалості виявляється жахливою та смертельною.',NULL,'https://uakino.best/uploads/mini/serial/a9/892b5dc8879eda22f1bd4217c0ef1f.jpg',NULL,NULL,NULL,NULL,NULL,NULL,NULL,NULL,NULL,NULL,NULL,NULL,NULL,NULL,0,0,0,NULL,NULL,NULL,NULL,0),(107,32349,'tv-series','Лицар сімох королівств 1 сезон','Лицар сімох королівств 1 сезон',NULL,NULL,NULL,NULL,NULL,1,'2026-02-09 15:24:12','2026-02-09 15:24:12',NULL,NULL,NULL,NULL,'2026-02-09 15:24:12',2026,NULL,'1080p','Серіал переносить глядача в епоху правління Таргарієнів, коли дракони вже давно зникли з неба, а спогади про них живуть лише в легендах і розповідях. Замість грандіозних війн за Залізний трон, інтриг Великих домів чи полум\'яних битв тут панує значно більш приземлений, особистий і часто гумористичний погляд на Вестерос. Головні герої — двоє мандрівників-аутсайдерів: високий, кремезний, дещо наївний і чесний до дурості лицар Сер Дункан Високий та його юний, розумний, але впертий і загадковий сквайр Еґґ. Їхня дружба, що народжується з випадкової зустрічі, стає серцем історії.Події зосереджуються на простих людях і нижчих лицарях (бідних, безземельних), на темах справжньої лицарської честі проти показної, класових контрастів, ідентичності та того, що означає бути справжнім лицарем у світі, де титули часто купуються, а не завойовуються.',NULL,'https://uakino.best/uploads/mini/serial/61/bd0d3d7492da2c1621e25c2b2470cb.jpg',NULL,NULL,NULL,NULL,NULL,NULL,NULL,NULL,NULL,NULL,NULL,NULL,NULL,NULL,0,0,0,NULL,NULL,NULL,NULL,0),(108,32437,'tv-series','Відсьогодні я людина 1 сезон','Відсьогодні я людина 1 сезон',NULL,NULL,NULL,NULL,NULL,1,'2026-02-09 15:24:15','2026-02-09 15:24:15',NULL,NULL,NULL,NULL,'2026-02-09 15:24:15',2026,NULL,'1080p','Серіал розповідає історію Юн-Хо — дивакуватої гуміхо, яка щиро насолоджується всіма принадами людського світу, але свідомо уникає добрих вчинків, аби зберегти своє безсмертя. Вона приймає вічну молодість як подарунок і живе легко та безтурботно, дозволяючи собі задоволення, розваги й спостереження за людьми з безпечної відстані, не обтяжуючи себе моральними виборами чи відповідальністю. Для Юн-Хо людське життя — яскрава сцена, на якій вона глядачка, а не учасниця.Її ідеально збалансоване існування руйнується після несподіваного інциденту, пов’язаного з Кан Сі Йолем — зірковим футболістом світового рівня, чий винятковий талант і приголомшлива самозакоханість зробили його улюбленцем публіки. Фатальна подія назавжди змінює долі обох, і Юн-Хо втрачає свою надприродну сутність, перетворюючись на звичайну людину. Вперше в житті вона змушена зіткнутися з крихкістю людського тіла, справжніми емоціями, болем, страхом і відповідальністю за власні рішення.',NULL,'https://uakino.best/uploads/mini/serial/55/60de64d836b2bc0cb150ad2b8a0985.jpg',NULL,NULL,NULL,NULL,NULL,NULL,NULL,NULL,NULL,NULL,NULL,NULL,NULL,NULL,0,0,0,NULL,NULL,NULL,NULL,0),(109,32162,'tv-series','Смілива і красива / Відчайдух і Красуня 1 сезон','Смілива і красива / Відчайдух і Красуня 1 сезон',NULL,NULL,NULL,NULL,NULL,1,'2026-02-09 15:24:18','2026-02-09 15:24:18',NULL,NULL,NULL,NULL,'2026-02-09 15:24:18',2016,NULL,'1080p','Одного разу Чесур повертається до рідного містечка, щоб виконати вкрай серйозну і небезпечну місію: помститися Тахсіну Корлудагу, який вбив його батька. Однак незабаром Чесур без пам\'яті закохується в Сюхан, чарівну дочку свого найлютішого ворога. Вона є успішною і незалежною дівчиною, яка працює над парфумерним брендом. Будучи відданою рідній родині, Сюхан не до кінця довіряє Чесуру, але поступово брехня і жахливі вчинки її батька розкриваються один за одним. Досить скоро Сюхан опиняється перед складним вибором між батьком і чоловіком, якого вона полюбила...',NULL,'https://uakino.best/uploads/mini/serial/fd/9b8abd38b3456b020348440e11f1b0.jpg',NULL,NULL,NULL,NULL,NULL,NULL,NULL,NULL,NULL,NULL,NULL,NULL,NULL,NULL,0,0,0,NULL,NULL,NULL,NULL,0),(110,30023,'tv-series','Високий потенціал 2 сезон','Високий потенціал 2 сезон',NULL,NULL,NULL,NULL,NULL,1,'2026-02-09 15:24:21','2026-02-09 15:24:21',NULL,NULL,NULL,NULL,'2026-02-09 15:24:21',2025,NULL,'1080p','Другий сезон занурює глядачів у нову хвилю небезпек і загадок, коли життя Морган перевертається після відкриття: її давно зниклий чоловік Роман виявляється живим. Таємничий злочинець, відомий як «Розробник ігор», починає свою смертельну гру, змушуючи Морган боротися не лише за правду, а й за безпеку власної родини. Нові злочини стають дедалі хитрішими та непередбачуваними, вимагаючи від неї надзвичайної кмітливості. Пліч-о-пліч із Каредеком і командою, Морган опиняється у вирі розслідувань, де кожен крок може стати пасткою, а кожна підказка — частиною великої гри.',NULL,'https://uakino.best/uploads/mini/serial/e1/11252f57147c379ae3221e85d04bca.png',NULL,NULL,NULL,NULL,NULL,NULL,NULL,NULL,NULL,NULL,NULL,NULL,NULL,NULL,0,0,0,NULL,NULL,NULL,NULL,0),(111,23507,'tv-series','Казка однієї ночі 1 сезон','Казка однієї ночі 1 сезон',NULL,NULL,NULL,NULL,NULL,1,'2026-02-09 15:24:25','2026-02-09 15:24:25',NULL,NULL,NULL,NULL,'2026-02-09 15:24:25',2024,NULL,'1080p','Події розгортаються навколо Махіра - успішного і рішучого комісара поліції, який відчайдушно прагне помститися за вбивство свого батька 20 років потому. Прагнучи відновити справедливість, головний герой повертається до свого рідного міста Денізлі, де він з першого погляду закохується в Кафезу - чарівну дівчину, яка веде кочовий спосіб життя. Відтоді Махір змушений балансувати між романтичними стосунками з Кафезою та власним прагненням до помсти, а його місія з пошуку вбивці батька швидко виходить з-під контролю через несподіваний і доленосний поворот.',NULL,'https://uakino.best/uploads/mini/serial/c2/70df6826d40953333ad6e9d64436f1.png',NULL,NULL,NULL,NULL,NULL,NULL,NULL,NULL,NULL,NULL,NULL,NULL,NULL,NULL,0,0,0,NULL,NULL,NULL,NULL,0),(112,32549,'tv-series','Космос: особиста подорож / Космос: персональна подорож 1 сезон','Космос: особиста подорож / Космос: персональна подорож 1 сезон',NULL,NULL,NULL,NULL,NULL,1,'2026-02-09 15:24:28','2026-02-09 15:24:28',NULL,NULL,NULL,NULL,'2026-02-09 15:24:28',1980,NULL,'HD 720p','Монументальний телевізійний проєкт, присвячений темі космосу, оповідачем в якому виступає знаменитий американський астроном і астрофізик Карл Саган. Він пояснює складні наукові терміни простою мовою, що в поєднанні з новаторськими на той момент спецефектами дозволяє краще зрозуміти роль і місце нашої планети в масштабах Всесвіту. Саган розповідає про походження життя на Землі, можливу подорож на Марс, склад атмосфери Венери, життя зірок, далекі космічні перельоти, наслідки досягнення швидкості світла та багато іншого.',NULL,'https://uakino.best/uploads/mini/serial/79/8a53c05379e888dc754b7593ffe28c.jpg',NULL,NULL,NULL,NULL,NULL,NULL,NULL,NULL,NULL,NULL,NULL,NULL,NULL,NULL,0,0,0,NULL,NULL,NULL,NULL,0),(113,8947,'tv-series','Міст 4 сезон','Міст 4 сезон',NULL,NULL,NULL,NULL,NULL,1,'2026-02-09 15:24:31','2026-02-09 15:24:31',NULL,NULL,NULL,NULL,'2026-02-09 15:24:31',2018,NULL,'1080p','Четвертий сезон детективної історії «Міст» продовжить розповідати про заплутані і неймовірно загадкові розслідування, якими доводиться займатися поліції відразу двох країн, а саме Швеції і Данії. Все це сталося через знайдений труп на мосту під назвою Орезунд. Саме там було знайдено тіло, яке знаходилося одною частиною на одній території країни, а другою частиною - на території іншої держави. Такий злий жарт змусив найкращі уми двох країн взятися за справу з неймовірною силою і небаченим бажанням докопатися до істини.',NULL,'https://uakino.best/uploads/mini/serial/3e/6c2be9e83ab827b81db516df97bfdf.jpg',NULL,NULL,NULL,NULL,NULL,NULL,NULL,NULL,NULL,NULL,NULL,NULL,NULL,NULL,0,0,0,NULL,NULL,NULL,NULL,0),(114,5609,'tv-series','Картковий будинок 2 сезон','Картковий будинок 2 сезон',NULL,NULL,NULL,NULL,NULL,1,'2026-02-09 15:24:35','2026-02-09 15:24:35',NULL,NULL,NULL,NULL,'2026-02-09 15:24:35',2014,NULL,'1080p','Амбіційний конгресмен від Демократичної партії Френк Андервуд в обмін на обіцянку зробити його держсекретарем допомагає Гаррету Уокеру стати президентом США. Однак після виборів глава адміністрації президента Лінда Васкез повідомляє Андервуду, що він не отримає посаду. Розлючені зрадою Френк і його дружина готові піти на все, щоб помститися новоспеченому президенту',NULL,'https://uakino.best/uploads/mini/serial/c4/f6320f466ab29065cc864592f610b9.jpg',NULL,NULL,NULL,NULL,NULL,NULL,NULL,NULL,NULL,NULL,NULL,NULL,NULL,NULL,0,0,0,NULL,NULL,NULL,NULL,0),(115,5608,'tv-series','Картковий будинок 1 сезон','Картковий будинок 1 сезон',NULL,NULL,NULL,NULL,NULL,1,'2026-02-09 15:24:38','2026-02-09 15:24:38',NULL,NULL,NULL,NULL,'2026-02-09 15:24:38',2013,NULL,'1080p','Амбіційний конгресмен від Демократичної партії Френк Андервуд в обмін на обіцянку зробити його держсекретарем допомагає Гаррету Уокеру стати президентом США. Однак після виборів глава адміністрації президента Лінда Васкез повідомляє Андервуду, що він не отримає посаду. Розлючені зрадою Френк і його дружина готові піти на все, щоб помститися новоспеченому президенту',NULL,'https://uakino.best/uploads/mini/serial/8c/9ef47fb80cca91dc7a72c2d6e91609.jpg',NULL,NULL,NULL,NULL,NULL,NULL,NULL,NULL,NULL,NULL,NULL,NULL,NULL,NULL,0,0,0,NULL,NULL,NULL,NULL,0),(116,6125,'tv-series','Під куполом 1 сезон','Під куполом 1 сезон',NULL,NULL,NULL,NULL,NULL,1,'2026-02-09 15:24:41','2026-02-09 15:24:41',NULL,NULL,NULL,NULL,'2026-02-09 15:24:41',2013,NULL,'1080p','Видалено на вимогу правовласників.\nВ один прекрасний день американське містечко Честер Міллз виявляється відрізаним від усього світу. Його накриває величезний купол, в який врізаються літаки і потім падають на землю. Силове поле відрізає руку садівнику жителі , які виїхали з міста не можуть потрапити назад додому, при зіткненні з куполом автомобілі миттєво вибухають. Люди по обидва боки від купола не можуть зрозуміти, звідки взявся цей силовий бар\'єр і що їм тепер робити ... Як далі розгортатимуться події дивіться онлайн у серіалі \"Під куполом\".',NULL,'https://uakino.best/uploads/mini/serial/5c/328e906923a1c25e47460b3cab52a4.jpg',NULL,NULL,NULL,NULL,NULL,NULL,NULL,NULL,NULL,NULL,NULL,NULL,NULL,NULL,0,0,0,NULL,NULL,NULL,NULL,0),(117,32552,'tv-series','Захистити айдола 1 сезон','Захистити айдола 1 сезон',NULL,NULL,NULL,NULL,NULL,1,'2026-02-09 15:24:45','2026-02-09 15:24:45',NULL,NULL,NULL,NULL,'2026-02-09 15:24:45',2025,NULL,'1080p','У центрі серіалу — Мен Се-на, блискуча й принципова адвокатка, відома як «адвокатка лиходіїв» через готовність братися за непопулярні кримінальні справи, що викликають різке неприйняття суспільства. Уже десять років вона таємно залишається відданою фанаткою айдол-гурту Gold Boys, приховуючи свою пристрасть за бездоганним професійним іміджем. Коли її кумир До Ра-ік — візуальний центр і головний вокаліст гурту — опиняється втягнутим у загадкову справу про вбивство, Се-на відкладає особисті почуття й стає його захисницею, поступово розплутуючи клубок небезпечних та несподіваних істин. За яскравою усмішкою До Ра-іка ховається глибока втома від сцени, яка колись була мрією, і від любові фанатів, що перетворилася на тягар...',NULL,'https://uakino.best/uploads/mini/serial/f5/ea7566910b06534245739ce01bfe12.jpg',NULL,NULL,NULL,NULL,NULL,NULL,NULL,NULL,NULL,NULL,NULL,NULL,NULL,NULL,0,0,0,NULL,NULL,NULL,NULL,0),(118,32551,'tv-series','Аяка закохана в Хіроко 2 сезон','Аяка закохана в Хіроко 2 сезон',NULL,NULL,NULL,NULL,NULL,1,'2026-02-09 15:24:48','2026-02-09 15:24:48',NULL,NULL,NULL,NULL,'2026-02-09 15:24:48',2025,NULL,'1080p','Минуло вже близько року з моменту, коли Аяка Усаїда нарешті зізналася в коханні та \"перемогла\" свого холодного, ідеального семпая Хіроко Кано. Тепер вони живуть разом у квартирі Хіроко. Але класична комедія непорозумінь нікуди не поділася — вона тільки посилилася.Хіроко, яка завжди була зразковою дорослою і дуже шанованою на роботі, перейшла в режим ультра-безмежного догляду. Вона так сильно боїться зробити щось не так, образити чи занадто швидко наблизитися до Аяки, що свідомо стримує себе фізично. Хіроко переконана: «Аяка ще молода, я повинна захищати її, не можна бути надто наполегливою, не можна її налякати». Тому вона постійно відкладає інтимну близькість, вигадує тисячу виправдань, надмірно піклується, готує, прибирає — але не переходить межу. Аяка ж, навпаки, відчуває себе впевнено і хоче поглибити стосунки. Вона не розуміє, чому Хіроко весь час гальмує, і починає інтерпретувати це по-своєму.',NULL,'https://uakino.best/uploads/mini/serial/10/aee64f3cb6050cfabf0bb87fe45029.jpg',NULL,NULL,NULL,NULL,NULL,NULL,NULL,NULL,NULL,NULL,NULL,NULL,NULL,NULL,0,0,0,NULL,NULL,NULL,NULL,0),(119,32550,'tv-series','Числа: Сторожові пси залізобетонних джунглів / Числа / Лічильник смертей 1 сезон','Числа: Сторожові пси залізобетонних джунглів / Числа / Лічильник смертей 1 сезон',NULL,NULL,NULL,NULL,NULL,1,'2026-02-09 15:24:51','2026-02-09 15:24:51',NULL,NULL,NULL,NULL,'2026-02-09 15:24:51',2023,NULL,'1080p','Події розвивається навколо Чан Хо-Ву — інтелігентного та амбітного хлопця, який отримав вищу освіту бухгалтера. Він має гостру пам\'ять, спостережливість і вроджене вміння працювати з цифрами, що дає Чану можливість отримати роботу мрії в престижній бухгалтерській корпорації. З ентузіазмом приступивши до роботи, Хо-Ву швидко стикається з корупцією і несправедливістю, які стали звичним явищем всередині колективу. Однак дуже скоро йому вдається знайти спосіб, як зупинити злочинні дії співробітників, але для цього необхідно повністю знищити одну з найбагатших і найуспішніших бухгалтерських компаній в Кореї.',NULL,'https://uakino.best/uploads/mini/serial/2a/93295109004aefae66291349039ce7.jpg',NULL,NULL,NULL,NULL,NULL,NULL,NULL,NULL,NULL,NULL,NULL,NULL,NULL,NULL,0,0,0,NULL,NULL,NULL,NULL,0),(120,6424,'tv-series','Герої 4 сезон','Герої 4 сезон',NULL,NULL,NULL,NULL,NULL,1,'2026-02-09 15:24:55','2026-02-09 15:24:55',NULL,NULL,NULL,NULL,'2026-02-09 15:24:55',2009,NULL,'1080p','Планета занурена у темряву в результаті повного затемнення. У багатьох людей в різних кінцях Землі відкриваються паранормальні здібності. Серед них індійський професор-генетик; школярка з команди підтримки; стриптизерка; злочинець, який ховається від правосуддя; талановитий художник; колишній поліцейський; юний японець ... Саме ці люди повинні врятувати від світової катастрофи нашу планету. Але чи встигнуть вони? Дивіться онлайн українською заключний сезон цього серіалу, що уже встиг полюбитись глядачам.',NULL,'https://uakino.best/uploads/mini/serial/78/6173d0a038a930cd5d451e6798d045.jpg',NULL,NULL,NULL,NULL,NULL,NULL,NULL,NULL,NULL,NULL,NULL,NULL,NULL,NULL,0,0,0,NULL,NULL,NULL,NULL,0),(121,31886,'anime-tv-series','Сьогодні Аска показує 1 сезон','Сьогодні Аска показує 1 сезон',NULL,NULL,NULL,NULL,NULL,1,'2026-02-09 15:25:00','2026-02-09 15:25:00',NULL,NULL,NULL,NULL,'2026-02-09 15:25:00',2012,NULL,'1080p','Це аніме представляє фрагменти з життя Аски, звичайної японської школярки, яка завжди потрапляє в жахливо незручні та незвичайні ситуації. Аска - дівчина, яка привертає увагу своїм унікальним і цікавим способом життя, і її вчинки змушують оточуючих ніяковіти і дивуватися. Дівчина виросла з батьком-фотографом, у якого свої незвичні моральні принципи, і навчилася робити те, що їй подобається, не звертаючи уваги на думку інших. Вона живе так, як їй хочеться, але її дії зі сторони часто виглядають дивними і провокаційними.',NULL,'https://uakino.best/uploads/mini/serial/e9/736dbfb046e5f1383aba64c148c91e.jpg',NULL,NULL,NULL,NULL,NULL,NULL,NULL,NULL,NULL,NULL,NULL,NULL,NULL,NULL,0,0,0,NULL,NULL,NULL,NULL,0),(122,32224,'anime-tv-series','Магічна битва 3 сезон','Магічна битва 3 сезон',NULL,NULL,NULL,NULL,NULL,1,'2026-02-09 15:25:03','2026-02-09 15:25:03',NULL,NULL,NULL,NULL,'2026-02-09 15:25:03',2026,NULL,'1080p','Після двох років очікування MAPPA повертається з адаптацією наймасштабнішої арки манґи Геге Акутамі — \"Гра на вибування\". Після катастрофи в Шібуї, де Годжьо Сатору був запечатаний у Тюремному царство, а Юджі Ітадорі оголошений смертний вирок, древній чаклун Кендзяку запускає смертельний турнір: по всій Японії з\'являються бар\'єри-колонії, де пробуджені чаклуни та прокляті духи змушені битися насмерть. Правила гри постійно змінюються, ставка — виживання всього людства, а бої стають ще жорстокішими, кривавішими та непередбачуванішими! Повертається Юта Оккоцу (з Магічної Битви: 0) як виконавець вироку Юджі — їхня сутичка обіцяє бути епічною! З\'являються нові монстри серед гравців: Хіґурума, Хакарі, Кашімо та інші, з унікальними техніками та доменами. Юджі, Меґумі, Юта та решта намагаються врятувати Годжьо, зупинити Кендзяку та вижити в цій \"королівській битві\" на стероїдах.',NULL,'https://uakino.best/uploads/mini/serial/6e/3016ff70d0eff0769c2aad724be40e.jpg',NULL,NULL,NULL,NULL,NULL,NULL,NULL,NULL,NULL,NULL,NULL,NULL,NULL,NULL,0,0,0,NULL,NULL,NULL,NULL,0),(123,28663,'anime-tv-series','Нізащо у світі я не стану твоєю коханою! Лише... 1 сезон','Нізащо у світі я не стану твоєю коханою! Лише... 1 сезон',NULL,NULL,NULL,NULL,NULL,1,'2026-02-09 15:25:06','2026-02-09 15:25:06',NULL,NULL,NULL,NULL,'2026-02-09 15:25:06',2025,NULL,'1080p','Ренака Амаорі залишає позаду свої незграбні й самотні роки в середній школі, твердо вирішивши стати звичайною дівчиною з типовими подругами у старшій школі. У різкому контрасті з нею — яскрава й упевнена в собі Май Одзука: заможна, товариська й справжня модель. Попри кардинальні відмінності, між дівчатами миттєво виникає зв’язок. Ренака вірить, що, можливо, нарешті знайшла свою найкращу подругу… аж поки романтичне зізнання Май не кидає її у вир сум’яття. Ренака твердо налаштована довести Май, що бути найкращими подругами — цінніше, ніж бути парою, але Май переконана: вони створені, щоб бути коханками. Хай почнуться любовні ігри!',NULL,'https://uakino.best/uploads/mini/serial/5f/f2f333c1876f59c8935799e5d66e40.jpg',NULL,NULL,NULL,NULL,NULL,NULL,NULL,NULL,NULL,NULL,NULL,NULL,NULL,NULL,0,0,0,NULL,NULL,NULL,NULL,0),(124,32583,'anime-tv-series','Відтворювачі 1 сезон','Відтворювачі 1 сезон',NULL,NULL,NULL,NULL,NULL,1,'2026-02-09 15:25:09','2026-02-09 15:25:09',NULL,NULL,NULL,NULL,'2026-02-09 15:25:09',2017,NULL,'HD 720p','Безліч прекрасних історій вийшло з-під пера людини. Іскрометна радість, глибокий смуток, бурхлива ненависть — всі ці яскраві емоції химерно переплітаються на їх сторінках. Історії пробуджують уяву, хвилюють почуття, зачаровують і приводять у захват. Так здається на перший погляд.Але що, якщо герої історії наділені власною волею? А ми, люди, для них — богоподібні створіння, творці, що дають життя їхнім світам і також легко скидають у небуття? Відтепер і наш світ змінився. Нехай здійсниться відплата в царстві безтурботних богів. Адже в новому світі кожен здатний стати Творцем.',NULL,'https://uakino.best/uploads/mini/serial/f7/f5b85aa3ea0b325ab2d5069c3bb6bb.jpg',NULL,NULL,NULL,NULL,NULL,NULL,NULL,NULL,NULL,NULL,NULL,NULL,NULL,NULL,0,0,0,NULL,NULL,NULL,NULL,0),(125,32582,'anime-tv-series','З Нового світу 1 сезон','З Нового світу 1 сезон',NULL,NULL,NULL,NULL,NULL,1,'2026-02-09 15:25:13','2026-02-09 15:25:13',NULL,NULL,NULL,NULL,'2026-02-09 15:25:13',2012,NULL,'HD 720p','Події розвиваються в далекому майбутньому, коли людська цивілізація пережила глобальні зміни. Сучасні люди живуть у нечисленних громадах, стародавні технології давно стали минулим, а таємнича сила дає людству можливість використовувати думки для видобутку спеціальної енергії. Цей світ є рідним домом для допитливої дівчини Сакі із заможної родини, яка одного дня разом зі своїми друзями знаходить загадкового робота. Дуже скоро Сакі та її приятелям вдається з\'ясувати, що робот містить інформацію про технології, якими користувалися люди тисячу років тому. Використовуючи отримані дані, Сакі дізнається про масштабний військовий конфлікт між екстрасенсами та людьми...',NULL,'https://uakino.best/uploads/mini/serial/68/39af3520c4ca3464b35f5a7967d4a5.jpg',NULL,NULL,NULL,NULL,NULL,NULL,NULL,NULL,NULL,NULL,NULL,NULL,NULL,NULL,0,0,0,NULL,NULL,NULL,NULL,0),(126,32261,'anime-tv-series','Пекельний рай 2 сезон','Пекельний рай 2 сезон',NULL,NULL,NULL,NULL,NULL,1,'2026-02-09 15:25:16','2026-02-09 15:25:16',NULL,NULL,NULL,NULL,'2026-02-09 15:25:16',2026,NULL,'1080p','Події відбуваються відразу після фіналу першого сезону: група вцілілих — ніндзя-убивця Габімару Пустий (який шукає Еліксир Безсмертя, щоб повернутися до коханої дружини), екзекуторка Ямада Азаемон Сагірі та рештки злочинців і вартових — прибувають до палацу Тенсен, де ховаються справжні таємниці острова Шінсенкьо. Це вже не просто острів з монстрами — це справжнє пекло з елементами раю, де панують безсмертні істоти, які змінюють тіла, регенерують і граються з життям та смертю. Сезон фокусується на арках Лорд Тенсен (завершення) та Хорай — тут розкривається повна глибина Tao (енергія життя/смерті), буддистські та даоські мотиви, спокута, втрата людяності та жахливі трансформації. Головні герої змушені об\'єднуватися з колишніми ворогами, стикатися з новими членами клану Ямада Азаемон, і боротися за можливість покинути острів.',NULL,'https://uakino.best/uploads/mini/serial/3e/7ed658726ac6ff47fcbe8aadf1db3b.jpg',NULL,NULL,NULL,NULL,NULL,NULL,NULL,NULL,NULL,NULL,NULL,NULL,NULL,NULL,0,0,0,NULL,NULL,NULL,NULL,0),(127,32362,'anime-tv-series','Той, хто стоїть нижче 1 сезон','Той, хто стоїть нижче 1 сезон',NULL,NULL,NULL,NULL,NULL,1,'2026-02-09 15:25:19','2026-02-09 15:25:19',NULL,NULL,NULL,NULL,'2026-02-09 15:25:19',2016,NULL,'1080p','У 21 столітті існує прихований світ людей з надприродними здібностями, які керують \"ци\" (енергією) і володіють унікальними техніками, що передаються з покоління в покоління. Звичайний студент Чжан Чу Лань 19 років ховав свій секрет від усіх. Але коли могилу його діда осквернили, а в його житті з\'явилася загадкова дівчина Фен Бао Бао — \"безсмертна\" з амнезією і ножем у руках, — усе змінилося. Чу Лань втягується в небезпечний світ \"Восьми дивних навичок\", таємних організацій, боїв на смерть, зрад і розкриття сімейних таємниць. Разом з Бао Бао вони подорожують Китаєм, стикаються з могутніми кланами і намагаються вижити в світі, де сила — це все, а чесність — рідкість.',NULL,'https://uakino.best/uploads/mini/serial/3f/2514f6ce9a82072c8319999114b7e8.jpg',NULL,NULL,NULL,NULL,NULL,NULL,NULL,NULL,NULL,NULL,NULL,NULL,NULL,NULL,0,0,0,NULL,NULL,NULL,NULL,0),(128,13323,'anime-tv-series','Атака титанів 1 сезон','Атака титанів 1 сезон',NULL,NULL,NULL,NULL,NULL,1,'2026-02-09 15:25:23','2026-02-09 15:25:23',NULL,NULL,NULL,NULL,'2026-02-09 15:25:23',2013,NULL,'1080p','Століття тому, на Землі сталося те, чого найбільше боялося людство. Нізвідки з\'явилися гіганти, вони мали великий зріст, але були бездумними. Величезних істот нарекли титанами. Вони трощили все, що траплялося на їхньому шляху, а на сніданок харчувалися людьми, які відчайдушно захищалися, вступаючи з ними в протистояння. Але всі спроби подолати людожерів виявилися марними. Титанів не могла знищити жодна високотехнологічна зброя XIX століття і ті, кому вдалося дивом вижити, вирішили звести три величезні стіни. Будівлі вийшли високоміцні та мали колосальну висоту. Монстри не могли пробитися крізь каміння та перелізти через огорожі. Незабаром люди заспокоїлися і почали вести мирне існування. Заради безпеки, населенням було створено спеціальний Легіон Розвідки, до якого відбиралися лише найкращі війни. Але солдати цілими днями лише байдикували і грали в кості, навіть не думаючи про битви, поки в їхніх лавах не з\'явився Ерен Єгер — син вченого, який зробив для міста чимало добрих справ. Хлопець не розумів, чому захисники сидять без діла, і не хочуть розчищати території від монстрів, щоб назавжди покінчити із ув\'язненням, яке робить їх схожими на худобу.',NULL,'https://uakino.best/uploads/mini/serial/7e/9d7cdaa3e5e077881974595944f907.png',NULL,NULL,NULL,NULL,NULL,NULL,NULL,NULL,NULL,NULL,NULL,NULL,NULL,NULL,0,0,0,NULL,NULL,NULL,NULL,0),(129,32183,'anime-tv-series','Щоденник з чужозем\'я 1 сезон','Щоденник з чужозем\'я 1 сезон',NULL,NULL,NULL,NULL,NULL,1,'2026-02-09 15:25:26','2026-02-09 15:25:26',NULL,NULL,NULL,NULL,'2026-02-09 15:25:26',2026,NULL,'1080p','Тридцятип\'ятирічна письменниця Макіо Кодай ніколи не підтримувала добрих стосунків зі своєю старшою сестрою Мінорі і залишилася байдужою, почувши новину про автокатастрофу, в якій загинули Мінорі та її чоловік. Під час процедури впізнання тіл Макіо зустрічає свою п\'ятнадцятирічну племінницю Асу Такумі, яку не бачила вже кілька років. Аса важко переживає смерть батьків, і Макіо, намагаючись втішити дівчинку, пропонує їй почати вести щоденник, щоб впоратися з втратою. Незабаром, дізнавшись, що інші родичі не бажають брати Асу під опіку, письменниця вирішує сама стати її опікуном, незважаючи на свою недосвідченість. Тепер їм доведеться навчитися жити разом, крок за кроком розбираючись у собі і своїх давніх образах.',NULL,'https://uakino.best/uploads/mini/serial/06/d56488b04e22bb7e82606f5a5826e1.jpg',NULL,NULL,NULL,NULL,NULL,NULL,NULL,NULL,NULL,NULL,NULL,NULL,NULL,NULL,0,0,0,NULL,NULL,NULL,NULL,0),(130,31970,'anime-tv-series','Ночі з котом 1 сезон','Ночі з котом 1 сезон',NULL,NULL,NULL,NULL,NULL,1,'2026-02-09 15:25:29','2026-02-09 15:25:29',NULL,NULL,NULL,NULL,'2026-02-09 15:25:29',2022,NULL,'1080p','Навіть якщо ти і не планував заводити кота, він може з\'явитися сам. Так сталося з героєм цієї історії Футою. Одного разу на порозі з\'явилася його молодша сестра разом з котом на ім\'я Кюруга і попросила доглянути за її вихованцем. До цього Фута не мав справ з муркотливими пухнастиками, тому присутність в будинку живої істоти зі своєю індивідуальністю для нього в новинку. Однак встояти перед чарівністю кошаків не здатний ніхто, так що тепер Фута з подивом і захопленням спостерігає за звичками і примхами великого сірого пустуна!',NULL,'https://uakino.best/uploads/mini/serial/a1/02ea259ae92f5ace1bc58d4d58af47.jpg',NULL,NULL,NULL,NULL,NULL,NULL,NULL,NULL,NULL,NULL,NULL,NULL,NULL,NULL,0,0,0,NULL,NULL,NULL,NULL,0),(131,32277,'anime-tv-series','Яскравий сутінковий місяць / Сяйво вечірнього місяця 1 сезон','Яскравий сутінковий місяць / Сяйво вечірнього місяця 1 сезон',NULL,NULL,NULL,NULL,NULL,1,'2026-02-09 15:25:33','2026-02-09 15:25:33',NULL,NULL,NULL,NULL,'2026-02-09 15:25:33',2026,NULL,'1080p','Сюжет зосереджується на Йої Такігучі — старшокласниці з андрогінною, по-хлоп’ячому привабливою зовнішністю та спокійною, стриманою вдачею, через яку однокласниці обожнюють її й прозивають «принцом школи». Для більшості Йої є недосяжним ідеалом, але для неї самої ця увага давно стала буденністю: вона не прагне захоплення, не грає жодної ролі й просто живе звичайним шкільним життям, намагаючись залишатися осторонь чужих очікувань. Усе змінюється в момент, коли на її шляху з’являється Кохаку Ічімура — ще один «принц», але зовсім іншого типу, імпульсивний, прямолінійний і абсолютно не схожий на образ ідеального хлопця, який від нього очікують.Кохаку поводиться так, ніби правила й умовності для нього не існують: він говорить те, що думає, і робить те, що хоче. Саме тому його слова, кинуті майже мимохідь, вражають Йої сильніше, ніж будь-яке захоплення з боку однокласниць. Він називає її красивою не як «принца», не як ікону, а як дівчину — і цей простий жест збиває Йої з пантелику. Вперше хтось дивиться на неї не крізь призму вигаданого образу, а бачить справжню її, змушуючи відчути незнайоме хвилювання й внутрішню розгубленість.',NULL,'https://uakino.best/uploads/mini/serial/bc/1e3de26df20dbfcca417c5b6a886dc.jpg',NULL,NULL,NULL,NULL,NULL,NULL,NULL,NULL,NULL,NULL,NULL,NULL,NULL,NULL,0,0,0,NULL,NULL,NULL,NULL,0),(132,30695,'anime-tv-series','Викривлений Дивокрай Анімація 1 сезон','Викривлений Дивокрай Анімація 1 сезон',NULL,NULL,NULL,NULL,NULL,1,'2026-02-09 15:25:36','2026-02-09 15:25:36',NULL,NULL,NULL,NULL,'2026-02-09 15:25:36',2025,NULL,'1080p','Старшокласник на ім\'я Юкен одного разу потрапляє в Найт Рейвен Коледж — славетну магічну академію, що складається з семи гуртожитків. Раптово опинившись в іншому світі, Юкен разом з монстром Грімом, якого він зустрів в академії, відправляється в гуртожиток Харстабьюл. Там він дізнається, що староста Ріддл, прозваний «Червоним Тираном», залізною рукою править студентами, змушуючи їх беззаперечно дотримуватися законів Червоної Королеви. Чому Ріддл став таким деспотом, одержимим правилами? Зустріч з Юкеном і Грімом назавжди змінить долю студентів, скутих цими законами.',NULL,'https://uakino.best/uploads/mini/serial/0e/5a7e133b20baf96139999dcda24fc5.jpg',NULL,NULL,NULL,NULL,NULL,NULL,NULL,NULL,NULL,NULL,NULL,NULL,NULL,NULL,0,0,0,NULL,NULL,NULL,NULL,0),(133,28613,'anime-tv-series','Ватарі вже на межі 1 сезон','Ватарі вже на межі 1 сезон',NULL,NULL,NULL,NULL,NULL,1,'2026-02-09 15:25:39','2026-02-09 15:25:39',NULL,NULL,NULL,NULL,'2026-02-09 15:25:39',2025,NULL,'1080p','Два роки тому смерть батьків Наото Ватарі залишила його єдиним опікуном своєї молодшої сестри Сузусіро «Сузу» Ватарі і змусила переїхати до їхньої тітки. Він настільки відданий Сузу, що відмовляється вступати до клубів і навіть спілкуватися з іншими людьми, через що отримує глузливі коментарі та прізвисько «сіскон» у новій школі. Але поки Сузу в безпеці і щаслива, Наото байдуже, що кажуть інші.Втім, глузливі однокласники можуть виявитися найменшою з його турбот. Раптове переведення дівчини на ім\'я Сацукі Тачібана пробуджує травматичні спогади з його минулого - минулого, до якого вона доклала руку, щоб зробити його таким неприємним. Деякі таємниці, невідомі Наото, починають спливати на поверхню з її приїздом, загрожуючи його новому життю.',NULL,'https://uakino.best/uploads/mini/serial/3a/e40a34d061f046b5ba6b7bf4ccd471.jpg',NULL,NULL,NULL,NULL,NULL,NULL,NULL,NULL,NULL,NULL,NULL,NULL,NULL,NULL,0,0,0,NULL,NULL,NULL,NULL,0),(134,32267,'anime-tv-series','Каєчка не страшна 1 сезон','Каєчка не страшна 1 сезон',NULL,NULL,NULL,NULL,NULL,1,'2026-02-09 15:25:43','2026-02-09 15:25:43',NULL,NULL,NULL,NULL,'2026-02-09 15:25:43',2026,NULL,'1080p','У дитячому садку маленька Кая мала репутацію вкрай проблемної дитини: вона постійно билася, галасувала, ображала інших дітей, та й загалом постійно потрапляла в найдивніші ситуації. А дорослі навіть не підозрювали, що все це відбувалося не просто так.Одного разу нова вихователька зрозуміла, що дивна поведінка дівчинки — лише спроба захистити інших від того, про що вони не мають ні найменшого уявлення. З малих років Кая бачить істот, прихованих від звичайних людей — злих духів і привидів, які намагаються нашкодити оточуючим. І щоразу, кидаючись у бійку, маленька героїня бореться з істотами, про які навіть дорослі воліли б ніколи не дізнаватися.',NULL,'https://uakino.best/uploads/mini/serial/5a/a8cad8c1f460f842d155ee9da6065e.jpg',NULL,NULL,NULL,NULL,NULL,NULL,NULL,NULL,NULL,NULL,NULL,NULL,NULL,NULL,0,0,0,NULL,NULL,NULL,NULL,0),(135,32491,'anime-tv-series','Четверо братів Юдзукі 1 сезон','Четверо братів Юдзукі 1 сезон',NULL,NULL,NULL,NULL,NULL,1,'2026-02-09 15:25:46','2026-02-09 15:25:46',NULL,NULL,NULL,NULL,'2026-02-09 15:25:46',2023,NULL,'1080p','Аніме розповідає історію чотирьох братів Юдзукі, змушених рано подорослішати після втрати батьків. У центрі оповіді — старший брат Хаято, який, попри власну молодість, бере на себе роль опікуна й фактичного глави родини, поєднуючи роботу з відповідальністю за молодших. Другий брат Мікото вирізняється спокійним, стриманим характером і внутрішньою зрілістю, часто стаючи тихою опорою для інших, тоді як енергійний і прямолінійний Мінато переживає втрату емоційно, не завжди вміючи приховати свій біль. Наймолодший Ґакуто, на диво серйозний і мудрий для свого віку, надає історії особливої ніжності, демонструючи, як навіть дитина може намагатися тримати сім’ю разом. Історія не зосереджується на гучних драматичних подіях, натомість уважно й делікатно показує буденне життя братів: спільні сніданки, дрібні сварки, шкільні клопоти, фінансові труднощі та моменти тиші, у яких найгостріше відчувається відсутність батьків.',NULL,'https://uakino.best/uploads/mini/serial/7e/5fc787a1bce0b7e6fdb794b64590d7.jpg',NULL,NULL,NULL,NULL,NULL,NULL,NULL,NULL,NULL,NULL,NULL,NULL,NULL,NULL,0,0,0,NULL,NULL,NULL,NULL,0),(136,28591,'anime-tv-series','Пекельний вчитель Нубе 1 сезон','Пекельний вчитель Нубе 1 сезон',NULL,NULL,NULL,NULL,NULL,1,'2026-02-09 15:25:49','2026-02-09 15:25:49',NULL,NULL,NULL,NULL,'2026-02-09 15:25:49',2025,NULL,'1080p','У маленькому містечку Доморі регулярно відбуваються жахливі надприродні події, за якими стоять злі духи, демони і навіть інопланетяни. На щастя місцевих жителів, у них є захисник - молодий і на перший погляд нічим не примітний шкільний учитель Мейсуке Нуено, він же Нубе. У його лівій руці запечатаний могутній демон, що служить чудовою зброєю в боротьбі проти будь-яких істот з потойбічних світів. Чоловік щосили намагається поєднувати свій обов\'язок екзорциста і професію вчителя, небайдужого до проблем своїх учнів.',NULL,'https://uakino.best/uploads/mini/serial/7f/269b0c0f6607e7091b5a9af42f5040.jpg',NULL,NULL,NULL,NULL,NULL,NULL,NULL,NULL,NULL,NULL,NULL,NULL,NULL,NULL,0,0,0,NULL,NULL,NULL,NULL,0),(137,14623,'anime-tv-series','Експерименти Лейн 1 сезон','Експерименти Лейн 1 сезон',NULL,NULL,NULL,NULL,NULL,1,'2026-02-09 15:25:53','2026-02-09 15:25:53',NULL,NULL,NULL,NULL,'2026-02-09 15:25:53',1998,NULL,'1080p','Ніколи не знаєш, як повернеться життя наступної хвилини. Лейн, героїня серіалу, відчула це у повною мірою. Ще вчора непомітна сіра мишка, «синя панчоха» для всіх, занурюється з головою у вир подій.Початком послужила жахлива трагедія – дівчина з паралельного класу раптово наклала на себе руки. З цього моменту життя Лейн перестало бути колишнім. Їй доводиться зіткнутися із віртуальною реальністю світової Мережі. Як зрозуміти, де проходить тонка межа між життям наяву та уявою? Чи вистачить сил дівчинці не переступити межу, яка буде початком кінця?Їй доведеться докласти чимало зусиль, інакше реальність буде сумною: бандитів, котрі вбивають невинних людей, не зупинить ніщо.',NULL,'https://uakino.best/uploads/mini/serial/38/807664831f3bb99d6c7cfa4d948323.jpg',NULL,NULL,NULL,NULL,NULL,NULL,NULL,NULL,NULL,NULL,NULL,NULL,NULL,NULL,0,0,0,NULL,NULL,NULL,NULL,0),(138,32159,'anime-tv-series','Засуджений бути героєм 1 сезон','Засуджений бути героєм 1 сезон',NULL,NULL,NULL,NULL,NULL,1,'2026-02-09 15:25:56','2026-02-09 15:25:56',NULL,NULL,NULL,NULL,'2026-02-09 15:25:56',2026,NULL,'1080p','У похмурому світі темного фентезі, де людство веде безнадійну війну проти армій Короля Демонів, «героєм» бути — найгірше покарання, навіть гірше за смерть. Найтяжчих злочинців не страчують, а засуджують до обов’язкової служби в якості «героїв»: їх кидають на передову, де вони борються з монстрами, що поширюють заразу та перетворюють усе живе на маріонеток хаосу. Якщо герой гине — його воскрешають, щоб битися знову, а за невдачі чекає тортура, від якої смерть здається милістю.Головний герой — Ксіло Форбарц, колишній командир Ордену Святих Лицарів, засуджений за вбивство богині. Холоднокровний, розважливий і смертельно ефективний у бою, він очолює 9004-й загін покарання — банду відчайдухів, злочинців і вигнанців, яких суспільство вважає одноразовим м’ясом. Ксіло не шукає спокути: його мета — вижити й помститися тим, хто його підставив. Але все змінюється, коли він укладає контракт із новою богинею Теоріттою — загадковою, наївною, але неймовірно потужною істотою, яка вимагає... похвали та погладжування по голові за кожну перемогу. Разом із різношерстою командою покарання героїв Ксіло поринає в криваві битви, політичні інтриги імперії та таємниці богів.',NULL,'https://uakino.best/uploads/mini/serial/83/9f53244da0034263b26dae0ca77512.jpg',NULL,NULL,NULL,NULL,NULL,NULL,NULL,NULL,NULL,NULL,NULL,NULL,NULL,NULL,0,0,0,NULL,NULL,NULL,NULL,0),(139,32190,'anime-tv-series','З друзями дитинства романтична комедія не виходить 1 сезон','З друзями дитинства романтична комедія не виходить 1 сезон',NULL,NULL,NULL,NULL,NULL,1,'2026-02-09 15:25:59','2026-02-09 15:25:59',NULL,NULL,NULL,NULL,'2026-02-09 15:25:59',2026,NULL,'1080p','Старшокласник Ейю має проблему: його дві подруги дитинства, Шіо та Акарі, виросли надто милими та привабливими. Він починає дивитися на них не просто як на друзів, а з романтичними та дорослими почуттями, але боїться, що якщо вони дізнаються — це буде жахливо незручно. Ейю впевнений, що реальне життя не може бути як у типових ромкомах (романтичних комедіях), де все закінчується хепі-ендом з подругами дитинства. Він навіть не здогадується, що Шіо та Акарі теж мають свої таємниці та почуття... Виникає заплутаний любовний трикутник з купою комічних ситуацій, незручностей і класичних ромком-тропів, які головний герой вперто ігнорує.',NULL,'https://uakino.best/uploads/mini/serial/e3/34e29b3fe6c6cafee2f6aeae4c0470.jpg',NULL,NULL,NULL,NULL,NULL,NULL,NULL,NULL,NULL,NULL,NULL,NULL,NULL,NULL,0,0,0,NULL,NULL,NULL,NULL,0),(140,32256,'anime-tv-series','Триґан: Мрійник / Тріґан Зорегляд 1 сезон','Триґан: Мрійник / Тріґан Зорегляд 1 сезон',NULL,NULL,NULL,NULL,NULL,1,'2026-02-09 15:26:02','2026-02-09 15:26:02',NULL,NULL,NULL,NULL,'2026-02-09 15:26:02',2026,NULL,'1080p','Події розгортаються через 2,5 роки після катастрофи Загубленого Джулаю. Ваш Панікер, легендарний «Гуманоїдний тайфун», який заприсягся ніколи не вбивати, живе тихо під ім\'ям Ерікс, намагаючись уникнути минулого. Але серія крадіжок Плент (життєво важливих енергетичних істот) сигналізує про повернення його брата-близнюка, який прагне повного знищення людства. SOS-сигнал витягує Ваша назад у бій, де йому доведеться зіткнутися з новими загрозами, зрадою, болем існування та фінальною конфронтацією з братом. Паралельно розвивається лінія Меріл Страйф — вже старшої журналістки, яка разом із новою напарницею Міллі Томпсон (що повертається з оригінальної манґи та старого аніме 1998 року) продовжує пошуки Ваша. Одного дня вони стикаються з Ніколасом Д. Вулфвудом, який також був втягнутий у навколишній хаос.',NULL,'https://uakino.best/uploads/mini/serial/c7/f9735606f3d4296944a9b6ee3b023f.jpg',NULL,NULL,NULL,NULL,NULL,NULL,NULL,NULL,NULL,NULL,NULL,NULL,NULL,NULL,0,0,0,NULL,NULL,NULL,NULL,0),(141,32573,'anime-tv-series','Вінець грiхiв 1 сезон','Вінець грiхiв 1 сезон',NULL,NULL,NULL,NULL,NULL,1,'2026-02-09 15:26:06','2026-02-09 15:26:06',NULL,NULL,NULL,NULL,'2026-02-09 15:26:06',2011,NULL,'HD 720p','У Токіо 2039 року, через десятиліття після вірусу, що охопив країну, названого пізніше «Апокаліпсис», все знаходиться під контролем багатонаціональної організації GHQ, яка проводить досліди в галузі генної інженерії. Сю Ома — звичайний школяр у перехідному віці, з людьми не особливо ладнає, хоча мріє завести друзів і перестати бути таким невдахою.Одного разу він зустрічає Інорі, яка бере участь у групі опору «Гробовщики», члени якої пілотують меха-зброю для боротьби з урядовим беззаконням. За збігом обставин в нього вливається один з трьох «геномів порожнечі», що дозволяє використовувати «силу короля» — можливість витягувати зброю і предмети з людей, силу, яка допоможе змінити світ і життя навколо.',NULL,'https://uakino.best/uploads/mini/serial/70/7274d0db9e3cfb337384c56f25a753.jpg',NULL,NULL,NULL,NULL,NULL,NULL,NULL,NULL,NULL,NULL,NULL,NULL,NULL,NULL,0,0,0,NULL,NULL,NULL,NULL,0),(142,32332,'anime-tv-series','Фрірен: після кінця пригоди 2 сезон','Фрірен: після кінця пригоди 2 сезон',NULL,NULL,NULL,NULL,NULL,1,'2026-02-09 15:26:09','2026-02-09 15:26:09',NULL,NULL,NULL,NULL,'2026-02-09 15:26:09',2026,NULL,'1080p','Подолавши перші етапи осмислення втрати та плинності часу, Фрірен разом із Ферн і Старком вирушає далі на північ, у землі, де магія стає небезпечнішою, а спогади про минулі війни з демонами ще не зникли. Цей етап мандрів зосереджується не стільки на великих битвах, скільки на зіткненні різних світоглядів, на випробуванні зрілості учнів і на тому, як минулі рішення відлунюють у теперішньому, навіть через десятиліття й століття.Сезон розширює уявлення про магічний світ, заглиблюючись у структуру магічних іспитів, складні взаємини між магами та ціну сили, здобутої без розуміння людських емоцій. Фрірен, яка колись безтурботно дивилася на життя смертних, дедалі частіше опиняється перед ситуаціями, що змушують її переосмислювати власну відстороненість і відповідальність перед тими, хто живе значно менше. Паралельно Ферн проходить шлях утвердження як самостійної чарівниці, а Старк стикається з тінню героїчного минулого, намагаючись зрозуміти, ким він є без легенд і очікувань.',NULL,'https://uakino.best/uploads/mini/serial/30/5c3eef3321a2a2859953a7a7b3dca4.jpg',NULL,NULL,NULL,NULL,NULL,NULL,NULL,NULL,NULL,NULL,NULL,NULL,NULL,NULL,0,0,0,NULL,NULL,NULL,NULL,0),(143,17773,'anime-tv-series','Віолета Еверґарден 1 сезон','Віолета Еверґарден 1 сезон',NULL,NULL,NULL,NULL,NULL,1,'2026-02-09 15:26:12','2026-02-09 15:26:12',NULL,NULL,NULL,NULL,'2026-02-09 15:26:12',2018,NULL,'1080p','Орланд намагався допомогти своїй дружині впоратися з прогресуючою хворобою. Жінка день у день втрачала зір, що позначалося на її настрої та бажанні жити і радіти життю. Головний герой, заручившись останніми досягненнями науки, вирішує створити машину, яка чимось нагадує людину. Робот допоможе дружині подолати проблеми зору. Лялька, що автоматично все запам\'ятовує, стала не просто домашнім помічником Орланда, але й зацікавила представників великих компаній. Несподівано головному герою прийшла пропозиція щодо масового виробництва подібних пристроїв. Роботи вдосконалювалися: їм подарували нові можливості, наділили привабливою зовнішністю та створили майже повноцінну копію людини. Несподівано робот починає вести себе не так, як машина з прописаними командами. Здається, у Вайолет з\'являється те, чого не може бути у робота – душа.',NULL,'https://uakino.best/uploads/mini/serial/37/35255386da2049cedcc1300b3c173c.jpg',NULL,NULL,NULL,NULL,NULL,NULL,NULL,NULL,NULL,NULL,NULL,NULL,NULL,NULL,0,0,0,NULL,NULL,NULL,NULL,0),(144,32564,'anime-tv-series','Тебе викликають, Азазелю. 2 сезон','Тебе викликають, Азазелю. 2 сезон',NULL,NULL,NULL,NULL,NULL,1,'2026-02-09 15:26:16','2026-02-09 15:26:16',NULL,NULL,NULL,NULL,'2026-02-09 15:26:16',2013,NULL,'1080p','Другий сезон продовжує пригоди детективного агентства Акутабе, де він використовує демонів для розв’язання дивних, часто кривавих і абсурдних справ клієнтів. Азазель, Вельзевул та інші демони знову стають жертвами жорстоких «тренувань» і покарань від Акутабе, а Сакума намагається хоч якось контролювати ситуацію (і себе). Сезон зберігає формат коротких епізодів-історій, але стає ще більш шаленим: більше чорного гумору, ще брутальніші покарання демонів, пародії на детективні кліше, японську поп-культуру, аніме-тропи та навіть елементи горору.',NULL,'https://uakino.best/uploads/mini/serial/ec/070d03184da6d40fc49e0190279546.jpg',NULL,NULL,NULL,NULL,NULL,NULL,NULL,NULL,NULL,NULL,NULL,NULL,NULL,NULL,0,0,0,NULL,NULL,NULL,NULL,0),(145,32565,'anime','Проджект Секай! Міку, яка не може співати / Проєкт «Світ»: Зламаний світ і Міку, яка не може співати','Проджект Секай! Міку, яка не може співати / Проєкт «Світ»: Зламаний світ і Міку, яка не може співати',NULL,NULL,NULL,NULL,NULL,0,'2026-02-09 15:26:17','2026-02-09 15:26:18',NULL,NULL,NULL,NULL,'2026-02-09 15:26:17',2025,NULL,'1080p','Міку з’являється в «зламаному», пошкодженому світі (SEKAI), і вона фізично не може нормально співати — її пісні не досягають сердець людей, не передають емоції, звучать як шум або зовсім не доходять до слухачів. Вона відчуває глибоку самотність і біль через свою нездатність виконувати свою головну функцію — бути голосом почуттів.Випадково (або не зовсім) вона зустрічає Ічіка Хошіно з гурту Leo/need, талановиту школярку-музикантку, яка вміє входити в SEKAI та передавати свої емоції через музику. Ічіка бачить, як сильно Міку страждає, і разом зі своїми друзями та іншими особами з різних підрозділів гри намагається допомогти цій «зламаній» Міку знайти свій справжній голос, зрозуміти, що значить співати від серця і заново навчитися з’єднувати людей через музику.',NULL,'https://uakino.best/uploads/mini/poster/00/1dd02e467d123fbad0c28efbcaa3b3.jpg','1 год 45 хв',NULL,NULL,NULL,NULL,NULL,NULL,NULL,NULL,NULL,NULL,NULL,NULL,NULL,0,0,0,NULL,NULL,NULL,NULL,0),(146,26896,'anime-tv-series','Драґонболл Зет 1 сезон','Драґонболл Зет 1 сезон',NULL,NULL,NULL,NULL,NULL,1,'2026-02-09 15:26:21','2026-02-09 15:26:21',NULL,NULL,NULL,NULL,'2026-02-09 15:26:21',1989,NULL,'1080p','Через п\'ять років після закінчення епічних подій «Драґонболл» Сон Ґоку зустрічається зі своїми друзями, приводячи з собою чотирирічного сина Ґохана для знайомства. Син Гохан не схожий на свого батька; він радше схильний вчитися, ніж воювати. Тим часом Радіц, воїн з космосу, приземляється на Землю в пошуках людини на ім\'я «Какаротто». Він виявляється Радіцом з роду Сайяджин, старшим братом Какаротто! А Какаротто виявляється сином Ґоку! Чи зможуть Ґоку та Воїни Зет витримати натиск двох інших Саяджинів, що прибули на Землю?',NULL,'https://uakino.best/uploads/mini/serial/64/16f7405105d75d98e6d8755cae973a.jpg',NULL,NULL,NULL,NULL,NULL,NULL,NULL,NULL,NULL,NULL,NULL,NULL,NULL,NULL,0,0,0,NULL,NULL,NULL,NULL,0),(147,25993,'anime-tv-series','Доля/Дивна Підробка 1 сезон','Доля/Дивна Підробка 1 сезон',NULL,NULL,NULL,NULL,NULL,1,'2026-02-09 15:26:24','2026-02-09 15:26:24',NULL,NULL,NULL,NULL,'2026-02-09 15:26:24',2024,NULL,'1080p','Після завершення третьої Війни за Грааль американська організація магів, відмінна від лондонської Асоціації магів, використала дані Війни за Грааль у Фуюкі, щоб спланувати власний ритуал. Сімдесят років потому вони використали місто Сноуфілд як Священну Землю для своєї власної Війни за Грааль. Однак не змогли успішно відтворити кожен аспект ритуалу, в результаті чого він став лише імітацією, яка втратила клас Шаблі і дозволила викликати дивних Слуг через розмитість визначення «героя». Ронґалл і його учень Фалдей були відправлені Асоціацією Магів дослідити місто і стан війни. Фалдей, шпигун американської організації, вбиває Ронґалла одразу після прибуття, незважаючи на те, що знає, що Ронґалл - маріонетка. Він заявляє, що їхня війна за Святий Грааль була в розробці і є реальною, викликаючи переполох на Годинниковій вежі, і що він хоче «прорекламувати» проєкт Асоціації.',NULL,'https://uakino.best/uploads/mini/serial/46/d343643920cb4f5adeb5a811c2bae5.jpg',NULL,NULL,NULL,NULL,NULL,NULL,NULL,NULL,NULL,NULL,NULL,NULL,NULL,NULL,0,0,0,NULL,NULL,NULL,NULL,0),(148,16120,'anime-tv-series','Світанкова Йона 1 сезон','Світанкова Йона 1 сезон',NULL,NULL,NULL,NULL,NULL,1,'2026-02-09 15:26:28','2026-02-09 15:26:28',NULL,NULL,NULL,NULL,'2026-02-09 15:26:28',2014,NULL,'1080p','Японський багатосерійний мультфільм навіяний мотивами, властивими фентезі і є розповіддю про мінливе життя казкової принцеси.До свого шістнадцятиріччя Коука Йона мала все – турботу батька-імператора, гарні вбрання, дорогі прикраси та перспективу зайняти трон. А її коханий, Су Вон, був завжди поруч і, як здається, почуття юнака та дівчини були взаємні. Цю ідилію не могли зруйнувати навіть настирливі дії охоронця принцеси Сон Хака – цей пильний сторож був завжди з дівчиною, щоб вона не робила.Але незабаром, у день народження принцеси, сталося страшне. Су Вона засліпила жага до влади, і він вбиває Імператора – батька своєї коханої. Дівчині нічого не залишається, як вдатись до втечі, взявши з собою тільки вірного Сон Хака...',NULL,'https://uakino.best/uploads/mini/serial/44/a8ec35542cece11dd442137922dc50.jpg',NULL,NULL,NULL,NULL,NULL,NULL,NULL,NULL,NULL,NULL,NULL,NULL,NULL,NULL,0,0,0,NULL,NULL,NULL,NULL,0),(149,27119,'anime-tv-series','Полум\'яні вогнеборці 3 сезон','Полум\'яні вогнеборці 3 сезон',NULL,NULL,NULL,NULL,NULL,1,'2026-02-09 15:26:31','2026-02-09 15:26:31',NULL,NULL,NULL,NULL,'2026-02-09 15:26:31',2025,NULL,'1080p','Шінра та його команда ось-ось розкриють найбільшу таємницю світу: самозаймання. Завдяки експедиції за межі території токійської імперії, вилазці в Незер восьмий загін зміг зміцнити взаємозв\'язок з іншими загонами та токійською імперською армією. Проте вороги також не сидять на місці і влаштували пастку для Шінри та команди. Чи зможуть наші герої визволити свого капітана та впоратися зі зрадниками? Це ми побачимо в третій та заключній частині аніме.',NULL,'https://uakino.best/uploads/mini/serial/4b/66b787addf6daf5aa0d9222123fc6d.jpg',NULL,NULL,NULL,NULL,NULL,NULL,NULL,NULL,NULL,NULL,NULL,NULL,NULL,NULL,0,0,0,NULL,NULL,NULL,NULL,0),(150,30637,'anime-tv-series','Тоджіма хоче стати Замаскованим Райдером 1 сезон','Тоджіма хоче стати Замаскованим Райдером 1 сезон',NULL,NULL,NULL,NULL,NULL,1,'2026-02-09 15:26:34','2026-02-09 15:26:34',NULL,NULL,NULL,NULL,'2026-02-09 15:26:34',2025,NULL,'1080p','З самого дитинства я, Тандзабуро Тодзіма, всім серцем любив Камен Райдера. Він завжди був для мене... єдиним героєм – орієнтиром! Сильний, завжди на сторожі добра, в його серці горить справедливість! Він бореться на благо всього світу! І з самого дитинства я хотів стати таким, як він... і віра в нього завжди давала мені сили бути тим, ким я хотів – захисником справедливості. Ось тільки подорослішавши, я усвідомив, що ніяким Каменом Райдером мені не стати, і його злих ворогів шокерів теж не існує, але я все одно готую своє тіло до бою. І нарешті до 40 років я вирішив покінчити з фанатством – тому що я холостяк, і якщо помру, то залишиться один мерч, який викинуть у смітник. Але низка дивних подій з грабіжниками, які косплеїли шокерів з далекого тв-шоу кінця 70-х, повернули мені віру в те, що я здатний стати тим, хто кине виклик злочинності і несправедливості в цій прогнилій країні!',NULL,'https://uakino.best/uploads/mini/serial/da/58e154e660c5843a5359667881f6ef.jpg',NULL,NULL,NULL,NULL,NULL,NULL,NULL,NULL,NULL,NULL,NULL,NULL,NULL,NULL,0,0,0,NULL,NULL,NULL,NULL,0),(151,30413,'anime-tv-series','Гносія 1 сезон','Гносія 1 сезон',NULL,NULL,NULL,NULL,NULL,1,'2026-02-09 15:26:38','2026-02-09 15:26:38',NULL,NULL,NULL,NULL,'2026-02-09 15:26:38',2025,NULL,'1080p','У далекому майбутньому людство освоїло космос — і водночас пробудило щось, що не піддається розумінню. Гнозії — істоти, які вміють ідеально наслідувати людей, брехати, маніпулювати й знищувати свої жертви, стираючи їх із самої реальності.Коли екіпаж космічного корабля стикається з цією невидимою загрозою, починається боротьба за виживання. Не знаючи, хто серед них ворог, герої ухвалюють жорстоке рішення — занурювати підозрюваних у «холодний сон» один за одним, сподіваючись позбутися Гнозій. Але що, якщо серед вигнанців — невинні? Поступово довіра руйнується, а межа між людиною і чудовиськом стирається.',NULL,'https://uakino.best/uploads/mini/serial/b2/a8a6d3d647790eb63d0866a28c6c25.jpg',NULL,NULL,NULL,NULL,NULL,NULL,NULL,NULL,NULL,NULL,NULL,NULL,NULL,NULL,0,0,0,NULL,NULL,NULL,NULL,0),(152,32284,'anime-tv-series','У повному розквіті для тебе 1 сезон','У повному розквіті для тебе 1 сезон',NULL,NULL,NULL,NULL,NULL,1,'2026-02-09 15:26:41','2026-02-09 15:26:41',NULL,NULL,NULL,NULL,'2026-02-09 15:26:41',2026,NULL,'1080p','Мідзукі Асія тимчасово живе з батьками в Америці. Одного разу по телевізору вона натрапляє на передачу з рідної Японії — змагання зі стрибків у висоту. Її уяву вражає один зі спортсменів, хлопчик її віку — Ідзумі Сано. Мідзукі запалюється мрією зустрітися з ним, просить батьків відпустити її до Японії і переводиться до школи, де навчається Ідзумі. Але батьки Мідзукі й не підозрюють, що школа, де зібралася навчатися їхня дочка, приймає тільки хлопчиків. А мешканці закритої школи для хлопчиків не здогадуються про те, що новий учень, який вступив до них, насправді симпатична дівчинка.',NULL,'https://uakino.best/uploads/mini/serial/ff/88f60678609357decd10e637931a2b.jpg',NULL,NULL,NULL,NULL,NULL,NULL,NULL,NULL,NULL,NULL,NULL,NULL,NULL,NULL,0,0,0,NULL,NULL,NULL,NULL,0),(153,28319,'anime-tv-series','Мобільна броня Ґандам: Залізнокровні сироти 1 сезон','Мобільна броня Ґандам: Залізнокровні сироти 1 сезон',NULL,NULL,NULL,NULL,NULL,1,'2026-02-09 15:26:44','2026-02-09 15:26:44',NULL,NULL,NULL,NULL,'2026-02-09 15:26:44',2015,NULL,'1080p','Через 300 років після великого конфлікту між Землею і Марсом, відомого як «Війна лиха», жінка на ім\'я Куделія вирушає в подорож на Землю, щоб виступити за незалежність марсіанського міста Хриза, яке перебуває під контролем земного уряду. Її супроводжують члени приватної охоронної компанії CGS Мікадзукі Огус та Орга Іцука. Коли на CGS і Куделію нападає угруповання під назвою Г\'яллархорн, Орґа вбачає в цьому шанс повстати проти CGS і здійснити переворот. Мікадзукі та Орґа опиняються втягнуті в новий конфлікт. Щоб відбитися від Г\'яллархорна, Мікадзукі використовує старий мобільний костюм часів Війни Катастроф, що працює на ядерному реакторі - «Гандам Барбатос».',NULL,'https://uakino.best/uploads/mini/serial/c8/32a9b2e4112f035a49fdde21c1062a.png',NULL,NULL,NULL,NULL,NULL,NULL,NULL,NULL,NULL,NULL,NULL,NULL,NULL,NULL,0,0,0,NULL,NULL,NULL,NULL,0),(154,32171,'anime-tv-series','Секірей 1 сезон','Секірей 1 сезон',NULL,NULL,NULL,NULL,NULL,1,'2026-02-09 15:26:48','2026-02-09 15:26:48',NULL,NULL,NULL,NULL,'2026-02-09 15:26:48',2008,NULL,'1080p','Двадцятирічний Сахаши Мінато вже другий рік живе в Токіо і не може вступити до коледжу. У чому ж справа? Адже батьки Мінато – вчені, та й сам він начебто не дурний? А справа в характері – хлопець слабкий в колінах, будь-який стрес одразу вибиває його з колії. І ось на такого «героя мимоволі» з неба, як зазвичай, падає наївна красуня Мусубі, яка радісно оголошує, що вона «секірей» – супервоїн, створений таємничою організацією, і що 108 таких, як вона, повинні вступити в «королівську битву», в кінці якої залишиться, зрозуміло, тільки один. Кожен з воїнів повинен вибрати собі «асікабі» - людину, яка може повністю розкрити його (або її) потенціал і підвищити шанси на кінцеву перемогу. Оскільки талант асікабі досить рідкісний, то до пори воїни можуть утворювати цілі комуни, групуючись навколо одного обранця. Так все і почалося...',NULL,'https://uakino.best/uploads/mini/serial/89/fa07c3635feeda7fd4e327aa40bdf6.jpg',NULL,NULL,NULL,NULL,NULL,NULL,NULL,NULL,NULL,NULL,NULL,NULL,NULL,NULL,0,0,0,NULL,NULL,NULL,NULL,0),(155,32199,'anime-tv-series','Тамоне, який ти зараз? 1 сезон','Тамоне, який ти зараз? 1 сезон',NULL,NULL,NULL,NULL,NULL,1,'2026-02-09 15:26:51','2026-02-09 15:26:51',NULL,NULL,NULL,NULL,'2026-02-09 15:26:51',2026,NULL,'1080p','Старшокласниця Утаге Кіносіта живе думками про улюбленого айдола. Здається, тільки вчора Тамон Фукухара проходив прослуховування, а ось два роки по тому він зірка популярної айдол-групи F/ACЕ, яка окупувала всі екрани країни.Одного разу Утаге, яка підробляє прибиранням квартир, довелося вийти на заміну хворого колеги. За іронією долі, її новим клієнтом виявився той самий Тамон... або його друга версія. Депресивний, похмурий, тривожний і зовсім не схожий на того грайливого і запального співака, якому Утаге поклоняється вже не перший рік. Віддану фанатку такий образ не збентежив — тепер на ній місія не дати Тамону схибити перед іншими прихильницями.',NULL,'https://uakino.best/uploads/mini/serial/00/bb5fdf05192c3aae22b36a84751912.jpg',NULL,NULL,NULL,NULL,NULL,NULL,NULL,NULL,NULL,NULL,NULL,NULL,NULL,NULL,0,0,0,NULL,NULL,NULL,NULL,0),(156,13232,'anime-tv-series','Ван Піс / Великий куш 1 сезон','Ван Піс / Великий куш 1 сезон',NULL,NULL,NULL,NULL,NULL,1,'2026-02-09 15:26:54','2026-02-09 15:26:54',NULL,NULL,NULL,NULL,'2026-02-09 15:26:54',1999,NULL,'1080p','Монкі Д.Луффі очолює веселу команду, яка займається пошуками скарбів, що колись належали легендарному королю піратів на прізвисько Золотий Роджер. Серед шукачів скарбів ці скарби відомі як «Ван Піс». Монкі досить молодий і трохи нерозважливий, що не заважає йому бути капітаном піратського корабля. Його підлеглі, як і сам Монкі, колись покуштували чарівних фруктів, які дарували їм незвичайні здібності. Таких людей називають фруктовиками. У команді у юного капітана багато цікавих та своєрідних учасників. Мечник Ророноа Зоро, який чудово володіє зброєю.Штурманка Намі, яка все своє дитинство провела в полоні, де чудово навчилася складати карти, оскільки тільки цим і займалася. Несправний брехун Усоппа. Корабельний кухар Санджі, здатний створити воістину кулінарний шедевр із будь-яких підручних інгредієнтів. До цих персонажів згодом приєднаються не менш дивовижні герої. Серед них будуть маленьке лосеня Тоні Чоппер, живий скелет на ім\'я Брук та інші. Пригоди капітана Монкі та його команди насичені битвами з морськими чудовиськами, виявленням загадкових островів. Намаганням заволодіти легендарними скарбами юному капітану заважатимуть пірати з усього світу, які бажають знайти «Ван Піс».',NULL,'https://uakino.best/uploads/mini/serial/7b/985bbb916fcaef85d0ebbb42b96d98.jpg',NULL,NULL,NULL,NULL,NULL,NULL,NULL,NULL,NULL,NULL,NULL,NULL,NULL,NULL,0,0,0,NULL,NULL,NULL,NULL,0),(157,26247,'anime-tv-series','Макросс Фронтір 1 сезон','Макросс Фронтір 1 сезон',NULL,NULL,NULL,NULL,NULL,1,'2026-02-09 15:26:58','2026-02-09 15:26:58',NULL,NULL,NULL,NULL,'2026-02-09 15:26:58',2008,NULL,'1080p','Людство, будучи поставленим перед загрозою знищення від рук інопланетних прибульців - Зентреді, висилає флоти колонізаційних кораблів у космос з метою реалізувати місію із забезпечення власного майбутнього. В одному з таких флотів під назвою «Макрос Фронтир» життя старшокласника Саотоме Альто назавжди змінюється, коли флот неочікувано атакують невідомі істоти, якраз у той час, коли він проводить показовий виступ на концерті надзвичайно популярного поп-ідола Шеріл Ноум.Загони прибульців сіють руйнування і хаос; і в Альто, щоб захистити Ранку Лі - молоду дівчину, яку він зустрів лише кількома годинами раніше, не залишається іншого вибору, окрім як зайняти місце загиблого пілота в кабіні новітнього бойового юніта.',NULL,'https://uakino.best/uploads/mini/serial/6c/810624cb17414fec15b58829ddc603.jpg',NULL,NULL,NULL,NULL,NULL,NULL,NULL,NULL,NULL,NULL,NULL,NULL,NULL,NULL,0,0,0,NULL,NULL,NULL,NULL,0),(158,32560,'anime-tv-series','Навіки мій Санта! 1 сезон','Навіки мій Санта! 1 сезон',NULL,NULL,NULL,NULL,NULL,1,'2026-02-09 15:27:01','2026-02-09 15:27:01',NULL,NULL,NULL,NULL,'2026-02-09 15:27:01',2005,NULL,'HD 720p','Головний герой — старшокласник на ім’я Санта, хлопець, який народився 24 грудня. З дитинства його день народження завжди губився в тіні Різдва: батьки ніколи не влаштовували йому свято, всі навколо святкували, а він залишався осторонь. Через це Санта виріс з глибокою неприязню до Різдва — для нього це просто день, коли весь світ радіє, а він почувається самотнім і забутим.Чергового разу увечері 24 грудня, коли Санта, як завжди, похмуро сидів удома, перед ним раптово з’явилася чарівна дівчина Май. Вона представляється ученицею «Академії Санта-Клаусів» — справжньою стажеркою Санти. Май заявляє, що її завдання — зробити так, щоб саме цього року Санта провів найкраще Різдво в своєму житті, повірив у дива, у любов і в те, що свято може бути щирим і для нього теж. Вона готова використовувати всі свої магічні здібності, щоб повернути йому віру в Різдво.',NULL,'https://uakino.best/uploads/mini/serial/ac/81a92814040e9f7b3b89289336d511.jpg',NULL,NULL,NULL,NULL,NULL,NULL,NULL,NULL,NULL,NULL,NULL,NULL,NULL,NULL,0,0,0,NULL,NULL,NULL,NULL,0),(159,32300,'anime-tv-series','Дитина Улюбленця 3 сезон','Дитина Улюбленця 3 сезон',NULL,NULL,NULL,NULL,NULL,1,'2026-02-09 15:27:04','2026-02-09 15:27:04',NULL,NULL,NULL,NULL,'2026-02-09 15:27:04',2026,NULL,'1080p','Після подій попереднього сезону історія зосереджується на новому етапі професійного шляху Акви та Рубі, де кожен успіх має приховану ціну, а минуле дедалі наполегливіше вимагає відповідей. Аква все ближче підходить до розгадки таємниці, яка визначила його життя, водночас балансуючи між акторською кар’єрою і холодним прагненням помсти, тоді як Рубі, охоплена бажанням сяяти на сцені, поступово стикається з жорстокою реальністю ідол-культури, що здатна зламати навіть найщиріші мрії. Нові проєкти, публічні скандали, внутрішні конфлікти та зіткнення з системою, яка безжально використовує людей, змушують героїв переосмислити власні ролі — не лише на сцені, а й у житті.',NULL,'https://uakino.best/uploads/mini/serial/25/4e70a8a12205b19ce01364a0487353.jpg',NULL,NULL,NULL,NULL,NULL,NULL,NULL,NULL,NULL,NULL,NULL,NULL,NULL,NULL,0,0,0,NULL,NULL,NULL,NULL,0),(160,32191,'anime-tv-series','Офісник в ісекаї: Справи Іншого Світу залежать від Корпоративного Раба 1 сезон','Офісник в ісекаї: Справи Іншого Світу залежать від Корпоративного Раба 1 сезон',NULL,NULL,NULL,NULL,NULL,1,'2026-02-09 15:27:08','2026-02-09 15:27:08',NULL,NULL,NULL,NULL,'2026-02-09 15:27:08',2026,NULL,'1080p','29-річний Сейічіро Кондо — типовий корпоративний раб, бухгалтер, виснажений роботою. Одного дня він намагається врятувати дівчину, яку затягує в магічний портал, і сам опиняється в іншому світі — королівстві Рома. Там викликали святу діву, щоб отримати спасіння від чуми, але Сейічіро теж потрапив \"за компанію\".Та герой не просить влади чи пригод — одразу вимагає роботу! Його призначають у королівський відділ бухгалтерії, де він з ентузіазмом реформує хаос. Але в процесі Кондо випиває тонік від втоми, який для нього (без магічної стійкості) має несподіваний побічний ефект... І щоб врятувати життя, йому доводиться зблизитися з холодним красенем-капітаном лицарів Арешем Індраком.',NULL,'https://uakino.best/uploads/mini/serial/1f/36573a9a4327527fcd7b72d1deabaf.jpg',NULL,NULL,NULL,NULL,NULL,NULL,NULL,NULL,NULL,NULL,NULL,NULL,NULL,NULL,0,0,0,NULL,NULL,NULL,NULL,0);
UNLOCK TABLES;

CREATE TABLE files_storage (
  file_id INT UNSIGNED NOT NULL,

  status ENUM('new','in_progress','done','failed') NOT NULL DEFAULT 'new',
  attempts INT NOT NULL DEFAULT 0,

  source_master_url VARCHAR(2048) NOT NULL,

  -- куда положили в R2 (префикс папки)
  r2_prefix VARCHAR(255) NOT NULL,          -- например: "files/116"
  r2_master_key VARCHAR(255) NOT NULL,      -- например: "files/116/index.m3u8"

  -- полезные счетчики/диагностика
  last_error TEXT,
  started_at DATETIME NULL,
  finished_at DATETIME NULL,

  -- опционально: можно хранить “карту качеств” или сырой master
  qualities_json JSON NULL,

  PRIMARY KEY (file_id),
  KEY idx_status_started (status, started_at),
  CONSTRAINT fk_files_storage_file
    FOREIGN KEY (file_id) REFERENCES files(id) ON DELETE CASCADE
);


SET FOREIGN_KEY_CHECKS = 1;